contract_no,contract_serial,contract_type,contract_status_no,state,out_date,out_time,in_date,in_time,days,out_milage,in_milage,milage_changed,vehicle_id,is_status_5,matches_cancelled_flag
402,404,C,2,closed,"2011-08-29 00:00:00",20:55:00,"2011-08-29 00:00:00",20:55:00,,15700,15710,yes,1536,no,"FALSE POSITIVE (status 2)"
323,325,C,2,closed,"2011-10-27 00:00:00",19:45:00,"2011-10-27 00:00:00",19:45:00,4,800,1000,yes,1559,no,"FALSE POSITIVE (status 2)"
351,353,C,5,closed,"2011-11-02 00:00:00",19:19:25,"2011-11-02 00:00:00",19:19:25,0,137600,0,yes,1535,yes,matches
446,448,C,5,closed,"2011-12-01 00:00:00",23:40:30,"2011-12-01 00:00:00",23:40:30,4,1400,2000,yes,1564,yes,matches
550,552,C,5,closed,"2012-01-06 00:00:00",17:21:53,"2012-01-06 00:00:00",17:21:53,0,32500,0,yes,1547,yes,matches
598,600,C,5,closed,"2012-01-18 00:00:00",23:16:05,"2012-01-18 00:00:00",23:16:05,0,21800,0,yes,1541,yes,matches
596,598,C,5,closed,"2012-01-18 00:00:00",18:34:30,"2012-01-18 00:00:00",18:34:30,0,21800,0,yes,1541,yes,matches
595,597,C,5,closed,"2012-01-18 00:00:00",12:44:33,"2012-01-18 00:00:00",12:44:33,0,21500,21800,yes,1541,yes,matches
650,652,C,5,closed,"2012-02-05 00:00:00",18:43:12,"2012-02-05 00:00:00",18:43:12,0,145500,0,yes,1535,yes,matches
693,695,C,5,closed,"2012-02-21 00:00:00",13:41:37,"2012-02-21 00:00:00",13:41:37,0,214000,0,yes,1531,yes,matches
711,713,C,5,closed,"2012-02-26 00:00:00",20:35:00,"2012-02-26 00:00:00",20:35:00,0,8000,0,yes,1569,yes,matches
722,724,C,5,closed,"2012-03-01 00:00:00",17:25:00,"2012-03-01 00:00:00",17:25:00,0,56500,0,yes,1567,yes,matches
736,738,C,5,closed,"2012-03-06 00:00:00",12:35:39,"2012-03-06 00:00:00",12:35:39,0,32800,0,yes,1542,yes,matches
748,750,C,5,closed,"2012-03-08 00:00:00",21:38:14,"2012-03-08 00:00:00",21:38:14,0,9550,0,yes,1564,yes,matches
858,860,C,5,closed,"2012-04-17 00:00:00",20:40:21,"2012-04-17 00:00:00",20:40:21,0,208700,0,yes,1530,yes,matches
1127,1129,C,5,closed,"2012-07-29 00:00:00",18:58:00,"2012-07-29 00:00:00",18:58:00,0,19300,0,yes,1554,yes,matches
1231,1233,C,5,closed,"2012-09-10 00:00:00",11:43:48,"2012-09-10 00:00:00",11:43:48,0,28400,0,yes,1541,yes,matches
1234,1236,C,5,closed,"2012-09-11 00:00:00",13:40:00,"2012-09-11 00:00:00",13:40:00,0,34701,34800,yes,1553,yes,matches
1295,1296,C,5,closed,"2012-10-10 00:00:00",22:50:11,"2012-10-10 00:00:00",22:50:11,0,15600,0,yes,1561,yes,matches
1317,1318,C,5,closed,"2012-10-18 00:00:00",18:59:04,"2012-10-18 00:00:00",18:59:04,0,19600,0,yes,1565,yes,matches
1315,1316,C,5,closed,"2012-10-18 00:00:00",18:43:32,"2012-10-18 00:00:00",18:43:32,0,15700,0,yes,1565,yes,matches
1327,1328,C,5,closed,"2012-10-22 00:00:00",13:17:12,"2012-10-22 00:00:00",13:17:12,0,34500,0,yes,1568,yes,matches
1333,1334,C,5,closed,"2012-10-23 00:00:00",20:16:49,"2012-10-23 00:00:00",20:16:49,0,14100,0,yes,1555,yes,matches
1339,1340,C,5,closed,"2012-10-25 00:00:00",18:08:35,"2012-10-25 00:00:00",18:08:35,0,20000,20200,yes,1562,yes,matches
1391,1392,C,5,closed,"2012-11-17 00:00:00",23:18:00,"2012-11-17 00:00:00",23:18:00,0,36700,0,yes,1551,yes,matches
1394,1395,C,5,closed,"2012-11-20 00:00:00",18:05:00,"2012-11-20 00:00:00",18:05:00,0,24600,0,yes,1538,yes,matches
1406,1407,C,5,closed,"2012-11-24 00:00:00",16:39:16,"2012-11-24 00:00:00",16:39:16,0,31600,0,yes,1560,yes,matches
1425,1426,C,5,closed,"2012-12-04 00:00:00",12:30:00,"2012-12-04 00:00:00",12:30:00,0,41600,0,yes,1541,yes,matches
1450,1451,C,5,closed,"2012-12-15 00:00:00",20:50:47,"2012-12-15 00:00:00",20:50:47,0,32200,0,yes,1534,yes,matches
1467,1468,C,5,closed,"2012-12-22 00:00:00",22:23:07,"2012-12-22 00:00:00",22:23:07,0,30200,0,yes,1545,yes,matches
1482,1483,C,5,closed,"2012-12-27 00:00:00",20:08:52,"2012-12-27 00:00:00",20:08:52,0,37400,0,yes,1547,yes,matches
1516,1517,C,5,closed,"2013-01-12 00:00:00",14:30:00,"2013-01-12 00:00:00",14:30:00,0,50800,0,yes,1535,yes,matches
1535,1536,C,5,closed,"2013-01-21 00:00:00",16:35:37,"2013-01-21 00:00:00",16:35:37,0,42800,0,yes,1543,yes,matches
1540,1541,C,5,closed,"2013-01-24 00:00:00",17:58:23,"2013-01-24 00:00:00",17:58:23,0,20900,0,yes,1540,yes,matches
1548,1549,C,5,closed,"2013-01-26 00:00:00",20:26:56,"2013-01-26 00:00:00",20:26:56,0,54900,0,yes,1535,yes,matches
1553,1554,C,5,closed,"2013-01-27 00:00:00",18:55:00,"2013-01-27 00:00:00",18:55:00,0,24500,0,yes,1563,yes,matches
1557,1558,C,5,closed,"2013-01-28 00:00:00",20:56:09,"2013-01-28 00:00:00",20:56:09,0,50400,0,yes,1563,yes,matches
1561,1562,C,5,closed,"2013-01-30 00:00:00",10:24:17,"2013-01-30 00:00:00",10:24:17,0,43700,0,yes,1540,yes,matches
1584,1585,C,5,closed,"2013-02-05 00:00:00",20:20:15,"2013-02-05 00:00:00",20:20:15,0,42400,0,yes,1551,yes,matches
1581,1582,C,5,closed,"2013-02-05 00:00:00",13:22:21,"2013-02-05 00:00:00",13:22:21,0,45400,0,yes,1561,yes,matches
1694,1695,C,5,closed,"2013-03-10 00:00:00",13:08:02,"2013-03-10 00:00:00",13:08:02,0,54850,0,yes,1535,yes,matches
1772,1773,C,5,closed,"2013-03-29 00:00:00",16:47:31,"2013-03-29 00:00:00",16:47:31,0,13900,0,yes,1551,yes,matches
1793,1794,C,5,closed,"2013-04-04 00:00:00",18:04:22,"2013-04-04 00:00:00",18:04:22,0,20200,0,yes,1556,yes,matches
1790,1791,C,5,closed,"2013-04-04 00:00:00",11:49:52,"2013-04-04 00:00:00",11:49:52,0,53100,0,yes,1540,yes,matches
1809,1810,C,5,closed,"2013-04-08 00:00:00",10:38:49,"2013-04-08 00:00:00",10:38:49,0,21300,0,yes,1545,yes,matches
1824,1825,C,5,closed,"2013-04-13 00:00:00",21:16:09,"2013-04-13 00:00:00",21:16:09,0,4000,0,yes,1581,yes,matches
1834,1835,C,5,closed,"2013-04-17 00:00:00",12:29:53,"2013-04-17 00:00:00",12:29:53,0,17200,0,yes,1558,yes,matches
1842,1843,C,5,closed,"2013-04-20 00:00:00",11:14:36,"2013-04-20 00:00:00",11:14:36,0,45800,0,yes,1554,yes,matches
1875,1876,C,5,closed,"2013-05-02 00:00:00",16:01:37,"2013-05-02 00:00:00",16:01:37,0,50500,0,yes,1543,yes,matches
1903,1904,C,5,closed,"2013-05-12 00:00:00",20:25:54,"2013-05-12 00:00:00",20:25:54,0,31700,0,yes,1570,yes,matches
1900,1901,C,5,closed,"2013-05-12 00:00:00",12:19:11,"2013-05-12 00:00:00",12:19:11,0,49900,0,yes,1551,yes,matches
1909,1910,C,5,closed,"2013-05-14 00:00:00",21:22:04,"2013-05-14 00:00:00",21:22:04,0,30100,0,yes,1548,yes,matches
1925,1926,C,5,closed,"2013-05-20 00:00:00",16:03:27,"2013-05-20 00:00:00",16:03:27,0,41,0,yes,1584,yes,matches
1939,1940,C,5,closed,"2013-05-23 00:00:00",22:17:37,"2013-05-23 00:00:00",22:17:37,0,15200,0,yes,1539,yes,matches
1972,1973,C,5,closed,"2013-06-03 00:00:00",20:04:39,"2013-06-03 00:00:00",20:04:39,0,6900,0,yes,1577,yes,matches
1980,1981,C,5,closed,"2013-06-06 00:00:00",19:19:41,"2013-06-06 00:00:00",19:19:41,0,75600,0,yes,1568,yes,matches
1997,1998,C,5,closed,"2013-06-10 00:00:00",21:32:13,"2013-06-10 00:00:00",21:32:13,0,47790,0,yes,1558,yes,matches
2007,2008,C,5,closed,"2013-06-13 00:00:00",18:53:44,"2013-06-13 00:00:00",18:53:44,0,71658,0,yes,1534,yes,matches
2037,2038,C,5,closed,"2013-06-22 00:00:00",21:45:46,"2013-06-22 00:00:00",21:45:46,0,8268,0,yes,1580,yes,matches
2047,2048,C,5,closed,"2013-06-25 00:00:00",19:52:32,"2013-06-25 00:00:00",19:52:32,0,70997,0,yes,1538,yes,matches
2056,2057,C,5,closed,"2013-06-28 00:00:00",23:30:00,"2013-06-28 00:00:00",23:30:00,0,12456,0,yes,1577,yes,matches
2066,2067,C,5,closed,"2013-06-29 00:00:00",19:27:44,"2013-06-29 00:00:00",19:27:44,0,51023,0,yes,1565,yes,matches
2063,2064,C,5,closed,"2013-06-29 00:00:00",18:53:51,"2013-06-29 00:00:00",18:53:51,0,56900,0,yes,1540,yes,matches
2091,2092,C,5,closed,"2013-07-07 00:00:00",10:29:08,"2013-07-07 00:00:00",10:29:08,0,23180,0,yes,1572,yes,matches
2104,2105,C,5,closed,"2013-07-09 00:00:00",13:03:29,"2013-07-09 00:00:00",13:03:29,0,53459,0,yes,1539,yes,matches
2118,2119,C,5,closed,"2013-07-14 00:00:00",23:48:37,"2013-07-14 00:00:00",23:48:37,0,63215,0,yes,1554,yes,matches
2124,2125,C,5,closed,"2013-07-17 00:00:00",14:28:48,"2013-07-17 00:00:00",14:28:48,0,52698,0,yes,1563,yes,matches
2160,2161,C,5,closed,"2013-08-05 00:00:00",11:52:50,"2013-08-05 00:00:00",11:52:50,0,9712,0,yes,1580,yes,matches
2187,2188,C,5,closed,"2013-08-11 00:00:00",21:37:46,"2013-08-11 00:00:00",21:37:46,0,23500,0,yes,1569,yes,matches
2185,2186,C,5,closed,"2013-08-11 00:00:00",16:12:35,"2013-08-11 00:00:00",16:12:35,0,13356,0,yes,1577,yes,matches
2192,2193,C,5,closed,"2013-08-12 00:00:00",19:51:00,"2013-08-12 00:00:00",19:51:00,0,136957,0,yes,1568,yes,matches
2202,2203,C,5,closed,"2013-08-15 00:00:00",20:18:54,"2013-08-15 00:00:00",20:18:54,0,22565,0,yes,1568,yes,matches
2222,2223,C,5,closed,"2013-08-20 00:00:00",20:15:31,"2013-08-20 00:00:00",20:15:31,0,75800,0,yes,1535,yes,matches
2248,2249,C,5,closed,"2013-08-27 00:00:00",19:20:00,"2013-08-27 00:00:00",19:20:00,0,13000,0,yes,1569,yes,matches
2280,2281,C,5,closed,"2013-09-06 00:00:00",18:00:00,"2013-09-06 00:00:00",18:00:00,0,22952,22969,yes,1574,yes,matches
2275,2276,C,5,closed,"2013-09-07 00:00:00",12:28:07,"2013-09-07 00:00:00",12:28:07,0,61965,0,yes,1540,yes,matches
2294,2295,C,5,closed,"2013-09-09 00:00:00",16:30:00,"2013-09-09 00:00:00",16:30:00,0,62032,0,yes,1555,yes,matches
2302,2303,C,5,closed,"2013-09-12 00:00:00",22:13:35,"2013-09-12 00:00:00",22:13:35,0,78380,0,yes,1534,yes,matches
2341,2342,C,5,closed,"2013-09-21 00:00:00",18:58:28,"2013-09-21 00:00:00",18:58:28,0,143818,0,yes,1568,yes,matches
2340,2341,C,5,closed,"2013-09-21 00:00:00",18:57:41,"2013-09-21 00:00:00",18:57:41,0,76887,0,yes,1567,yes,matches
2344,2345,C,5,closed,"2013-09-22 00:00:00",11:17:14,"2013-09-22 00:00:00",11:17:14,0,142352,0,yes,1568,yes,matches
2363,2364,C,5,closed,"2013-09-25 00:00:00",19:42:08,"2013-09-25 00:00:00",19:42:08,0,44758,0,yes,1543,yes,matches
2373,2374,C,5,closed,"2013-09-28 00:00:00",17:09:27,"2013-09-28 00:00:00",17:09:27,0,17619,0,yes,1576,yes,matches
2372,2373,C,5,closed,"2013-09-28 00:00:00",17:04:43,"2013-09-28 00:00:00",17:04:43,0,75317,0,yes,1554,yes,matches
2398,2399,C,5,closed,"2013-10-08 00:00:00",18:01:07,"2013-10-08 00:00:00",18:01:07,0,25356,0,yes,1568,yes,matches
2420,2421,C,5,closed,"2013-10-10 00:00:00",21:30:00,"2013-10-10 00:00:00",21:30:00,0,24257,0,yes,1581,yes,matches
2416,2417,C,5,closed,"2013-10-11 00:00:00",15:30:00,"2013-10-11 00:00:00",15:30:00,0,55425,0,yes,1565,yes,matches
2430,2431,C,5,closed,"2013-10-13 00:00:00",13:00:00,"2013-10-13 00:00:00",13:00:00,0,15689,0,yes,1581,yes,matches
2481,2482,C,5,closed,"2013-10-27 00:00:00",16:25:45,"2013-10-27 00:00:00",16:25:45,0,65399,0,yes,1551,yes,matches
2497,2498,C,5,closed,"2013-10-31 00:00:00",15:26:15,"2013-10-31 00:00:00",15:26:15,0,59249,0,yes,1558,yes,matches
2536,2537,C,5,closed,"2013-11-10 00:00:00",22:23:55,"2013-11-10 00:00:00",22:23:55,0,77515,0,yes,1546,yes,matches
2564,2565,C,5,closed,"2013-11-16 00:00:00",20:00:00,"2013-11-16 00:00:00",20:00:00,0,59315,0,yes,1542,yes,matches
2570,2571,C,5,closed,"2013-11-17 00:00:00",20:30:00,"2013-11-17 00:00:00",20:30:00,1,49026,0,yes,1570,yes,matches
2579,2580,C,5,closed,"2013-11-19 00:00:00",20:05:10,"2013-11-19 00:00:00",20:05:10,0,67373,0,yes,1551,yes,matches
2587,2588,C,5,closed,"2013-11-21 00:00:00",19:17:43,"2013-11-21 00:00:00",19:17:43,0,20801,0,yes,1577,yes,matches
2597,2598,C,5,closed,"2013-11-23 00:00:00",21:49:10,"2013-11-23 00:00:00",21:49:10,0,52565,0,yes,1577,yes,matches
2592,2593,C,5,closed,"2013-11-23 00:00:00",18:18:03,"2013-11-23 00:00:00",18:18:03,0,132682,0,yes,1560,yes,matches
2667,2668,C,5,closed,"2013-12-08 00:00:00",15:15:19,"2013-12-08 00:00:00",15:15:19,0,27400,0,yes,1582,yes,matches
2677,2678,C,5,closed,"2013-12-10 00:00:00",10:00:46,"2013-12-10 00:00:00",10:00:46,0,73900,0,yes,1587,yes,matches
2696,2697,C,5,closed,"2013-12-14 00:00:00",17:23:30,"2013-12-14 00:00:00",17:23:30,0,90191,0,yes,1537,yes,matches
2700,2701,C,5,closed,"2013-12-15 00:00:00",10:17:15,"2013-12-15 00:00:00",10:17:15,0,85121,0,yes,1550,yes,matches
2724,2725,C,5,closed,"2013-12-21 00:00:00",18:09:23,"2013-12-21 00:00:00",18:09:23,0,76452,0,yes,1555,yes,matches
2723,2724,C,5,closed,"2013-12-21 00:00:00",18:07:57,"2013-12-21 00:00:00",18:07:57,0,86458,0,yes,1549,yes,matches
2742,2743,C,5,closed,"2013-12-24 00:00:00",17:27:42,"2013-12-24 00:00:00",17:27:42,0,5458,0,yes,1549,yes,matches
2747,2748,C,5,closed,"2013-12-25 00:00:00",10:46:48,"2013-12-25 00:00:00",10:46:48,0,151654,0,yes,1549,yes,matches
2760,2761,C,5,closed,"2013-12-29 00:00:00",17:52:02,"2013-12-29 00:00:00",17:52:02,0,56757,0,yes,1569,yes,matches
2758,2759,C,5,closed,"2013-12-29 00:00:00",16:14:00,"2013-12-29 00:00:00",16:14:00,0,80124,0,yes,1554,yes,matches
2756,2757,C,5,closed,"2013-12-29 00:00:00",09:29:18,"2013-12-29 00:00:00",09:29:18,0,70459,0,yes,1556,yes,matches
2771,2772,C,5,closed,"2013-12-30 00:00:00",22:55:57,"2013-12-30 00:00:00",22:55:57,0,28811,0,yes,1583,yes,matches
2770,2771,C,5,closed,"2013-12-30 00:00:00",22:34:05,"2013-12-30 00:00:00",22:34:05,0,13915,0,yes,1590,yes,matches
2764,2765,C,5,closed,"2013-12-30 00:00:00",10:03:32,"2013-12-30 00:00:00",10:03:32,0,52001,0,yes,1570,yes,matches
2782,2783,C,5,closed,"2014-01-01 00:00:00",12:17:25,"2014-01-01 00:00:00",12:17:25,0,52168,0,yes,1570,yes,matches
2797,2798,C,5,closed,"2014-01-02 00:00:00",21:42:59,"2014-01-02 00:00:00",21:42:59,0,64566,0,yes,1563,yes,matches
2795,2796,C,5,closed,"2014-01-02 00:00:00",20:42:10,"2014-01-02 00:00:00",20:42:10,0,147598,0,yes,1568,yes,matches
2823,2824,C,5,closed,"2014-01-09 00:00:00",20:25:58,"2014-01-09 00:00:00",20:25:58,0,149533,0,yes,1568,yes,matches
2836,2837,C,5,closed,"2014-01-12 00:00:00",17:15:30,"2014-01-12 00:00:00",17:15:30,0,91692,0,yes,1537,yes,matches
2843,2844,C,5,closed,"2014-01-13 00:00:00",22:03:46,"2014-01-13 00:00:00",22:03:46,0,14968,0,yes,1599,yes,matches
2842,2843,C,5,closed,"2014-01-13 00:00:00",20:20:09,"2014-01-13 00:00:00",20:20:09,0,124,0,yes,1597,yes,matches
2841,2842,C,5,closed,"2014-01-13 00:00:00",20:19:11,"2014-01-13 00:00:00",20:19:11,0,124,0,yes,1598,yes,matches
2883,2884,C,5,closed,"2014-01-23 00:00:00",18:09:07,"2014-01-23 00:00:00",18:09:07,0,79953,0,yes,1561,yes,matches
2889,2890,C,5,closed,"2014-01-24 00:00:00",20:38:42,"2014-01-24 00:00:00",20:38:42,0,66215,0,yes,1563,yes,matches
2895,2896,C,5,closed,"2014-01-25 00:00:00",18:24:36,"2014-01-25 00:00:00",18:24:36,0,71820,0,yes,1556,yes,matches
2923,2924,C,5,closed,"2014-01-30 00:00:00",18:30:16,"2014-01-30 00:00:00",18:30:16,0,80300,0,yes,1561,yes,matches
2918,2919,C,5,closed,"2014-01-30 00:00:00",16:45:05,"2014-01-30 00:00:00",16:45:05,0,93154,0,yes,1537,yes,matches
3001,3002,C,5,closed,"2014-02-19 00:00:00",16:57:04,"2014-02-19 00:00:00",16:57:04,0,33939,33940,yes,1578,yes,matches
3018,3019,C,5,closed,"2014-02-23 00:00:00",19:36:02,"2014-02-23 00:00:00",19:36:02,0,34000,0,yes,1582,yes,matches
3062,3063,C,5,closed,"2014-03-06 00:00:00",22:35:47,"2014-03-06 00:00:00",22:35:47,0,3097,0,yes,1594,yes,matches
3067,3068,C,5,closed,"2014-03-08 00:00:00",14:22:30,"2014-03-08 00:00:00",14:22:30,0,32024,0,yes,1583,yes,matches
3090,3091,C,5,closed,"2014-03-15 00:00:00",21:22:36,"2014-03-15 00:00:00",21:22:36,0,70662,0,yes,1563,yes,matches
3088,3089,C,5,closed,"2014-03-15 00:00:00",16:19:44,"2014-03-15 00:00:00",16:19:44,0,5745,0,yes,1592,yes,matches
3109,3110,C,5,closed,"2014-03-19 00:00:00",11:20:23,"2014-03-19 00:00:00",11:20:23,0,9411,0,yes,1589,yes,matches
3126,3127,C,5,closed,"2014-03-25 00:00:00",16:07:05,"2014-03-25 00:00:00",16:07:05,0,35055,0,yes,1583,yes,matches
3147,3148,C,5,closed,"2014-03-30 00:00:00",18:24:08,"2014-03-30 00:00:00",18:24:08,0,79318,0,yes,1602,yes,matches
3146,3147,C,5,closed,"2014-03-30 00:00:00",18:07:49,"2014-03-30 00:00:00",18:07:49,0,83135,0,yes,1555,yes,matches
3156,3157,C,5,closed,"2014-04-01 00:00:00",11:47:31,"2014-04-01 00:00:00",11:47:31,0,93437,0,yes,1549,yes,matches
3167,3168,C,5,closed,"2014-04-03 00:00:00",18:12:12,"2014-04-03 00:00:00",18:12:12,0,34437,0,yes,1582,yes,matches
3243,3244,C,5,closed,"2014-04-24 00:00:00",20:30:20,"2014-04-24 00:00:00",20:30:20,0,9502,0,yes,1597,yes,matches
3286,3287,C,5,closed,"2014-05-08 00:00:00",20:19:37,"2014-05-08 00:00:00",20:19:37,0,8212,0,yes,1598,yes,matches
3301,3302,C,5,closed,"2014-05-13 00:00:00",10:00:27,"2014-05-13 00:00:00",10:00:27,0,11598,0,yes,1591,yes,matches
3309,3310,C,5,closed,"2014-05-15 00:00:00",23:07:06,"2014-05-15 00:00:00",23:07:06,0,61721,0,yes,1569,yes,matches
3344,3345,C,5,closed,"2014-05-27 00:00:00",21:16:32,"2014-05-27 00:00:00",21:16:32,0,93475,0,yes,1567,yes,matches
3422,3423,C,5,closed,"2014-06-19 00:00:00",19:52:29,"2014-06-19 00:00:00",19:52:29,0,77614,0,yes,1536,yes,matches
3504,3505,C,5,closed,"2014-06-30 00:00:00",10:40:00,"2014-06-30 00:00:00",10:40:00,0,25458,0,yes,1608,yes,matches
3501,3502,C,5,closed,"2014-07-21 00:00:00",21:09:35,"2014-07-21 00:00:00",21:09:35,0,73463,0,yes,1571,yes,matches
3511,3512,C,5,closed,"2014-07-27 00:00:00",17:41:16,"2014-07-27 00:00:00",17:41:16,0,44758,0,yes,1572,yes,matches
3595,3596,C,5,closed,"2014-08-17 00:00:00",19:05:00,"2014-08-17 00:00:00",19:05:00,0,89540,0,yes,1552,yes,matches
3582,3583,C,5,closed,"2014-08-17 00:00:00",15:01:12,"2014-08-17 00:00:00",15:01:12,0,83584,0,yes,1602,yes,matches
3586,3587,C,5,closed,"2014-08-19 00:00:00",14:39:29,"2014-08-19 00:00:00",14:39:29,0,45415,0,yes,1577,yes,matches
3600,3601,C,5,closed,"2014-08-23 00:00:00",16:32:05,"2014-08-23 00:00:00",16:32:05,0,80295,0,yes,1563,yes,matches
3631,3632,C,5,closed,"2014-09-03 00:00:00",11:38:24,"2014-09-03 00:00:00",11:38:24,0,42913,0,yes,1573,yes,matches
3686,3687,C,5,closed,"2014-09-18 00:00:00",19:09:44,"2014-09-18 00:00:00",19:09:44,0,98337,0,yes,1538,yes,matches
3743,3744,C,5,closed,"2014-10-02 00:00:00",20:37:27,"2014-10-02 00:00:00",20:37:27,0,99440,0,yes,1538,yes,matches
3735,3736,C,5,closed,"2014-10-02 00:00:00",12:49:17,"2014-10-02 00:00:00",12:49:17,0,86847,0,yes,1602,yes,matches
3758,3759,C,5,closed,"2014-10-06 00:00:00",10:59:04,"2014-10-06 00:00:00",10:59:04,0,1,0,yes,1583,yes,matches
3808,3809,C,5,closed,"2014-10-15 00:00:00",21:42:49,"2014-10-15 00:00:00",21:42:49,0,68506,0,yes,1569,yes,matches
3830,3831,C,5,closed,"2014-10-23 00:00:00",15:02:19,"2014-10-23 00:00:00",15:02:19,0,20779,0,yes,1592,yes,matches
3878,3880,C,5,closed,"2014-11-05 00:00:00",12:38:00,"2014-11-05 00:00:00",12:38:00,0,3683,0,yes,1616,yes,matches
3900,3903,C,5,closed,"2014-11-10 00:00:00",12:20:00,"2014-11-10 00:00:00",12:20:00,0,6059,0,yes,1612,yes,matches
3923,3926,C,5,closed,"2014-11-15 00:00:00",09:24:00,"2014-11-15 00:00:00",09:24:00,0,34874,0,yes,1575,yes,matches
4103,4106,C,5,closed,"2014-11-30 00:00:00",17:25:00,"2014-11-30 00:00:00",17:25:00,0,56645,56646,yes,1607,yes,matches
4010,4013,C,5,closed,"2014-12-04 00:00:00",19:46:00,"2014-12-04 00:00:00",19:46:00,0,80494,0,yes,1571,yes,matches
4064,4067,C,5,closed,"2014-12-20 00:00:00",21:14:00,"2014-12-20 00:00:00",21:14:00,0,54152,0,yes,1582,yes,matches
4069,4072,C,5,closed,"2014-12-21 00:00:00",14:12:00,"2014-12-21 00:00:00",14:12:00,0,108598,0,yes,1549,yes,matches
4094,4097,C,5,closed,"2014-12-27 00:00:00",11:34:00,"2014-12-27 00:00:00",11:34:00,0,31929,0,yes,1574,yes,matches
4138,4141,C,5,closed,"2015-01-05 00:00:00",14:04:00,"2015-01-05 00:00:00",14:04:00,0,46655,0,yes,1604,yes,matches
4158,4161,C,5,closed,"2015-01-11 00:00:00",18:45:00,"2015-01-11 00:00:00",18:45:00,0,94969,0,yes,1602,yes,matches
4176,4179,C,5,closed,"2015-01-14 00:00:00",21:36:00,"2015-01-14 00:00:00",21:36:00,0,115636,0,yes,1567,yes,matches
4175,4178,C,5,closed,"2015-01-14 00:00:00",21:36:00,"2015-01-14 00:00:00",21:36:00,0,30165,0,yes,1591,yes,matches
4188,4191,C,5,closed,"2015-01-17 00:00:00",23:12:00,"2015-01-17 00:00:00",23:12:00,0,94530,0,yes,1552,yes,matches
4200,4203,C,5,closed,"2015-01-21 00:00:00",10:33:00,"2015-01-21 00:00:00",10:33:00,0,97691,0,yes,1538,yes,matches
4214,4217,C,5,closed,"2015-01-26 00:00:00",21:07:00,"2015-01-26 00:00:00",21:07:00,0,102152,0,yes,1549,yes,matches
4236,4239,C,5,closed,"2015-02-03 00:00:00",21:40:00,"2015-02-03 00:00:00",21:40:00,0,96177,0,yes,1602,yes,matches
4235,4238,C,5,closed,"2015-02-03 00:00:00",21:28:00,"2015-02-03 00:00:00",21:28:00,0,93086,0,yes,1563,yes,matches
4234,4237,C,5,closed,"2015-02-03 00:00:00",20:52:00,"2015-02-03 00:00:00",20:52:00,0,2222,2223,yes,1582,yes,matches
4252,4255,C,5,closed,"2015-02-08 00:00:00",13:37:00,"2015-02-08 00:00:00",13:37:00,0,28017,0,yes,1596,yes,matches
4260,4263,C,5,closed,"2015-02-09 00:00:00",14:26:00,"2015-02-09 00:00:00",14:26:00,0,69147,0,yes,1580,yes,matches
4290,4293,C,5,closed,"2015-02-19 00:00:00",18:11:00,"2015-02-19 00:00:00",18:11:00,0,102568,0,yes,1549,yes,matches
4304,4307,C,5,closed,"2015-02-22 00:00:00",17:10:00,"2015-02-22 00:00:00",17:10:00,0,13747,0,yes,1616,yes,matches
4310,4313,C,5,closed,"2015-02-23 00:00:00",13:41:00,"2015-02-23 00:00:00",13:41:00,0,65448,0,yes,1578,yes,matches
4309,4312,C,5,closed,"2015-02-23 00:00:00",13:36:00,"2015-02-23 00:00:00",13:36:00,0,4390,0,yes,1618,yes,matches
4330,4333,C,5,closed,"2015-02-26 00:00:00",22:16:00,"2015-02-26 00:00:00",22:16:00,0,27740,0,yes,1594,yes,matches
4352,4356,C,5,closed,"2015-03-05 00:00:00",20:18:00,"2015-03-05 00:00:00",20:18:00,0,22914,0,yes,1617,yes,matches
4507,4511,C,5,closed,"2015-04-14 00:00:00",11:48:00,"2015-04-14 00:00:00",11:48:00,0,62935,0,yes,1583,yes,matches
4521,4525,C,5,closed,"2015-04-19 00:00:00",12:23:00,"2015-04-19 00:00:00",12:23:00,0,92270,0,yes,1571,yes,matches
4537,4541,C,5,closed,"2015-04-22 00:00:00",16:37:00,"2015-04-22 00:00:00",16:37:00,0,32541,0,yes,1628,yes,matches
4559,4563,C,5,closed,"2015-04-30 00:00:00",09:35:00,"2015-04-30 00:00:00",09:35:00,0,93742,0,yes,1536,yes,matches
4571,4575,C,5,closed,"2015-05-04 00:00:00",22:03:00,"2015-05-04 00:00:00",22:03:00,0,15241,15381,yes,1609,yes,matches
4570,4574,C,5,closed,"2015-05-04 00:00:00",22:02:00,"2015-05-04 00:00:00",22:02:00,0,65124,0,yes,1583,yes,matches
4579,4583,C,5,closed,"2015-05-07 00:00:00",19:33:00,"2015-05-07 00:00:00",19:33:00,0,95600,0,yes,1552,yes,matches
4594,4598,C,5,closed,"2015-05-09 00:00:00",09:20:00,"2015-05-09 00:00:00",09:20:00,0,31985,0,yes,1595,yes,matches
4590,4594,C,5,closed,"2015-05-09 00:00:00",11:55:00,"2015-05-09 00:00:00",11:55:00,0,42607,0,yes,1600,yes,matches
4637,4641,C,5,closed,"2015-05-18 00:00:00",19:23:00,"2015-05-18 00:00:00",19:23:00,0,52415,0,yes,1597,yes,matches
4649,4653,C,5,closed,"2015-05-20 00:00:00",15:38:00,"2015-05-20 00:00:00",15:38:00,0,38995,0,yes,1591,yes,matches
4672,4676,C,5,closed,"2015-05-26 00:00:00",17:41:00,"2015-05-26 00:00:00",17:41:00,0,52134,0,yes,1584,yes,matches
4792,4798,C,5,closed,"2015-06-29 00:00:00",18:22:00,"2015-06-29 00:00:00",18:22:00,0,67148,0,yes,1607,yes,matches
4799,4805,C,5,closed,"2015-07-02 00:00:00",21:31:00,"2015-07-02 00:00:00",21:31:00,0,38676,0,yes,1628,yes,matches
4807,4813,C,5,closed,"2015-07-05 00:00:00",15:53:00,"2015-07-05 00:00:00",15:53:00,0,61236,0,yes,1586,yes,matches
4813,4819,C,5,closed,"2015-07-07 00:00:00",17:15:00,"2015-07-07 00:00:00",17:15:00,0,120986,0,yes,1567,yes,matches
4817,4823,C,5,closed,"2015-07-11 00:00:00",15:12:00,"2015-07-11 00:00:00",15:12:00,0,68379,0,yes,1607,yes,matches
4838,4844,C,5,closed,"2015-07-16 00:00:00",23:22:00,"2015-07-16 00:00:00",23:22:00,0,34318,0,yes,1610,yes,matches
4840,4846,C,5,closed,"2015-07-18 00:00:00",19:28:00,"2015-07-18 00:00:00",19:28:00,0,105302,0,yes,1602,yes,matches
4861,4867,C,5,closed,"2015-07-25 00:00:00",18:48:00,"2015-07-25 00:00:00",18:48:00,0,36125,0,yes,1594,yes,matches
4865,4871,C,5,closed,"2015-07-26 00:00:00",14:41:00,"2015-07-26 00:00:00",14:41:00,0,56730,0,yes,1598,yes,matches
4867,4873,C,5,closed,"2015-07-27 00:00:00",13:59:00,"2015-07-27 00:00:00",13:59:00,0,38648,0,yes,1595,yes,matches
4887,4893,C,5,closed,"2015-08-01 00:00:00",18:23:00,"2015-08-01 00:00:00",18:23:00,0,115540,0,yes,1588,yes,matches
4886,4892,C,5,closed,"2015-08-01 00:00:00",17:02:00,"2015-08-01 00:00:00",17:02:00,0,14751,0,yes,1619,yes,matches
4905,4911,C,5,closed,"2015-08-06 00:00:00",18:49:00,"2015-08-06 00:00:00",18:49:00,0,45134,0,yes,1589,yes,matches
4927,4933,C,5,closed,"2015-08-15 00:00:00",13:11:00,"2015-08-15 00:00:00",13:11:00,0,57689,0,yes,1598,yes,matches
4980,4986,C,5,closed,"2015-09-01 00:00:00",22:06:00,"2015-09-01 00:00:00",22:06:00,0,46939,0,yes,1601,yes,matches
4988,4994,C,5,closed,"2015-09-03 00:00:00",19:29:00,"2015-09-03 00:00:00",19:29:00,0,22133,0,yes,1623,yes,matches
4996,5002,C,5,closed,"2015-09-05 00:00:00",18:07:00,"2015-09-05 00:00:00",18:07:00,0,46986,0,yes,1574,yes,matches
5007,5013,C,5,closed,"2015-09-09 00:00:00",20:40:00,"2015-09-09 00:00:00",20:40:00,0,38178,0,yes,1593,yes,matches
5024,5030,C,5,closed,"2015-09-12 00:00:00",20:57:00,"2015-09-12 00:00:00",20:57:00,0,45162,0,yes,1599,yes,matches
5061,5067,C,5,closed,"2015-09-23 00:00:00",11:39:00,"2015-09-23 00:00:00",11:39:00,0,38864,0,yes,1594,yes,matches
5072,5078,C,5,closed,"2015-09-26 00:00:00",13:48:00,"2015-09-26 00:00:00",13:48:00,0,122765,0,yes,1567,yes,matches
5078,5084,C,5,closed,"2015-09-27 00:00:00",17:58:00,"2015-09-27 00:00:00",17:58:00,0,73187,0,yes,1604,yes,matches
5089,5095,C,5,closed,"2015-10-01 00:00:00",20:03:00,"2015-10-01 00:00:00",20:03:00,0,81822,0,yes,1579,yes,matches
5113,5119,C,5,closed,"2015-10-10 00:00:00",10:21:00,"2015-10-10 00:00:00",10:21:00,0,40193,0,yes,1617,yes,matches
5112,5118,C,5,closed,"2015-10-10 00:00:00",10:11:00,"2015-10-10 00:00:00",10:11:00,0,104791,0,yes,1602,yes,matches
5145,5151,C,5,closed,"2015-10-19 00:00:00",18:19:00,"2015-10-19 00:00:00",18:19:00,0,83056,0,yes,1579,yes,matches
5147,5153,C,5,closed,"2015-10-20 00:00:00",18:07:00,"2015-10-20 00:00:00",18:07:00,0,69640,0,yes,1584,yes,matches
5173,5179,C,5,closed,"2015-10-27 00:00:00",09:43:00,"2015-10-27 00:00:00",09:43:00,0,74711,0,yes,1604,yes,matches
5181,5187,C,5,closed,"2015-10-28 00:00:00",11:30:00,"2015-10-28 00:00:00",11:30:00,0,40313,0,yes,1593,yes,matches
5202,5208,C,5,closed,"2015-11-04 00:00:00",19:12:00,"2015-11-04 00:00:00",19:12:00,0,50830,0,yes,1601,yes,matches
5210,5216,C,5,closed,"2015-11-07 00:00:00",13:31:00,"2015-11-07 00:00:00",13:31:00,0,40597,0,yes,1593,yes,matches
5227,5233,C,5,closed,"2015-11-11 00:00:00",20:07:00,"2015-11-11 00:00:00",20:07:00,0,80834,0,yes,1573,yes,matches
5229,5235,C,5,closed,"2015-11-12 00:00:00",15:06:00,"2015-11-12 00:00:00",15:06:00,0,44422,0,yes,1592,yes,matches
5244,5250,C,5,closed,"2015-11-16 00:00:00",21:53:00,"2015-11-16 00:00:00",21:53:00,0,58642,0,yes,1600,yes,matches
5262,5268,C,5,closed,"2015-11-22 00:00:00",18:28:00,"2015-11-22 00:00:00",18:28:00,0,54284,0,yes,1605,yes,matches
5498,5504,C,5,closed,"2016-01-20 00:00:00",13:44:00,"2016-01-20 00:00:00",13:44:00,0,82721,0,yes,1584,yes,matches
5725,5732,C,5,closed,"2016-03-14 00:00:00",12:49:00,"2016-03-14 00:00:00",12:49:00,0,43934,0,yes,1624,yes,matches
5835,5844,C,5,closed,"2016-04-13 00:00:00",16:53:00,"2016-04-13 00:00:00",16:53:00,0,61521,0,yes,1595,yes,matches
5846,5855,C,5,closed,"2016-04-14 00:00:00",19:14:00,"2016-04-14 00:00:00",19:14:00,0,89529,89535,yes,1586,yes,matches
5841,5850,C,5,closed,"2016-04-14 00:00:00",16:02:00,"2016-04-14 00:00:00",16:02:00,0,81583,0,yes,1581,yes,matches
5865,5874,C,5,closed,"2016-04-21 00:00:00",20:10:00,"2016-04-21 00:00:00",20:10:00,0,132635,0,yes,1537,yes,matches
5889,5899,C,5,closed,"2016-04-28 00:00:00",18:10:00,"2016-04-28 00:00:00",18:10:00,0,74501,0,yes,1608,yes,matches
5946,5952,C,5,closed,"2016-05-12 00:00:00",17:02:00,"2016-05-12 00:00:00",17:02:00,0,93441,0,yes,1582,yes,matches
5957,5963,C,5,closed,"2016-05-14 00:00:00",20:01:00,"2016-05-14 00:00:00",20:01:00,0,39722,0,yes,1620,yes,matches
5955,5961,C,5,closed,"2016-05-14 00:00:00",13:29:00,"2016-05-14 00:00:00",13:29:00,0,64074,0,yes,1594,yes,matches
5982,5988,C,5,closed,"2016-05-21 00:00:00",21:55:00,"2016-05-21 00:00:00",21:55:00,0,64588,0,yes,1594,yes,matches
6007,6013,C,5,closed,"2016-05-28 00:00:00",10:04:00,"2016-05-28 00:00:00",10:04:00,0,59864,0,yes,1592,yes,matches
6037,6043,C,5,closed,"2016-06-06 00:00:00",14:55:00,"2016-06-06 00:00:00",14:55:00,0,65878,65897,yes,1594,yes,matches
6101,6107,C,5,closed,"2016-07-06 00:00:00",17:08:00,"2016-07-06 00:00:00",17:08:00,0,60795,60795,no,1592,yes,matches
6098,6104,C,2,closed,"2016-07-06 00:00:00",01:43:00,"2016-07-06 00:00:00",01:43:00,0,17869,17869,no,1643,no,"FALSE POSITIVE (status 2)"
6107,6113,C,5,closed,"2016-07-10 00:00:00",22:16:00,"2016-07-10 00:00:00",22:16:00,0,66225,66225,no,1595,yes,matches
6132,6137,C,5,closed,"2016-07-16 00:00:00",12:44:00,"2016-07-16 00:00:00",12:44:00,0,94293,94293,no,1576,yes,matches
6335,6340,C,5,closed,"2016-09-11 00:00:00",16:48:00,"2016-09-11 00:00:00",16:48:00,0,73489,0,yes,1628,yes,matches
6354,6359,C,5,closed,"2016-09-17 00:00:00",19:19:00,"2016-09-17 00:00:00",19:19:00,0,63703,0,yes,1625,yes,matches
6421,6426,C,5,closed,"2016-10-07 00:00:00",00:44:00,"2016-10-07 00:00:00",00:44:00,0,75000,0,yes,1596,yes,matches
6705,6707,C,5,closed,"2016-12-11 00:00:00",12:00:00,"2016-12-11 00:00:00",12:00:00,0,24327,0,yes,1660,yes,matches
7027,7023,C,5,closed,"2017-02-16 00:00:00",22:49:00,"2017-02-16 00:00:00",22:49:00,0,9310,0,yes,1672,yes,matches
7074,7070,C,5,closed,"2017-02-27 00:00:00",14:50:00,"2017-02-27 00:00:00",14:50:00,0,28340,0,yes,1667,yes,matches
7091,7087,C,5,closed,"2017-03-02 00:00:00",14:13:00,"2017-03-02 00:00:00",14:13:00,0,26272,0,yes,1659,yes,matches
7152,7146,C,5,closed,"2017-03-16 00:00:00",22:30:00,"2017-03-16 00:00:00",22:30:00,0,113330,113330,no,1605,yes,matches
7162,7155,C,5,closed,"2017-03-20 00:00:00",20:50:00,"2017-03-20 00:00:00",20:50:00,0,81095,81095,no,1623,yes,matches
7176,7168,C,5,closed,"2017-03-23 00:00:00",17:50:00,"2017-03-23 00:00:00",17:50:00,0,112727,0,yes,1576,yes,matches
7186,7177,C,5,closed,"2017-03-25 00:00:00",20:52:00,"2017-03-25 00:00:00",20:52:00,0,4392,4392,no,1678,yes,matches
7206,7193,C,5,closed,"2017-03-27 00:00:00",20:01:00,"2017-03-27 00:00:00",20:01:00,0,29313,29313,no,1667,yes,matches
7225,7207,C,5,closed,"2017-03-30 00:00:00",21:41:00,"2017-03-30 00:00:00",21:41:00,0,37215,37215,no,1669,yes,matches
7233,7215,C,5,closed,"2017-04-01 00:00:00",19:50:00,"2017-04-01 00:00:00",19:50:00,0,16064,16064,no,1676,yes,matches
7232,7214,C,5,closed,"2017-04-01 00:00:00",18:14:00,"2017-04-01 00:00:00",18:14:00,0,37215,37215,no,1669,yes,matches
7254,7235,C,5,closed,"2017-04-04 00:00:00",19:28:00,"2017-04-04 00:00:00",19:28:00,0,105048,105048,no,1595,yes,matches
7253,7234,C,5,closed,"2017-04-04 00:00:00",19:00:00,"2017-04-04 00:00:00",19:00:00,0,105048,105048,no,1595,yes,matches
7289,7269,C,5,closed,"2017-04-10 00:00:00",18:10:00,"2017-04-10 00:00:00",18:10:00,0,26011,0,yes,1665,yes,matches
7299,7279,C,5,closed,"2017-04-12 00:00:00",10:59:00,"2017-04-12 00:00:00",10:59:00,0,40215,40215,no,1643,yes,matches
7342,7321,C,5,closed,"2017-04-20 00:00:00",20:14:00,"2017-04-20 00:00:00",20:14:00,0,105956,105956,no,1595,yes,matches
7355,7333,C,5,closed,"2017-04-23 00:00:00",18:26:00,"2017-04-23 00:00:00",18:26:00,0,17686,17686,no,1676,yes,matches
7391,7368,C,5,closed,"2017-05-01 00:00:00",12:23:00,"2017-05-01 00:00:00",12:23:00,0,116534,116534,no,1576,yes,matches
7416,7391,C,5,closed,"2017-05-06 00:00:00",20:53:00,"2017-05-06 00:00:00",20:53:00,0,98622,98622,no,1601,yes,matches
7411,7386,C,5,closed,"2017-05-06 00:00:00",10:44:00,"2017-05-06 00:00:00",10:44:00,0,98622,98622,no,1601,yes,matches
7451,7424,C,5,closed,"2017-05-17 00:00:00",10:53:00,"2017-05-17 00:00:00",10:53:00,0,24987,24987,no,1662,yes,matches
7477,7450,C,5,closed,"2017-05-22 00:00:00",18:24:00,"2017-05-22 00:00:00",18:24:00,0,33968,33968,no,1667,yes,matches
7475,7448,C,5,closed,"2017-05-22 00:00:00",17:08:00,"2017-05-22 00:00:00",17:08:00,0,111065,111065,no,1581,yes,matches
7494,7467,C,5,closed,"2017-05-27 00:00:00",16:09:00,"2017-05-27 00:00:00",16:09:00,0,111453,111453,no,1581,yes,matches
7503,7476,C,5,closed,"2017-05-31 00:00:00",20:42:00,"2017-05-31 00:00:00",20:42:00,0,32516,32518,yes,1659,yes,matches
7514,7486,C,5,closed,"2017-06-03 00:00:00",22:00:00,"2017-06-03 00:00:00",22:00:00,0,94585,94585,no,1628,yes,matches
7518,7490,C,5,closed,"2017-06-04 00:00:00",15:33:00,"2017-06-04 00:00:00",15:33:00,0,34597,34597,no,1667,yes,matches
7540,7510,C,5,closed,"2017-06-10 00:00:00",14:50:00,"2017-06-10 00:00:00",14:50:00,0,1,2,yes,1682,yes,matches
7566,7536,C,5,closed,"2017-06-22 00:00:00",14:44:00,"2017-06-22 00:00:00",14:44:00,0,119016,119016,no,1605,yes,matches
7594,7561,C,5,closed,"2017-06-28 00:00:00",12:39:00,"2017-06-28 00:00:00",12:39:00,0,35505,35505,no,1667,yes,matches
7604,7570,C,5,closed,"2017-07-02 00:00:00",14:20:00,"2017-07-02 00:00:00",14:20:00,0,20187,20187,no,1673,yes,matches
7630,7594,C,5,closed,"2017-07-13 00:00:00",11:44:00,"2017-07-13 00:00:00",11:44:00,0,20869,20870,yes,1670,yes,matches
7629,7593,C,5,closed,"2017-07-13 00:00:00",11:41:00,"2017-07-13 00:00:00",11:41:00,0,40068,40068,no,1660,yes,matches
7635,7599,C,5,closed,"2017-07-14 00:00:00",21:44:00,"2017-07-14 00:00:00",21:44:00,0,20870,20870,no,1670,yes,matches
7644,7607,C,5,closed,"2017-07-18 00:00:00",11:39:00,"2017-07-18 00:00:00",11:39:00,0,20870,20870,no,1670,yes,matches
7656,7619,C,5,closed,"2017-07-22 00:00:00",17:06:00,"2017-07-22 00:00:00",17:06:00,0,37177,37177,no,1665,yes,matches
7675,7638,C,5,closed,"2017-07-26 00:00:00",12:39:00,"2017-07-26 00:00:00",12:39:00,0,28341,28341,no,1676,yes,matches
7709,7670,C,5,closed,"2017-08-03 00:00:00",11:13:00,"2017-08-03 00:00:00",11:13:00,0,28502,28502,no,1676,yes,matches
7724,7684,C,5,closed,"2017-08-06 00:00:00",13:03:00,"2017-08-06 00:00:00",13:03:00,0,116083,116083,no,1581,yes,matches
7734,7694,C,5,closed,"2017-08-08 00:00:00",21:44:00,"2017-08-08 00:00:00",21:44:00,0,50516,50516,no,1643,yes,matches
7837,7787,C,5,closed,"2017-08-30 00:00:00",22:10:00,"2017-08-30 00:00:00",22:10:00,0,1517,1517,no,1685,yes,matches
8020,7964,C,5,closed,"2017-10-09 00:00:00",11:06:43,"2017-10-09 00:00:00",11:06:43,0,122310,122310,no,1579,yes,matches
8049,7992,C,5,closed,"2017-10-15 00:00:00",16:57:15,"2017-10-15 00:00:00",16:57:15,0,103848,103848,no,1628,yes,matches
8067,8009,C,2,closed,"2017-10-19 00:00:00",21:00:00,"2017-10-19 00:00:00",21:00:00,0,23087,23087,no,1671,no,"FALSE POSITIVE (status 2)"
8533,8480,C,5,closed,"2018-01-16 00:00:00",17:59:54,"2018-01-16 00:00:00",17:59:54,0,33879,33879,no,1671,yes,matches
8641,8589,C,5,closed,"2018-02-08 00:00:00",10:31:19,"2018-02-08 00:00:00",10:31:19,0,13524,13524,no,1683,yes,matches
8690,8638,C,5,closed,"2018-02-19 00:00:00",18:20:00,"2018-02-19 00:00:00",18:20:00,0,37613,37613,no,1671,yes,matches
8693,8641,C,5,closed,"2018-02-20 00:00:00",12:00:00,"2018-02-20 00:00:00",12:00:00,0,37613,37613,no,1671,yes,matches
8744,8692,C,5,closed,"2018-03-05 00:00:00",20:34:44,"2018-03-05 00:00:00",20:34:44,0,22772,22779,yes,1689,yes,matches
8737,8685,C,5,closed,"2018-03-05 00:00:00",15:17:22,"2018-03-05 00:00:00",15:17:22,0,58764,58764,no,1665,yes,matches
8786,8734,C,5,closed,"2018-03-20 00:00:00",14:55:00,"2018-03-20 00:00:00",14:55:00,0,62700,62700,no,1644,yes,matches
9029,8977,C,5,closed,"2018-05-23 00:00:00",18:45:00,"2018-05-23 00:00:00",18:45:00,0,90706,90750,yes,1692,yes,matches
9204,9152,C,5,closed,"2018-07-15 00:00:00",16:27:15,"2018-07-15 00:00:00",16:27:15,0,23703,0,yes,1690,yes,matches
9203,9151,C,5,closed,"2018-07-15 00:00:00",16:15:12,"2018-07-15 00:00:00",16:15:12,0,23703,0,yes,1690,yes,matches
9256,9204,C,2,closed,"2018-08-01 00:00:00",10:00:00,"2018-08-01 00:00:00",10:00:00,1,60470,60470,no,1674,no,"FALSE POSITIVE (status 2)"
9267,9215,C,5,closed,"2018-08-02 00:00:00",16:59:23,"2018-08-02 00:00:00",16:59:23,0,68619,68619,no,1661,yes,matches
9427,9375,C,2,closed,"2018-09-17 00:00:00",12:20:00,"2018-09-17 00:00:00",12:20:00,0,59825,59825,no,1672,no,"FALSE POSITIVE (status 2)"
9503,9451,C,5,closed,"2018-10-06 00:00:00",20:07:46,"2018-10-06 00:00:00",20:07:46,0,24388,0,yes,1684,yes,matches
9535,9483,C,2,closed,"2018-10-14 00:00:00",11:00:00,"2018-10-14 00:00:00",11:00:00,0,167901,167901,no,1604,no,"FALSE POSITIVE (status 2)"
9581,9529,C,5,closed,"2018-10-27 00:00:00",20:53:54,"2018-10-27 00:00:00",20:53:54,0,52089,52089,no,1671,yes,matches
9607,9555,C,5,closed,"2018-11-05 00:00:00",14:44:00,"2018-11-05 00:00:00",14:44:00,0,29650,29650,no,1685,yes,matches
9672,9620,C,5,closed,"2018-11-20 00:00:00",10:30:00,"2018-11-20 00:00:00",10:30:00,0,65445,65445,no,1672,yes,matches
9698,9646,C,5,closed,"2018-11-27 00:00:00",21:39:07,"2018-11-27 00:00:00",21:39:07,0,80092,80092,no,1644,yes,matches
9888,9836,C,5,closed,"2019-01-19 00:00:00",21:24:23,"2019-01-19 00:00:00",21:24:23,0,38104,38104,no,1690,yes,matches
10136,10084,C,5,closed,"2019-04-02 00:00:00",17:38:17,"2019-04-02 00:00:00",17:38:17,0,143798,143798,no,1601,yes,matches
10278,10226,C,5,closed,"2019-05-08 00:00:00",17:00:00,"2019-05-08 00:00:00",17:00:00,0,17233,17233,no,1699,yes,matches
10431,10379,C,5,closed,"2019-07-02 00:00:00",21:54:00,"2019-07-02 00:00:00",21:54:00,0,73777,73785,yes,1689,yes,matches
10430,10378,C,5,closed,"2019-07-02 00:00:00",19:15:53,"2019-07-02 00:00:00",19:15:53,0,95010,95010,no,1661,yes,matches
10433,10381,C,5,closed,"2019-07-03 00:00:00",10:58:11,"2019-07-03 00:00:00",10:58:11,0,169352,169362,yes,1605,yes,matches
10693,10641,C,5,closed,"2019-09-17 00:00:00",16:45:19,"2019-09-17 00:00:00",16:45:19,0,151973,151973,no,1595,yes,matches
10881,10829,C,5,closed,"2019-10-31 00:00:00",20:55:36,"2019-10-31 00:00:00",20:55:36,0,9846,0,yes,1704,yes,matches
11950,11898,C,5,closed,"2020-09-06 00:00:00",19:51:51,"2020-09-06 00:00:00",19:51:51,0,39594,43587,yes,1705,yes,matches
13444,13408,C,2,closed,"2021-08-21 00:00:00",17:30:00,"2021-08-21 00:00:00",17:30:00,0,31488,31488,no,1720,no,"FALSE POSITIVE (status 2)"
13773,13752,C,2,closed,"2021-10-07 00:00:00",09:05:00,"2021-10-07 00:00:00",09:05:00,0,45438,45438,no,1717,no,"FALSE POSITIVE (status 2)"
48135,14242,C,2,closed,"2021-11-16 00:00:00",10:00:00,"2021-11-16 00:00:00",10:00:00,0,17923,17923,no,1737,no,"FALSE POSITIVE (status 2)"
48187,14309,C,2,closed,"2021-11-23 00:00:00",10:00:00,"2021-11-23 00:00:00",10:00:00,0,69334,69334,no,1697,no,"FALSE POSITIVE (status 2)"
48186,14308,C,2,closed,"2021-11-23 00:00:00",10:30:00,"2021-11-23 00:00:00",10:30:00,0,13354,13354,no,1742,no,"FALSE POSITIVE (status 2)"
48273,14417,C,2,closed,"2021-12-03 00:00:00",14:00:00,"2021-12-03 00:00:00",14:00:00,0,14525,14525,no,1742,no,"FALSE POSITIVE (status 2)"
48428,14580,C,2,closed,"2021-12-19 00:00:00",11:00:00,"2021-12-19 00:00:00",11:00:00,0,11176,11176,no,1740,no,"FALSE POSITIVE (status 2)"
48496,14647,C,2,closed,"2021-12-24 00:00:00",17:00:00,"2021-12-24 00:00:00",17:00:00,0,16469,16469,no,1742,no,"FALSE POSITIVE (status 2)"
48571,14723,C,2,closed,"2021-12-30 00:00:00",10:00:00,"2021-12-30 00:00:00",10:00:00,0,1000,1000,no,1761,no,"FALSE POSITIVE (status 2)"
49259,15475,C,2,closed,"2022-02-28 00:00:00",10:00:00,"2022-02-28 00:00:00",10:00:00,0,43198,43198,no,1720,no,"FALSE POSITIVE (status 2)"
49644,15888,C,2,closed,"2022-03-26 00:00:00",10:00:00,"2022-03-26 00:00:00",10:00:00,0,58590,58590,no,1731,no,"FALSE POSITIVE (status 2)"
49868,16127,C,2,closed,"2022-04-16 00:00:00",16:30:00,"2022-04-16 00:00:00",16:30:00,0,37105,37105,no,1755,no,"FALSE POSITIVE (status 2)"
50423,16801,C,2,closed,"2022-06-01 00:00:00",11:45:00,"2022-06-01 00:00:00",11:45:00,0,39910,39964,yes,1755,no,"FALSE POSITIVE (status 2)"
50533,16928,C,2,closed,"2022-06-12 00:00:00",17:15:00,"2022-06-12 00:00:00",17:15:00,0,77349,77349,no,1771,no,"FALSE POSITIVE (status 2)"
50526,16920,C,2,closed,"2022-06-13 00:00:00",16:00:00,"2022-06-13 00:00:00",16:00:00,0,12673,12674,yes,1754,no,"FALSE POSITIVE (status 2)"
65418,17340,C,2,closed,"2022-07-21 00:00:00",10:30:00,"2022-07-21 00:00:00",10:30:00,0,32000,32000,no,1765,no,"FALSE POSITIVE (status 2)"
65784,17746,C,2,closed,"2022-08-24 00:00:00",21:00:00,"2022-08-24 00:00:00",21:00:00,0,62797,62797,no,1725,no,"FALSE POSITIVE (status 2)"
65933,17923,C,2,closed,"2022-09-02 00:00:00",22:00:00,"2022-09-02 00:00:00",22:00:00,0,28592,28592,no,1739,no,"FALSE POSITIVE (status 2)"
65968,17973,C,5,closed,"2022-09-04 00:00:00",18:59:43,"2022-09-04 00:00:00",18:59:43,0,29110,0,yes,1742,yes,matches
66156,17760,C,5,closed,"2022-09-16 00:00:00",16:12:43,"2022-09-16 00:00:00",16:12:43,0,69585,0,yes,1731,yes,matches
66145,18170,C,5,closed,"2022-09-16 00:00:00",10:00:00,"2022-09-16 00:00:00",10:00:00,0,71899,71975,yes,1715,yes,matches
66255,18295,C,5,closed,"2022-09-23 00:00:00",17:20:00,"2022-09-23 00:00:00",17:20:00,0,36846,36846,no,1740,yes,matches
66269,18309,C,5,closed,"2022-09-24 00:00:00",16:30:00,"2022-09-24 00:00:00",16:30:00,0,21650,21893,yes,1759,yes,matches
66261,18301,C,5,closed,"2022-09-24 00:00:00",11:02:38,"2022-09-24 00:00:00",11:02:38,0,29680,0,yes,1742,yes,matches
66362,18195,C,5,closed,"2022-09-30 00:00:00",16:47:24,"2022-09-30 00:00:00",16:47:24,0,87029,87029,no,1757,yes,matches
66356,18415,C,5,closed,"2022-09-30 00:00:00",12:42:37,"2022-09-30 00:00:00",12:42:37,0,121110,121110,no,1702,yes,matches
66402,18458,C,5,closed,"2022-10-02 00:00:00",18:00:00,"2022-10-02 00:00:00",18:00:00,0,80600,80600,no,1733,yes,matches
66434,18498,C,5,closed,"2022-10-05 00:00:00",10:00:00,"2022-10-05 00:00:00",10:00:00,0,102700,0,yes,1744,yes,matches
66463,18530,C,5,closed,"2022-10-07 00:00:00",12:00:00,"2022-10-07 00:00:00",12:00:00,0,102700,102701,yes,1744,yes,matches
66534,18611,C,5,closed,"2022-10-10 00:00:00",23:06:34,"2022-10-10 00:00:00",23:06:34,0,18088,18152,yes,1748,yes,matches
66545,18624,C,5,closed,"2022-10-11 00:00:00",15:52:21,"2022-10-11 00:00:00",15:52:21,0,3699,3699,no,1778,yes,matches
66563,18643,C,5,closed,"2022-10-12 00:00:00",18:14:42,"2022-10-12 00:00:00",18:14:42,0,23270,23270,no,1759,yes,matches
66579,18661,C,5,closed,"2022-10-13 00:00:00",12:36:03,"2022-10-13 00:00:00",12:36:03,0,60953,0,yes,1760,yes,matches
66574,18656,C,5,closed,"2022-10-13 00:00:00",10:56:18,"2022-10-13 00:00:00",10:56:18,0,3699,3699,no,1778,yes,matches
66727,18835,C,5,closed,"2022-10-21 00:00:00",15:13:06,"2022-10-21 00:00:00",15:13:06,0,19681,19681,no,1745,yes,matches
66765,18873,C,5,closed,"2022-10-23 00:00:00",12:55:54,"2022-10-23 00:00:00",12:55:54,0,33298,0,yes,1756,yes,matches
66764,18872,C,5,closed,"2022-10-23 00:00:00",12:44:04,"2022-10-23 00:00:00",12:44:04,0,22997,23010,yes,1753,yes,matches
66761,18868,C,5,closed,"2022-10-23 00:00:00",11:12:16,"2022-10-23 00:00:00",11:12:16,1,1000,1000,no,1798,yes,matches
66801,17742,C,5,closed,"2022-10-25 00:00:00",12:07:18,"2022-10-25 00:00:00",12:07:18,0,3549,0,yes,1789,yes,matches
66881,19010,C,5,closed,"2022-10-30 00:00:00",20:50:00,"2022-10-30 00:00:00",20:50:00,0,43873,43947,yes,1765,yes,matches
66926,19054,C,5,closed,"2022-11-02 00:00:00",12:00:00,"2022-11-02 00:00:00",12:00:00,0,41779,0,yes,1736,yes,matches
66941,19068,C,5,closed,"2022-11-03 00:00:00",10:30:00,"2022-11-03 00:00:00",10:30:00,0,16645,0,yes,1786,yes,matches
66939,19066,C,5,closed,"2022-11-03 00:00:00",12:00:00,"2022-11-03 00:00:00",12:00:00,0,28064,0,yes,1763,yes,matches
66985,19119,C,5,closed,"2022-11-05 00:00:00",14:04:40,"2022-11-05 00:00:00",14:04:40,0,8360,0,yes,1781,yes,matches
66978,19111,C,5,closed,"2022-11-05 00:00:00",11:00:00,"2022-11-05 00:00:00",11:00:00,0,41994,41995,yes,1736,yes,matches
66995,19130,C,5,closed,"2022-11-06 00:00:00",11:20:00,"2022-11-06 00:00:00",11:20:00,0,56795,56798,yes,1755,yes,matches
67098,19241,C,2,closed,"2022-11-13 00:00:00",14:30:00,"2022-11-13 00:00:00",14:30:00,0,41240,41240,no,1738,no,"FALSE POSITIVE (status 2)"
67585,19764,C,2,closed,"2022-12-18 00:00:00",12:00:00,"2022-12-18 00:00:00",12:00:00,0,31488,31488,no,1759,no,"FALSE POSITIVE (status 2)"
67611,19794,C,2,closed,"2022-12-21 00:00:00",11:30:00,"2022-12-21 00:00:00",11:30:00,0,6699,6699,no,1802,no,"FALSE POSITIVE (status 2)"
67837,20044,C,2,closed,"2023-01-05 00:00:00",20:30:00,"2023-01-05 00:00:00",20:30:00,0,130423,130423,no,1702,no,"FALSE POSITIVE (status 2)"
67855,20064,C,2,closed,"2023-01-06 00:00:00",12:20:00,"2023-01-06 00:00:00",12:20:00,0,16320,16320,no,1755,no,"FALSE POSITIVE (status 2)"
68129,20355,C,2,closed,"2023-01-21 00:00:00",19:45:00,"2023-01-21 00:00:00",19:45:00,0,103405,103405,no,1706,no,"FALSE POSITIVE (status 2)"
68579,20844,C,2,closed,"2023-02-18 00:00:00",10:00:00,"2023-02-18 00:00:00",10:00:00,0,92832,92833,yes,1708,no,"FALSE POSITIVE (status 2)"
69326,21617,C,2,closed,"2023-04-10 00:00:00",13:30:00,"2023-04-10 00:00:00",13:30:00,0,42356,42356,no,1746,no,"FALSE POSITIVE (status 2)"
69531,21825,C,2,closed,"2023-04-26 00:00:00",10:00:00,"2023-04-26 00:00:00",10:00:00,0,42790,42790,no,1759,no,"FALSE POSITIVE (status 2)"
69530,21824,C,2,closed,"2023-04-26 00:00:00",16:38:00,"2023-04-26 00:00:00",16:38:00,0,19750,19750,no,1775,no,"FALSE POSITIVE (status 2)"
69638,21938,C,2,closed,"2023-05-03 00:00:00",15:00:00,"2023-05-03 00:00:00",15:00:00,0,25552,25552,no,1805,no,"FALSE POSITIVE (status 2)"
70003,22310,C,5,closed,"2023-05-29 00:00:00",22:30:00,"2023-05-29 00:00:00",22:30:00,0,66104,66104,no,1741,yes,matches
70014,22324,C,5,closed,"2023-05-31 00:00:00",12:00:05,"2023-05-31 00:00:00",12:00:05,0,54938,0,yes,1730,yes,matches
70053,22365,C,5,closed,"2023-06-03 00:00:00",17:47:59,"2023-06-03 00:00:00",17:47:59,0,32283,32296,yes,1777,yes,matches
70048,22360,C,5,closed,"2023-06-03 00:00:00",12:27:16,"2023-06-03 00:00:00",12:27:16,0,146922,0,yes,1703,yes,matches
70099,22426,C,5,closed,"2023-06-08 00:00:00",16:00:00,"2023-06-08 00:00:00",16:00:00,0,9585,0,yes,1818,yes,matches
70096,22422,C,5,closed,"2023-06-08 00:00:00",09:50:23,"2023-06-08 00:00:00",09:50:23,0,26290,0,yes,1790,yes,matches
70091,22415,C,5,closed,"2023-06-08 00:00:00",10:00:00,"2023-06-08 00:00:00",10:00:00,0,63137,0,yes,1734,yes,matches
70105,22433,C,5,closed,"2023-06-09 00:00:00",11:00:00,"2023-06-09 00:00:00",11:00:00,0,26290,0,yes,1790,yes,matches
70139,22477,C,5,closed,"2023-06-11 00:00:00",11:55:36,"2023-06-11 00:00:00",11:55:36,0,70487,0,yes,1720,yes,matches
70144,22484,C,5,closed,"2023-06-12 00:00:00",10:00:00,"2023-06-12 00:00:00",10:00:00,0,46285,0,yes,1784,yes,matches
70149,22489,C,5,closed,"2023-06-13 00:00:00",10:00:00,"2023-06-13 00:00:00",10:00:00,0,50618,0,yes,1739,yes,matches
70192,22543,C,5,closed,"2023-06-16 00:00:00",19:47:32,"2023-06-16 00:00:00",19:47:32,0,147781,0,yes,1703,yes,matches
70191,22542,C,5,closed,"2023-06-16 00:00:00",19:23:34,"2023-06-16 00:00:00",19:23:34,0,9418,0,yes,1803,yes,matches
70268,22631,C,5,closed,"2023-06-24 00:00:00",12:00:00,"2023-06-24 00:00:00",12:00:00,0,71199,0,yes,1720,yes,matches
69903,22207,C,2,closed,"2023-06-24 00:00:00",20:30:00,"2023-06-24 00:00:00",20:30:00,0,26331,26331,no,1782,no,"FALSE POSITIVE (status 2)"
70291,22659,C,5,closed,"2023-06-25 00:00:00",19:00:00,"2023-06-25 00:00:00",19:00:00,0,10739,0,yes,1818,yes,matches
70289,22657,C,5,closed,"2023-06-25 00:00:00",14:47:45,"2023-06-25 00:00:00",14:47:45,0,23859,0,yes,1804,yes,matches
70285,22652,C,5,closed,"2023-06-25 00:00:00",11:50:00,"2023-06-25 00:00:00",11:50:00,0,12142,0,yes,1816,yes,matches
70284,22651,C,5,closed,"2023-06-25 00:00:00",10:00:00,"2023-06-25 00:00:00",10:00:00,0,71194,0,yes,1720,yes,matches
70296,22666,C,5,closed,"2023-06-26 00:00:00",11:30:00,"2023-06-26 00:00:00",11:30:00,0,32130,0,yes,1800,yes,matches
70314,22686,C,5,closed,"2023-06-27 00:00:00",21:55:00,"2023-06-27 00:00:00",21:55:00,0,51020,0,yes,1756,yes,matches
70313,22685,C,5,closed,"2023-06-27 00:00:00",13:30:27,"2023-06-27 00:00:00",13:30:27,0,55998,0,yes,1730,yes,matches
70343,22717,C,5,closed,"2023-06-29 00:00:00",18:00:00,"2023-06-29 00:00:00",18:00:00,0,108538,0,yes,1771,yes,matches
70364,22741,C,5,closed,"2023-06-30 00:00:00",18:58:01,"2023-06-30 00:00:00",18:58:01,0,42515,0,yes,1774,yes,matches
70394,22776,C,5,closed,"2023-07-03 00:00:00",20:09:34,"2023-07-03 00:00:00",20:09:34,0,104451,0,yes,1697,yes,matches
70396,22778,C,5,closed,"2023-07-04 00:00:00",09:56:28,"2023-07-04 00:00:00",09:56:28,0,51102,0,yes,1756,yes,matches
70416,22802,C,5,closed,"2023-07-05 00:00:00",22:26:55,"2023-07-05 00:00:00",22:26:55,0,51910,0,yes,1772,yes,matches
70443,22843,C,5,closed,"2023-07-08 00:00:00",18:29:11,"2023-07-08 00:00:00",18:29:11,0,73161,0,yes,1732,yes,matches
70441,22841,C,5,closed,"2023-07-08 00:00:00",13:15:21,"2023-07-08 00:00:00",13:15:21,0,24818,0,yes,1804,yes,matches
70452,22852,C,5,closed,"2023-07-09 00:00:00",15:17:08,"2023-07-09 00:00:00",15:17:08,0,43220,0,yes,1774,yes,matches
70450,22850,C,5,closed,"2023-07-09 00:00:00",10:51:32,"2023-07-09 00:00:00",10:51:32,0,73184,0,yes,1732,yes,matches
70465,22865,C,5,closed,"2023-07-10 00:00:00",20:50:02,"2023-07-10 00:00:00",20:50:02,0,57367,0,yes,1738,yes,matches
70464,22864,C,5,closed,"2023-07-10 00:00:00",17:18:55,"2023-07-10 00:00:00",17:18:55,0,98748,0,yes,1733,yes,matches
70717,23174,C,5,closed,"2023-07-17 00:00:00",16:30:00,"2023-07-17 00:00:00",16:30:00,0,76167,0,yes,1755,yes,matches
70540,22953,C,5,closed,"2023-07-17 00:00:00",16:49:50,"2023-07-17 00:00:00",16:49:50,0,48024,0,yes,1759,yes,matches
70538,22951,C,5,closed,"2023-07-17 00:00:00",18:00:00,"2023-07-17 00:00:00",18:00:00,0,34848,0,yes,1777,yes,matches
70547,22962,C,5,closed,"2023-07-18 00:00:00",22:00:00,"2023-07-18 00:00:00",22:00:00,0,47490,0,yes,1773,yes,matches
116,22979,U,5,closed,"2023-07-19 00:00:00",13:27:02,"2023-07-19 00:00:00",13:27:02,0,33716,0,yes,1783,yes,matches
70577,23001,C,5,closed,"2023-07-22 00:00:00",12:00:00,"2023-07-22 00:00:00",12:00:00,0,47567,0,yes,1773,yes,matches
70576,23000,C,5,closed,"2023-07-22 00:00:00",10:24:29,"2023-07-22 00:00:00",10:24:29,0,151528,0,yes,1703,yes,matches
70595,23028,C,5,closed,"2023-07-23 00:00:00",19:22:25,"2023-07-23 00:00:00",19:22:25,0,25908,0,yes,1781,yes,matches
70608,23045,C,5,closed,"2023-07-25 00:00:00",17:30:00,"2023-07-25 00:00:00",17:30:00,0,45450,0,yes,1788,yes,matches
70627,23069,C,5,closed,"2023-07-27 00:00:00",10:00:00,"2023-07-27 00:00:00",10:00:00,0,151756,0,yes,1703,yes,matches
70641,23084,C,5,closed,"2023-07-28 00:00:00",11:15:00,"2023-07-28 00:00:00",11:15:00,0,23735,0,yes,1775,yes,matches
70652,23100,C,5,closed,"2023-07-30 00:00:00",11:10:07,"2023-07-30 00:00:00",11:10:07,0,24633,0,yes,1807,yes,matches
70661,23112,C,5,closed,"2023-07-31 00:00:00",10:48:33,"2023-07-31 00:00:00",10:48:33,0,48854,0,yes,1759,yes,matches
70656,23107,C,5,closed,"2023-07-31 00:00:00",13:00:00,"2023-07-31 00:00:00",13:00:00,0,103313,0,yes,1718,yes,matches
70677,23129,C,5,closed,"2023-08-01 00:00:00",20:00:00,"2023-08-01 00:00:00",20:00:00,0,5959,0,yes,1836,yes,matches
70670,23122,C,5,closed,"2023-08-01 00:00:00",11:00:00,"2023-08-01 00:00:00",11:00:00,0,68445,68536,yes,1741,yes,matches
70691,23145,C,5,closed,"2023-08-02 00:00:00",22:18:01,"2023-08-02 00:00:00",22:18:01,0,50694,0,yes,1742,yes,matches
70687,23141,C,5,closed,"2023-08-02 00:00:00",17:51:43,"2023-08-02 00:00:00",17:51:43,0,36310,0,yes,1777,yes,matches
70713,23170,C,5,closed,"2023-08-05 00:00:00",11:51:14,"2023-08-05 00:00:00",11:51:14,0,7007,0,yes,1813,yes,matches
70744,23210,C,5,closed,"2023-08-08 00:00:00",21:30:00,"2023-08-08 00:00:00",21:30:00,0,25552,0,yes,1807,yes,matches
70749,23216,C,5,closed,"2023-08-09 00:00:00",11:00:00,"2023-08-09 00:00:00",11:00:00,0,63515,0,yes,1762,yes,matches
70777,23249,C,5,closed,"2023-08-10 00:00:00",21:42:14,"2023-08-10 00:00:00",21:42:14,0,37880,0,yes,1776,yes,matches
70767,23239,C,5,closed,"2023-08-10 00:00:00",16:00:00,"2023-08-10 00:00:00",16:00:00,0,49095,0,yes,1759,yes,matches
70766,23238,C,5,closed,"2023-08-10 00:00:00",17:20:00,"2023-08-10 00:00:00",17:20:00,0,24787,0,yes,1796,yes,matches
70783,23256,C,5,closed,"2023-08-11 00:00:00",15:00:00,"2023-08-11 00:00:00",15:00:00,0,28627,0,yes,1790,yes,matches
70778,23250,C,5,closed,"2023-08-11 00:00:00",10:00:00,"2023-08-11 00:00:00",10:00:00,0,25879,0,yes,1807,yes,matches
70787,23264,C,5,closed,"2023-08-12 00:00:00",13:17:12,"2023-08-12 00:00:00",13:17:12,0,10247,0,yes,1809,yes,matches
70785,23262,C,5,closed,"2023-08-12 00:00:00",12:59:28,"2023-08-12 00:00:00",12:59:28,0,77978,0,yes,1755,yes,matches
70824,23314,C,5,closed,"2023-08-16 00:00:00",14:32:48,"2023-08-16 00:00:00",14:32:48,0,49554,0,yes,1763,yes,matches
70834,23326,C,5,closed,"2023-08-17 00:00:00",12:08:51,"2023-08-17 00:00:00",12:08:51,0,27334,0,yes,1802,yes,matches
70829,23321,C,5,closed,"2023-08-17 00:00:00",10:30:00,"2023-08-17 00:00:00",10:30:00,0,15258,0,yes,1818,yes,matches
70845,23340,C,5,closed,"2023-08-18 00:00:00",13:00:00,"2023-08-18 00:00:00",13:00:00,0,11119,0,yes,1825,yes,matches
70841,23336,C,5,closed,"2023-08-18 00:00:00",11:00:00,"2023-08-18 00:00:00",11:00:00,0,28670,0,yes,1790,yes,matches
70873,23381,C,5,closed,"2023-08-23 00:00:00",15:43:42,"2023-08-23 00:00:00",15:43:42,0,15609,0,yes,1815,yes,matches
70899,23411,C,5,closed,"2023-08-25 00:00:00",20:00:00,"2023-08-25 00:00:00",20:00:00,0,77036,0,yes,1732,yes,matches
70908,23422,C,5,closed,"2023-08-26 00:00:00",15:36:44,"2023-08-26 00:00:00",15:36:44,0,11121,0,yes,1825,yes,matches
70919,23438,C,5,closed,"2023-08-27 00:00:00",15:18:16,"2023-08-27 00:00:00",15:18:16,0,12747,0,yes,1821,yes,matches
70918,23437,C,5,closed,"2023-08-27 00:00:00",14:58:38,"2023-08-27 00:00:00",14:58:38,0,12747,0,yes,1821,yes,matches
70917,23436,C,5,closed,"2023-08-27 00:00:00",14:25:05,"2023-08-27 00:00:00",14:25:05,0,27535,0,yes,1802,yes,matches
70867,23375,C,5,closed,"2023-08-28 00:00:00",13:00:00,"2023-08-28 00:00:00",13:00:00,0,15756,0,yes,1825,yes,matches
70930,23457,C,5,closed,"2023-08-29 00:00:00",11:00:00,"2023-08-29 00:00:00",11:00:00,0,27029,0,yes,1796,yes,matches
70945,23486,C,5,closed,"2023-08-31 00:00:00",16:26:41,"2023-08-31 00:00:00",16:26:41,0,17292,0,yes,1818,yes,matches
70970,23527,C,5,closed,"2023-09-02 00:00:00",21:01:28,"2023-09-02 00:00:00",21:01:28,0,100822,0,yes,1733,yes,matches
70968,23524,C,5,closed,"2023-09-02 00:00:00",17:28:14,"2023-09-02 00:00:00",17:28:14,0,11000,0,yes,1729,yes,matches
70967,23523,C,5,closed,"2023-09-02 00:00:00",16:51:35,"2023-09-02 00:00:00",16:51:35,0,24729,0,yes,1797,yes,matches
70960,23510,C,5,closed,"2023-09-02 00:00:00",11:00:00,"2023-09-02 00:00:00",11:00:00,0,60167,0,yes,1738,yes,matches
70958,23509,C,5,closed,"2023-09-02 00:00:00",10:00:00,"2023-09-02 00:00:00",10:00:00,0,19175,0,yes,1810,yes,matches
70957,23508,C,5,closed,"2023-09-02 00:00:00",10:00:00,"2023-09-02 00:00:00",10:00:00,0,153581,0,yes,1702,yes,matches
70994,23557,C,5,closed,"2023-09-04 00:00:00",21:13:59,"2023-09-04 00:00:00",21:13:59,0,49730,0,yes,1784,yes,matches
70989,23551,C,5,closed,"2023-09-04 00:00:00",17:37:00,"2023-09-04 00:00:00",17:37:00,0,28987,0,yes,1790,yes,matches
70983,23542,C,5,closed,"2023-09-04 00:00:00",11:42:17,"2023-09-04 00:00:00",11:42:17,0,66113,0,yes,1762,yes,matches
71008,23577,C,5,closed,"2023-09-05 00:00:00",21:10:00,"2023-09-05 00:00:00",21:10:00,0,73762,0,yes,1720,yes,matches
238,23569,T,5,closed,"2023-09-05 00:00:00",16:14:58,"2023-09-05 00:00:00",16:14:58,0,11902,0,yes,1830,yes,matches
70998,23563,C,5,closed,"2023-09-05 00:00:00",13:20:01,"2023-09-05 00:00:00",13:20:01,0,98259,0,yes,1715,yes,matches
71010,23579,C,5,closed,"2023-09-06 00:00:00",10:59:00,"2023-09-06 00:00:00",10:59:00,0,27996,0,yes,1802,yes,matches
71023,23597,C,5,closed,"2023-09-07 00:00:00",11:00:00,"2023-09-07 00:00:00",11:00:00,0,49737,0,yes,1784,yes,matches
71052,23635,C,5,closed,"2023-09-09 00:00:00",17:09:20,"2023-09-09 00:00:00",17:09:20,0,98480,0,yes,1711,yes,matches
71068,23656,C,5,closed,"2023-09-10 00:00:00",16:43:00,"2023-09-10 00:00:00",16:43:00,0,27237,0,yes,1775,yes,matches
71056,23640,C,5,closed,"2023-09-10 00:00:00",14:11:16,"2023-09-10 00:00:00",14:11:16,0,20903,0,yes,1817,yes,matches
71071,23661,C,5,closed,"2023-09-11 00:00:00",18:40:00,"2023-09-11 00:00:00",18:40:00,0,94706,0,yes,1731,yes,matches
71098,23708,C,5,closed,"2023-09-13 00:00:00",19:00:19,"2023-09-13 00:00:00",19:00:19,0,78770,0,yes,1732,yes,matches
71096,23704,C,5,closed,"2023-09-13 00:00:00",17:55:56,"2023-09-13 00:00:00",17:55:56,0,7539,7771,yes,1820,yes,matches
71092,23699,C,5,closed,"2023-09-13 00:00:00",16:00:00,"2023-09-13 00:00:00",16:00:00,0,21021,0,yes,1817,yes,matches
278,23726,T,5,closed,"2023-09-14 00:00:00",17:53:07,"2023-09-14 00:00:00",17:53:07,0,74295,0,yes,1720,yes,matches
71115,23731,C,5,closed,"2023-09-15 00:00:00",10:00:00,"2023-09-15 00:00:00",10:00:00,0,58205,0,yes,1749,yes,matches
71136,23752,C,5,closed,"2023-09-16 00:00:00",10:32:10,"2023-09-16 00:00:00",10:32:10,0,5881,0,yes,1828,yes,matches
71133,23749,C,5,closed,"2023-09-16 00:00:00",11:00:00,"2023-09-16 00:00:00",11:00:00,0,16856,0,yes,1827,yes,matches
71132,23660,C,5,closed,"2023-09-16 00:00:00",10:00:00,"2023-09-16 00:00:00",10:00:00,0,30986,,no,1792,yes,matches
71158,23782,C,5,closed,"2023-09-17 00:00:00",19:00:00,"2023-09-17 00:00:00",19:00:00,0,28764,0,yes,1802,yes,matches
71168,23799,C,5,closed,"2023-09-18 00:00:00",16:00:00,"2023-09-18 00:00:00",16:00:00,0,16548,0,yes,1823,yes,matches
71186,23826,C,5,closed,"2023-09-20 00:00:00",17:20:00,"2023-09-20 00:00:00",17:20:00,0,107017,0,yes,1697,yes,matches
71207,23849,C,5,closed,"2023-09-21 00:00:00",20:00:00,"2023-09-21 00:00:00",20:00:00,0,12885,0,yes,1831,yes,matches
71206,23848,C,5,closed,"2023-09-21 00:00:00",16:30:00,"2023-09-21 00:00:00",16:30:00,0,27608,0,yes,1775,yes,matches
71224,23866,C,5,closed,"2023-09-22 00:00:00",21:22:33,"2023-09-22 00:00:00",21:22:33,0,59975,0,yes,1730,yes,matches
71272,23937,C,5,closed,"2023-09-26 00:00:00",17:20:00,"2023-09-26 00:00:00",17:20:00,0,18284,0,yes,1815,yes,matches
71285,23956,C,5,closed,"2023-09-27 00:00:00",19:50:13,"2023-09-27 00:00:00",19:50:13,0,28925,0,yes,1781,yes,matches
71284,23954,C,5,closed,"2023-09-27 00:00:00",19:34:37,"2023-09-27 00:00:00",19:34:37,0,28925,0,yes,1781,yes,matches
71283,23953,C,5,closed,"2023-09-27 00:00:00",18:56:44,"2023-09-27 00:00:00",18:56:44,0,25603,0,yes,1797,yes,matches
71299,23971,C,5,closed,"2023-09-28 00:00:00",16:46:09,"2023-09-28 00:00:00",16:46:09,0,35891,0,yes,1795,yes,matches
71298,23970,C,5,closed,"2023-09-28 00:00:00",16:38:07,"2023-09-28 00:00:00",16:38:07,0,43312,0,yes,1795,yes,matches
71305,23979,C,5,closed,"2023-09-29 00:00:00",10:41:19,"2023-09-29 00:00:00",10:41:19,0,60067,0,yes,1730,yes,matches
71303,23977,C,5,closed,"2023-09-29 00:00:00",10:00:00,"2023-09-29 00:00:00",10:00:00,0,34267,0,yes,1782,yes,matches
71326,24006,C,5,closed,"2023-09-30 00:00:00",17:05:29,"2023-09-30 00:00:00",17:05:29,0,95592,0,yes,1713,yes,matches
71350,24037,C,5,closed,"2023-10-01 00:00:00",21:33:17,"2023-10-01 00:00:00",21:33:17,0,63426,0,yes,1729,yes,matches
71362,24056,C,5,closed,"2023-10-02 00:00:00",20:58:12,"2023-10-02 00:00:00",20:58:12,0,41989,0,yes,1783,yes,matches
71381,24076,C,5,closed,"2023-10-04 00:00:00",10:30:00,"2023-10-04 00:00:00",10:30:00,0,41957,0,yes,1783,yes,matches
71409,24112,C,5,closed,"2023-10-05 00:00:00",19:38:18,"2023-10-05 00:00:00",19:38:18,0,13270,0,yes,1793,yes,matches
71411,24116,C,5,closed,"2023-10-06 00:00:00",10:22:58,"2023-10-06 00:00:00",10:22:58,0,95298,0,yes,1731,yes,matches
71437,24153,C,5,closed,"2023-10-09 00:00:00",14:00:00,"2023-10-09 00:00:00",14:00:00,0,68744,0,yes,1762,yes,matches
71458,24180,C,5,closed,"2023-10-11 00:00:00",11:00:00,"2023-10-11 00:00:00",11:00:00,0,32726,0,yes,1790,yes,matches
71481,24213,C,5,closed,"2023-10-12 00:00:00",16:34:06,"2023-10-12 00:00:00",16:34:06,0,105075,0,yes,1712,yes,matches
71589,24339,C,5,closed,"2023-10-19 00:00:00",13:00:00,"2023-10-19 00:00:00",13:00:00,0,54767,0,yes,1773,yes,matches
71583,24332,C,5,closed,"2023-10-19 00:00:00",06:30:00,"2023-10-19 00:00:00",06:30:00,0,100132,,no,1715,yes,matches
71613,24366,C,5,closed,"2023-10-20 00:00:00",20:24:49,"2023-10-20 00:00:00",20:24:49,0,26427,0,yes,1804,yes,matches
71610,24363,C,5,closed,"2023-10-20 00:00:00",19:30:00,"2023-10-20 00:00:00",19:30:00,0,30140,0,yes,1799,yes,matches
71636,24393,C,5,closed,"2023-10-22 00:00:00",14:35:00,"2023-10-22 00:00:00",14:35:00,0,32366,0,yes,1807,yes,matches
71632,24388,C,5,closed,"2023-10-22 00:00:00",15:28:00,"2023-10-22 00:00:00",15:28:00,0,30052,0,yes,1780,yes,matches
71655,24419,C,5,closed,"2023-10-24 00:00:00",14:37:03,"2023-10-24 00:00:00",14:37:03,0,41373,,no,1777,yes,matches
71697,24468,C,5,closed,"2023-10-26 00:00:00",17:18:57,"2023-10-26 00:00:00",17:18:57,0,99733,0,yes,1767,yes,matches
71707,24479,C,5,closed,"2023-10-27 00:00:00",14:14:30,"2023-10-27 00:00:00",14:14:30,0,100297,0,yes,1715,yes,matches
71818,24622,C,5,closed,"2023-11-05 00:00:00",09:00:00,"2023-11-05 00:00:00",09:00:00,0,108852,0,yes,1718,yes,matches
71881,24478,C,5,closed,"2023-11-09 00:00:00",21:00:00,"2023-11-09 00:00:00",21:00:00,0,37575,,no,1801,yes,matches
71912,24735,C,5,closed,"2023-11-12 00:00:00",10:13:00,"2023-11-12 00:00:00",10:13:00,0,59095,0,yes,1763,yes,matches
71933,24762,C,5,closed,"2023-11-13 00:00:00",21:15:00,"2023-11-13 00:00:00",21:15:00,0,81940,0,yes,1765,yes,matches
71957,24791,C,5,closed,"2023-11-15 00:00:00",19:00:00,"2023-11-15 00:00:00",19:00:00,0,42128,0,yes,1748,yes,matches
71973,24771,C,5,closed,"2023-11-17 00:00:00",09:30:00,"2023-11-17 00:00:00",09:30:00,0,33059,,no,1750,yes,matches
72002,24850,C,5,closed,"2023-11-18 00:00:00",19:30:00,"2023-11-18 00:00:00",19:30:00,0,20214,0,yes,1833,yes,matches
72012,24859,C,5,closed,"2023-11-19 00:00:00",14:00:00,"2023-11-19 00:00:00",14:00:00,0,20198,0,yes,1833,yes,matches
72051,24911,C,5,closed,"2023-11-21 00:00:00",21:14:22,"2023-11-21 00:00:00",21:14:22,0,68614,0,yes,1736,yes,matches
72067,24933,C,5,closed,"2023-11-23 00:00:00",12:54:42,"2023-11-23 00:00:00",12:54:42,0,115263,0,yes,1704,yes,matches
72088,24959,C,5,closed,"2023-11-24 00:00:00",17:05:58,"2023-11-24 00:00:00",17:05:58,0,177930,0,yes,1698,yes,matches
72107,24984,C,5,closed,"2023-11-25 00:00:00",22:00:00,"2023-11-25 00:00:00",22:00:00,0,32066,0,yes,1787,yes,matches
72116,24992,C,5,closed,"2023-11-26 00:00:00",12:08:39,"2023-11-26 00:00:00",12:08:39,0,24292,0,yes,1818,yes,matches
72127,25005,C,5,closed,"2023-11-27 00:00:00",15:00:00,"2023-11-27 00:00:00",15:00:00,0,16591,0,yes,1809,yes,matches
72174,25073,C,5,closed,"2023-11-30 00:00:00",21:25:43,"2023-11-30 00:00:00",21:25:43,0,9367,0,yes,1834,yes,matches
72168,25067,C,5,closed,"2023-11-30 00:00:00",20:00:00,"2023-11-30 00:00:00",20:00:00,0,37511,0,yes,1796,yes,matches
72181,25080,C,5,closed,"2023-12-01 00:00:00",12:38:12,"2023-12-01 00:00:00",12:38:12,0,33924,0,yes,1799,yes,matches
72205,25113,C,5,closed,"2023-12-02 00:00:00",20:17:31,"2023-12-02 00:00:00",20:17:31,0,97755,0,yes,1717,yes,matches
72218,25129,C,5,closed,"2023-12-04 00:00:00",10:05:00,"2023-12-04 00:00:00",10:05:00,0,104031,0,yes,1711,yes,matches
72242,25164,C,5,closed,"2023-12-06 00:00:00",16:41:11,"2023-12-06 00:00:00",16:41:11,0,28499,0,yes,1817,yes,matches
72258,25185,C,5,closed,"2023-12-07 00:00:00",18:56:26,"2023-12-07 00:00:00",18:56:26,0,123494,0,yes,1771,yes,matches
72270,25195,C,5,closed,"2023-12-08 00:00:00",16:05:00,"2023-12-08 00:00:00",16:05:00,0,69594,0,yes,1736,yes,matches
72283,25219,C,5,closed,"2023-12-09 00:00:00",16:13:32,"2023-12-09 00:00:00",16:13:32,0,18672,0,yes,1793,yes,matches
72294,25234,C,5,closed,"2023-12-10 00:00:00",17:12:30,"2023-12-10 00:00:00",17:12:30,0,28510,0,yes,1817,yes,matches
72333,25297,C,5,closed,"2023-12-11 00:00:00",11:20:00,"2023-12-11 00:00:00",11:20:00,0,52845,,no,1754,yes,matches
605,25288,U,5,closed,"2023-12-13 00:00:00",13:25:00,"2023-12-13 00:00:00",13:25:00,0,52845,0,yes,1754,yes,matches
72318,25277,C,5,closed,"2023-12-13 00:00:00",08:30:00,"2023-12-13 00:00:00",08:30:00,0,24761,24828,yes,1837,yes,matches
72350,25320,C,5,closed,"2023-12-14 00:00:00",19:23:58,"2023-12-14 00:00:00",19:23:58,0,10738,0,yes,1813,yes,matches
72373,25344,C,5,closed,"2023-12-16 00:00:00",14:00:00,"2023-12-16 00:00:00",14:00:00,0,114250,0,yes,1757,yes,matches
72369,25339,C,5,closed,"2023-12-16 00:00:00",10:39:36,"2023-12-16 00:00:00",10:39:36,0,44502,0,yes,1748,yes,matches
72385,25365,C,5,closed,"2023-12-17 00:00:00",18:24:49,"2023-12-17 00:00:00",18:24:49,0,70009,0,yes,1736,yes,matches
72384,25364,C,5,closed,"2023-12-17 00:00:00",21:00:00,"2023-12-17 00:00:00",21:00:00,0,6390,0,yes,1812,yes,matches
72383,25359,C,5,closed,"2023-12-17 00:00:00",13:30:00,"2023-12-17 00:00:00",13:30:00,0,29471,0,yes,1817,yes,matches
72380,25356,C,5,closed,"2023-12-17 00:00:00",10:56:00,"2023-12-17 00:00:00",10:56:00,0,52488,0,yes,1750,yes,matches
2,25386,P,5,closed,"2023-12-18 00:00:00",15:07:30,"2023-12-18 00:00:00",15:07:30,0,6666,0,yes,1853,yes,matches
72401,25385,P,5,closed,"2023-12-18 00:00:00",14:27:55,"2023-12-18 00:00:00",14:27:55,0,22811,,no,1833,yes,matches
72452,25454,C,5,closed,"2023-12-21 00:00:00",16:21:01,"2023-12-21 00:00:00",16:21:01,0,76236,0,yes,1762,yes,matches
72449,25451,C,5,closed,"2023-12-21 00:00:00",15:00:00,"2023-12-21 00:00:00",15:00:00,0,179152,0,yes,1698,yes,matches
72461,25463,C,5,closed,"2023-12-22 00:00:00",09:58:00,"2023-12-22 00:00:00",09:58:00,0,74913,0,yes,1740,yes,matches
72458,25460,C,5,closed,"2023-12-22 00:00:00",10:06:00,"2023-12-22 00:00:00",10:06:00,0,98806,0,yes,1717,yes,matches
72498,25499,C,5,closed,"2023-12-23 00:00:00",18:03:45,"2023-12-23 00:00:00",18:03:45,0,63656,0,yes,1730,yes,matches
72512,25513,C,5,closed,"2023-12-24 00:00:00",14:22:44,"2023-12-24 00:00:00",14:22:44,0,112939,0,yes,1770,yes,matches
658,25527,U,5,closed,"2023-12-25 00:00:00",13:07:31,"2023-12-25 00:00:00",13:07:31,0,60889,0,yes,1746,yes,matches
72537,25550,C,5,closed,"2023-12-26 00:00:00",15:02:00,"2023-12-26 00:00:00",15:02:00,0,179155,0,yes,1698,yes,matches
72556,25571,C,5,closed,"2023-12-27 00:00:00",13:02:27,"2023-12-27 00:00:00",13:02:27,0,26990,0,yes,1789,yes,matches
72630,25660,C,5,closed,"2023-12-30 00:00:00",14:13:00,"2023-12-30 00:00:00",14:13:00,0,1002,0,yes,1791,yes,matches
680,25649,U,5,closed,"2023-12-30 00:00:00",16:31:11,"2023-12-30 00:00:00",16:31:11,0,147661,0,yes,1712,yes,matches
72633,25663,C,5,closed,"2023-12-31 00:00:00",16:18:01,"2023-12-31 00:00:00",16:18:01,0,117515,0,yes,1704,yes,matches
72632,25662,C,5,closed,"2023-12-31 00:00:00",16:13:00,"2023-12-31 00:00:00",16:13:00,0,117515,0,yes,1704,yes,matches
72643,25676,C,5,closed,"2024-01-01 00:00:00",17:44:31,"2024-01-01 00:00:00",17:44:31,0,56457,0,yes,1784,yes,matches
72657,25692,C,5,closed,"2024-01-02 00:00:00",15:25:36,"2024-01-02 00:00:00",15:25:36,0,56640,0,yes,1784,yes,matches
72654,25689,C,5,closed,"2024-01-02 00:00:00",18:50:00,"2024-01-02 00:00:00",18:50:00,0,36790,0,yes,1799,yes,matches
72652,25687,C,5,closed,"2024-01-02 00:00:00",13:40:11,"2024-01-02 00:00:00",13:40:11,0,35597,0,yes,1787,yes,matches
72651,25685,C,5,closed,"2024-01-02 00:00:00",12:15:05,"2024-01-02 00:00:00",12:15:05,0,15857,0,yes,1819,yes,matches
72668,25706,C,5,closed,"2024-01-03 00:00:00",10:30:00,"2024-01-03 00:00:00",10:30:00,0,7386,0,yes,1844,yes,matches
72697,25746,C,5,closed,"2024-01-04 00:00:00",17:10:00,"2024-01-04 00:00:00",17:10:00,0,76007,0,yes,1740,yes,matches
72692,25740,C,5,closed,"2024-01-04 00:00:00",14:40:52,"2024-01-04 00:00:00",14:40:52,0,25685,0,yes,1810,yes,matches
72687,25733,C,5,closed,"2024-01-04 00:00:00",11:21:43,"2024-01-04 00:00:00",11:21:43,0,58227,0,yes,1742,yes,matches
707,25774,U,5,closed,"2024-01-05 00:00:00",20:33:00,"2024-01-05 00:00:00",20:33:00,0,57266,0,yes,1784,yes,matches
72711,25762,C,5,closed,"2024-01-05 00:00:00",14:26:28,"2024-01-05 00:00:00",14:26:28,0,71009,0,yes,1805,yes,matches
72723,25777,C,5,closed,"2024-01-06 00:00:00",11:00:00,"2024-01-06 00:00:00",11:00:00,0,63937,0,yes,1752,yes,matches
72725,25781,C,5,closed,"2024-01-06 00:00:00",14:00:00,"2024-01-06 00:00:00",14:00:00,0,21751,0,yes,1794,yes,matches
72794,25870,C,5,closed,"2024-01-10 00:00:00",19:00:00,"2024-01-10 00:00:00",19:00:00,0,71461,0,yes,1768,yes,matches
72805,25884,C,5,closed,"2024-01-11 00:00:00",14:29:00,"2024-01-11 00:00:00",14:29:00,0,77622,0,yes,1762,yes,matches
72833,25916,C,5,closed,"2024-01-12 00:00:00",21:10:00,"2024-01-12 00:00:00",21:10:00,0,9569,0,yes,1812,yes,matches
72820,25900,C,5,closed,"2024-01-12 00:00:00",12:23:45,"2024-01-12 00:00:00",12:23:45,0,64574,0,yes,1753,yes,matches
72852,25938,C,5,closed,"2024-01-13 00:00:00",20:00:00,"2024-01-13 00:00:00",20:00:00,0,37535,0,yes,1799,yes,matches
72863,25952,C,5,closed,"2024-01-14 00:00:00",13:20:27,"2024-01-14 00:00:00",13:20:27,0,51070,0,yes,1743,yes,matches
72890,25990,C,5,closed,"2024-01-16 00:00:00",23:00:00,"2024-01-16 00:00:00",23:00:00,0,53295,0,yes,1776,yes,matches
72916,26024,C,5,closed,"2024-01-18 00:00:00",16:00:00,"2024-01-18 00:00:00",16:00:00,0,37838,0,yes,1799,yes,matches
72915,26023,C,5,closed,"2024-01-18 00:00:00",14:25:18,"2024-01-18 00:00:00",14:25:18,0,38373,0,yes,1780,yes,matches
72930,25753,C,5,closed,"2024-01-19 00:00:00",11:31:00,"2024-01-19 00:00:00",11:31:00,0,18503,,no,1848,yes,matches
72937,26050,C,5,closed,"2024-01-19 00:00:00",15:11:38,"2024-01-19 00:00:00",15:11:38,0,8252,0,yes,1844,yes,matches
72929,26041,C,5,closed,"2024-01-19 00:00:00",10:04:03,"2024-01-19 00:00:00",10:04:03,0,60553,0,yes,1759,yes,matches
72928,26040,C,5,closed,"2024-01-19 00:00:00",10:30:00,"2024-01-19 00:00:00",10:30:00,0,53137,,no,1743,yes,matches
73212,26379,C,5,closed,"2024-01-20 00:00:00",17:08:00,"2024-01-20 00:00:00",17:08:00,0,14400,0,yes,1824,yes,matches
72972,26098,C,5,closed,"2024-01-21 00:00:00",18:00:00,"2024-01-21 00:00:00",18:00:00,0,20370,0,yes,1809,yes,matches
72995,26125,C,5,closed,"2024-01-22 00:00:00",18:10:00,"2024-01-22 00:00:00",18:10:00,0,72525,0,yes,1768,yes,matches
72981,26110,C,5,closed,"2024-01-22 00:00:00",07:00:00,"2024-01-22 00:00:00",07:00:00,0,60557,0,yes,1759,yes,matches
73016,26147,C,5,closed,"2024-01-23 00:00:00",17:12:35,"2024-01-23 00:00:00",17:12:35,0,77728,0,yes,1734,yes,matches
73011,26141,C,5,closed,"2024-01-23 00:00:00",14:29:57,"2024-01-23 00:00:00",14:29:57,0,105553,0,yes,1767,yes,matches
73003,26135,C,5,closed,"2024-01-23 00:00:00",10:57:30,"2024-01-23 00:00:00",10:57:30,0,38109,0,yes,1775,yes,matches
73048,26187,C,5,closed,"2024-01-25 00:00:00",11:35:00,"2024-01-25 00:00:00",11:35:00,0,41039,0,yes,1807,yes,matches
73046,26185,C,5,closed,"2024-01-25 00:00:00",11:30:00,"2024-01-25 00:00:00",11:30:00,0,28968,0,yes,1803,yes,matches
73069,26211,C,2,closed,"2024-01-26 00:00:00",01:00:00,"2024-01-26 00:00:00",01:00:00,1,28968,28968,no,1803,no,"FALSE POSITIVE (status 2)"
73108,26259,C,5,closed,"2024-01-27 00:00:00",20:49:03,"2024-01-27 00:00:00",20:49:03,0,38885,0,yes,1781,yes,matches
73100,26248,C,5,closed,"2024-01-27 00:00:00",17:34:00,"2024-01-27 00:00:00",17:34:00,0,25018,0,yes,1829,yes,matches
73095,26243,C,5,closed,"2024-01-27 00:00:00",14:06:17,"2024-01-27 00:00:00",14:06:17,0,9813,0,yes,1843,yes,matches
73115,26266,C,5,closed,"2024-01-28 00:00:00",10:10:00,"2024-01-28 00:00:00",10:10:00,0,39587,0,yes,1814,yes,matches
73148,26305,C,5,closed,"2024-01-29 00:00:00",18:20:00,"2024-01-29 00:00:00",18:20:00,0,61243,0,yes,1772,yes,matches
73130,26284,C,5,closed,"2024-01-29 00:00:00",16:00:00,"2024-01-29 00:00:00",16:00:00,0,45860,0,yes,1748,yes,matches
73128,26282,C,5,closed,"2024-01-29 00:00:00",01:20:00,"2024-01-29 00:00:00",01:20:00,0,60697,0,yes,1788,yes,matches
73174,26334,C,5,closed,"2024-01-31 00:00:00",10:10:00,"2024-01-31 00:00:00",10:10:00,0,24075,0,yes,1794,yes,matches
73194,26358,C,5,closed,"2024-02-01 00:00:00",11:00:00,"2024-02-01 00:00:00",11:00:00,0,110622,0,yes,1711,yes,matches
73222,26391,C,5,closed,"2024-02-02 00:00:00",19:00:00,"2024-02-02 00:00:00",19:00:00,0,95083,0,yes,1714,yes,matches
73216,26384,C,5,closed,"2024-02-02 00:00:00",11:22:32,"2024-02-02 00:00:00",11:22:32,0,41855,0,yes,1796,yes,matches
73242,26415,C,5,closed,"2024-02-03 00:00:00",10:44:57,"2024-02-03 00:00:00",10:44:57,0,59414,0,yes,1742,yes,matches
73261,26435,C,5,closed,"2024-02-04 00:00:00",11:04:51,"2024-02-04 00:00:00",11:04:51,0,40584,0,yes,1804,yes,matches
73289,26477,C,5,closed,"2024-02-05 00:00:00",17:56:27,"2024-02-05 00:00:00",17:56:27,0,42931,0,yes,1807,yes,matches
73328,26525,C,5,closed,"2024-02-06 00:00:00",23:25:28,"2024-02-06 00:00:00",23:25:28,0,5855,0,yes,1835,yes,matches
73327,26524,C,5,closed,"2024-02-06 00:00:00",23:15:37,"2024-02-06 00:00:00",23:15:37,0,101987,0,yes,1731,yes,matches
846,26506,U,5,closed,"2024-02-06 00:00:00",16:00:31,"2024-02-06 00:00:00",16:00:31,0,36682,0,yes,1847,yes,matches
73302,26490,C,5,closed,"2024-02-06 00:00:00",11:02:00,"2024-02-06 00:00:00",11:02:00,0,54245,0,yes,1776,yes,matches
73299,26486,C,5,closed,"2024-02-06 00:00:00",10:00:00,"2024-02-06 00:00:00",10:00:00,0,12339,0,yes,1791,yes,matches
73333,26532,C,5,closed,"2024-02-07 00:00:00",10:51:27,"2024-02-07 00:00:00",10:51:27,0,46247,0,yes,1748,yes,matches
73374,26582,C,5,closed,"2024-02-08 00:00:00",23:03:58,"2024-02-08 00:00:00",23:03:58,0,112943,0,yes,1733,yes,matches
73367,26573,C,5,closed,"2024-02-08 00:00:00",15:49:45,"2024-02-08 00:00:00",15:49:45,0,42644,0,yes,1796,yes,matches
73360,26563,C,5,closed,"2024-02-08 00:00:00",11:07:00,"2024-02-08 00:00:00",11:07:00,0,71976,72003,yes,1737,yes,matches
73383,26593,C,5,closed,"2024-02-09 00:00:00",21:01:00,"2024-02-09 00:00:00",21:01:00,0,54542,0,yes,1776,yes,matches
73439,26659,C,5,closed,"2024-02-13 00:00:00",10:00:00,"2024-02-13 00:00:00",10:00:00,0,74847,0,yes,1768,yes,matches
73483,26716,C,5,closed,"2024-02-15 00:00:00",10:00:00,"2024-02-15 00:00:00",10:00:00,0,31849,0,yes,1797,yes,matches
73555,26810,C,5,closed,"2024-02-18 00:00:00",17:00:00,"2024-02-18 00:00:00",17:00:00,0,53137,0,yes,1743,yes,matches
73551,26806,C,5,closed,"2024-02-18 00:00:00",14:11:43,"2024-02-18 00:00:00",14:11:43,0,72909,0,yes,1737,yes,matches
73566,26825,C,5,closed,"2024-02-19 00:00:00",11:17:27,"2024-02-19 00:00:00",11:17:27,0,67450,0,yes,1746,yes,matches
73565,26824,C,5,closed,"2024-02-19 00:00:00",12:00:00,"2024-02-19 00:00:00",12:00:00,0,37434,0,yes,1778,yes,matches
73608,26874,C,5,closed,"2024-02-21 00:00:00",20:05:00,"2024-02-21 00:00:00",20:05:00,0,15866,0,yes,1828,yes,matches
73598,26866,C,5,closed,"2024-02-21 00:00:00",11:00:00,"2024-02-21 00:00:00",11:00:00,0,18485,0,yes,1819,yes,matches
73612,26858,C,5,closed,"2024-02-21 00:00:00",21:46:00,"2024-02-21 00:00:00",21:46:00,0,73106,,no,1737,yes,matches
73638,26908,C,5,closed,"2024-02-23 00:00:00",12:06:13,"2024-02-23 00:00:00",12:06:13,0,40941,0,yes,1780,yes,matches
73693,26979,C,5,closed,"2024-02-27 00:00:00",10:44:26,"2024-02-27 00:00:00",10:44:26,0,104859,0,yes,1717,yes,matches
73723,27018,C,5,closed,"2024-02-28 00:00:00",21:59:54,"2024-02-28 00:00:00",21:59:54,0,32337,0,yes,1797,yes,matches
73712,27004,C,5,closed,"2024-02-28 00:00:00",10:01:00,"2024-02-28 00:00:00",10:01:00,0,24910,0,yes,1809,yes,matches
73754,27054,C,5,closed,"2024-03-01 00:00:00",15:13:18,"2024-03-01 00:00:00",15:13:18,0,66704,0,yes,1756,yes,matches
73762,27066,C,5,closed,"2024-03-02 00:00:00",11:38:01,"2024-03-02 00:00:00",11:38:01,0,44194,0,yes,1782,yes,matches
73824,27151,C,5,closed,"2024-03-05 00:00:00",20:38:20,"2024-03-05 00:00:00",20:38:20,0,17741,0,yes,1834,yes,matches
73810,27131,C,5,closed,"2024-03-05 00:00:00",11:00:00,"2024-03-05 00:00:00",11:00:00,0,103548,0,yes,1731,yes,matches
73841,27172,C,5,closed,"2024-03-06 00:00:00",22:13:23,"2024-03-06 00:00:00",22:13:23,0,24071,0,yes,1827,yes,matches
73863,27198,C,5,closed,"2024-03-08 00:00:00",13:01:00,"2024-03-08 00:00:00",13:01:00,0,103818,0,yes,1731,yes,matches
73756,27058,C,5,closed,"2024-03-13 00:00:00",14:05:00,"2024-03-13 00:00:00",14:05:00,0,15994,0,yes,1813,yes,matches
73923,27277,C,5,closed,"2024-03-13 00:00:00",15:45:00,"2024-03-13 00:00:00",15:45:00,0,25017,0,yes,1825,yes,matches
73942,27302,C,5,closed,"2024-03-14 00:00:00",21:50:48,"2024-03-14 00:00:00",21:50:48,0,63191,0,yes,1784,yes,matches
1017,27321,U,5,closed,"2024-03-15 00:00:00",23:02:49,"2024-03-15 00:00:00",23:02:49,0,13994,13953,yes,1844,yes,matches
73980,27356,C,5,closed,"2024-03-18 00:00:00",13:21:55,"2024-03-18 00:00:00",13:21:55,0,43505,0,yes,1775,yes,matches
73995,27378,C,5,closed,"2024-03-19 00:00:00",22:28:36,"2024-03-19 00:00:00",22:28:36,0,58473,0,yes,1776,yes,matches
73993,27376,C,5,closed,"2024-03-19 00:00:00",16:49:17,"2024-03-19 00:00:00",16:49:17,0,68906,0,yes,1752,yes,matches
74014,27402,C,5,closed,"2024-03-21 00:00:00",10:52:56,"2024-03-21 00:00:00",10:52:56,0,14268,14268,no,1843,yes,matches
74009,27397,C,5,closed,"2024-03-21 00:00:00",00:00:02,"2024-03-21 00:00:00",00:00:02,0,16680,0,yes,1813,yes,matches
74036,27433,C,5,closed,"2024-03-22 00:00:00",16:04:46,"2024-03-22 00:00:00",16:04:46,0,108684,0,yes,1767,yes,matches
74033,27430,C,5,closed,"2024-03-22 00:00:00",11:20:00,"2024-03-22 00:00:00",11:20:00,0,23969,0,yes,1820,yes,matches
74028,27423,C,5,closed,"2024-03-22 00:00:00",12:00:00,"2024-03-22 00:00:00",12:00:00,0,60445,0,yes,1774,yes,matches
74059,27466,C,5,closed,"2024-03-24 00:00:00",14:53:13,"2024-03-24 00:00:00",14:53:13,0,32492,0,yes,1789,yes,matches
74055,27460,C,5,closed,"2024-03-24 00:00:00",00:15:53,"2024-03-24 00:00:00",00:15:53,0,6292,0,yes,1852,yes,matches
74067,27473,C,5,closed,"2024-03-25 00:00:00",14:19:00,"2024-03-25 00:00:00",14:19:00,0,16932,0,yes,1813,yes,matches
74140,27569,C,5,closed,"2024-03-30 00:00:00",20:04:58,"2024-03-30 00:00:00",20:04:58,0,56882,0,yes,1743,yes,matches
74138,27567,C,5,closed,"2024-03-31 00:00:00",11:00:00,"2024-03-31 00:00:00",11:00:00,0,43986,0,yes,1780,yes,matches
74156,27589,C,5,closed,"2024-04-01 00:00:00",11:00:00,"2024-04-01 00:00:00",11:00:00,0,68341,0,yes,1753,yes,matches
74233,27699,C,5,closed,"2024-04-07 00:00:00",16:45:00,"2024-04-07 00:00:00",16:45:00,0,96829,0,yes,1765,yes,matches
74251,27725,C,5,closed,"2024-04-08 00:00:00",17:21:53,"2024-04-08 00:00:00",17:21:53,0,29180,0,yes,1826,yes,matches
74277,27753,C,5,closed,"2024-04-09 00:00:00",20:50:00,"2024-04-09 00:00:00",20:50:00,0,10108,10110,yes,1835,yes,matches
74259,27732,C,5,closed,"2024-04-09 00:00:00",13:00:00,"2024-04-09 00:00:00",13:00:00,0,89639,0,yes,1732,yes,matches
74249,27723,C,5,closed,"2024-04-09 00:00:00",19:30:00,"2024-04-09 00:00:00",19:30:00,0,65466,0,yes,1788,yes,matches
74310,27787,C,5,closed,"2024-04-10 00:00:00",14:30:00,"2024-04-10 00:00:00",14:30:00,0,77372,0,yes,1768,yes,matches
74307,27784,C,5,closed,"2024-04-10 00:00:00",14:15:12,"2024-04-10 00:00:00",14:15:12,0,77583,0,yes,1738,yes,matches
74292,27769,C,5,closed,"2024-04-10 00:00:00",09:56:48,"2024-04-10 00:00:00",09:56:48,0,28673,0,yes,1809,yes,matches
74331,27807,C,5,closed,"2024-04-11 00:00:00",13:19:39,"2024-04-11 00:00:00",13:19:39,0,102377,0,yes,1769,yes,matches
74373,27857,C,5,closed,"2024-04-13 00:00:00",23:13:41,"2024-04-13 00:00:00",23:13:41,0,17733,0,yes,1813,yes,matches
74372,27856,C,5,closed,"2024-04-13 00:00:00",10:40:00,"2024-04-13 00:00:00",10:40:00,0,17733,0,yes,1813,yes,matches
74390,27877,C,5,closed,"2024-04-14 00:00:00",23:27:45,"2024-04-14 00:00:00",23:27:45,0,33582,0,yes,1789,yes,matches
74377,27863,C,5,closed,"2024-04-14 00:00:00",11:12:59,"2024-04-14 00:00:00",11:12:59,0,53141,0,yes,1777,yes,matches
74368,27852,C,5,closed,"2024-04-14 00:00:00",20:34:00,"2024-04-14 00:00:00",20:34:00,0,97388,0,yes,1765,yes,matches
1141,27898,U,5,closed,"2024-04-15 00:00:00",16:00:00,"2024-04-15 00:00:00",16:00:00,0,28337,0,yes,1823,yes,matches
74387,27875,C,5,closed,"2024-04-15 00:00:00",10:00:00,"2024-04-15 00:00:00",10:00:00,0,27697,0,yes,1815,yes,matches
74414,27910,C,5,closed,"2024-04-16 00:00:00",13:47:59,"2024-04-16 00:00:00",13:47:59,0,112468,0,yes,1744,yes,matches
74413,27909,C,5,closed,"2024-04-16 00:00:00",13:23:23,"2024-04-16 00:00:00",13:23:23,0,35491,0,yes,1810,yes,matches
74411,27906,C,5,closed,"2024-04-16 00:00:00",11:00:00,"2024-04-16 00:00:00",11:00:00,0,97432,0,yes,1765,yes,matches
74401,27892,C,5,closed,"2024-04-16 00:00:00",07:00:00,"2024-04-16 00:00:00",07:00:00,0,21911,0,yes,1819,yes,matches
74420,27918,C,5,closed,"2024-04-18 00:00:00",10:00:00,"2024-04-18 00:00:00",10:00:00,0,47610,0,yes,1804,yes,matches
74433,27931,C,5,closed,"2024-04-19 00:00:00",15:20:47,"2024-04-19 00:00:00",15:20:47,0,21983,0,yes,1819,yes,matches
74424,27921,C,5,closed,"2024-04-19 00:00:00",10:12:00,"2024-04-19 00:00:00",10:12:00,0,106986,0,yes,1731,yes,matches
74423,27832,C,5,closed,"2024-04-19 00:00:00",17:35:00,"2024-04-19 00:00:00",17:35:00,0,10720,,no,1848,yes,matches
1153,27967,U,5,closed,"2024-04-21 00:00:00",16:00:03,"2024-04-21 00:00:00",16:00:03,0,13874,0,yes,1839,yes,matches
74455,27957,C,5,closed,"2024-04-21 00:00:00",09:00:00,"2024-04-21 00:00:00",09:00:00,0,26529,0,yes,1820,yes,matches
74486,27992,C,5,closed,"2024-04-22 00:00:00",16:52:40,"2024-04-22 00:00:00",16:52:40,0,120612,0,yes,1770,yes,matches
74514,28033,C,5,closed,"2024-04-24 00:00:00",15:00:00,"2024-04-24 00:00:00",15:00:00,0,70862,0,yes,1752,yes,matches
74539,28064,C,5,closed,"2024-04-25 00:00:00",18:30:00,"2024-04-25 00:00:00",18:30:00,0,45037,0,yes,1781,yes,matches
74533,28057,C,5,closed,"2024-04-25 00:00:00",13:48:42,"2024-04-25 00:00:00",13:48:42,0,134488,0,yes,1771,yes,matches
74570,28098,C,5,closed,"2024-04-27 00:00:00",10:00:00,"2024-04-27 00:00:00",10:00:00,0,70901,0,yes,1752,yes,matches
74610,28148,C,5,closed,"2024-04-29 00:00:00",12:00:00,"2024-04-29 00:00:00",12:00:00,0,103964,0,yes,1769,yes,matches
74609,28147,C,5,closed,"2024-04-29 00:00:00",11:20:36,"2024-04-29 00:00:00",11:20:36,0,67744,0,yes,1788,yes,matches
74654,28208,C,5,closed,"2024-05-01 00:00:00",21:18:02,"2024-05-01 00:00:00",21:18:02,0,36715,0,yes,1837,yes,matches
74643,28193,C,5,closed,"2024-05-01 00:00:00",13:21:00,"2024-05-01 00:00:00",13:21:00,0,85004,0,yes,1762,yes,matches
74639,28187,C,5,closed,"2024-05-01 00:00:00",11:19:36,"2024-05-01 00:00:00",11:19:36,0,49219,0,yes,1802,yes,matches
74669,28225,C,5,closed,"2024-05-02 00:00:00",19:39:05,"2024-05-02 00:00:00",19:39:05,0,58968,0,yes,1754,yes,matches
74656,28211,C,5,closed,"2024-05-02 00:00:00",02:00:00,"2024-05-02 00:00:00",02:00:00,0,6679,0,yes,1861,yes,matches
74690,28251,C,5,closed,"2024-05-04 00:00:00",13:35:00,"2024-05-04 00:00:00",13:35:00,0,51148,0,yes,1748,yes,matches
74732,28306,C,5,closed,"2024-05-05 00:00:00",21:27:24,"2024-05-05 00:00:00",21:27:24,0,1236,0,yes,1798,yes,matches
74739,28314,C,5,closed,"2024-05-06 00:00:00",10:00:00,"2024-05-06 00:00:00",10:00:00,0,34168,0,yes,1789,yes,matches
74786,28371,C,5,closed,"2024-05-08 00:00:00",22:55:10,"2024-05-08 00:00:00",22:55:10,0,121606,0,yes,1770,yes,matches
74769,28350,C,5,closed,"2024-05-08 00:00:00",07:35:00,"2024-05-08 00:00:00",07:35:00,0,99055,0,yes,1765,yes,matches
1232,28376,U,5,closed,"2024-05-09 00:00:00",10:35:00,"2024-05-09 00:00:00",10:35:00,0,46163,0,yes,1780,yes,matches
74818,28408,C,5,closed,"2024-05-10 00:00:00",19:00:00,"2024-05-10 00:00:00",19:00:00,0,76301,0,yes,1735,yes,matches
74816,28406,C,5,closed,"2024-05-10 00:00:00",16:02:29,"2024-05-10 00:00:00",16:02:29,0,50380,0,yes,1804,yes,matches
74832,28424,C,5,closed,"2024-05-11 00:00:00",16:49:00,"2024-05-11 00:00:00",16:49:00,0,93779,0,yes,1808,yes,matches
74860,28462,C,5,closed,"2024-05-14 00:00:00",08:00:00,"2024-05-14 00:00:00",08:00:00,0,31155,0,yes,1794,yes,matches
74879,28485,C,5,closed,"2024-05-15 00:00:00",15:00:00,"2024-05-15 00:00:00",15:00:00,0,35322,0,yes,1789,yes,matches
74877,28483,C,5,closed,"2024-05-15 00:00:00",13:40:00,"2024-05-15 00:00:00",13:40:00,0,93884,0,yes,1808,yes,matches
74912,28527,C,5,closed,"2024-05-17 00:00:00",16:50:00,"2024-05-17 00:00:00",16:50:00,0,47139,0,yes,1780,yes,matches
74933,28550,C,5,closed,"2024-05-18 00:00:00",22:43:48,"2024-05-18 00:00:00",22:43:48,0,86422,0,yes,1762,yes,matches
74922,28538,C,5,closed,"2024-05-18 00:00:00",14:00:00,"2024-05-18 00:00:00",14:00:00,0,14884,0,yes,1812,yes,matches
74939,28562,C,5,closed,"2024-05-19 00:00:00",22:45:00,"2024-05-19 00:00:00",22:45:00,0,31266,0,yes,1829,yes,matches
74936,28555,C,5,closed,"2024-05-19 00:00:00",14:00:00,"2024-05-19 00:00:00",14:00:00,0,86509,0,yes,1734,yes,matches
74934,28553,C,5,closed,"2024-05-19 00:00:00",12:18:35,"2024-05-19 00:00:00",12:18:35,0,47340,0,yes,1775,yes,matches
1276,28581,U,5,closed,"2024-05-20 00:00:00",21:30:00,"2024-05-20 00:00:00",21:30:00,0,23898,0,yes,1854,yes,matches
74949,27436,C,5,closed,"2024-05-21 00:00:00",07:30:00,"2024-05-21 00:00:00",07:30:00,0,73253,,no,1763,yes,matches
75062,28715,C,5,closed,"2024-05-27 00:00:00",17:48:28,"2024-05-27 00:00:00",17:48:28,0,53178,0,yes,1748,yes,matches
75055,28707,C,5,closed,"2024-05-27 00:00:00",14:54:41,"2024-05-27 00:00:00",14:54:41,0,37224,0,yes,1810,yes,matches
75053,28705,C,5,closed,"2024-05-27 00:00:00",14:14:09,"2024-05-27 00:00:00",14:14:09,0,113407,0,yes,1767,yes,matches
75070,28725,C,5,closed,"2024-05-28 00:00:00",14:00:00,"2024-05-28 00:00:00",14:00:00,0,15653,0,yes,1812,yes,matches
75087,28748,C,5,closed,"2024-05-29 00:00:00",17:19:39,"2024-05-29 00:00:00",17:19:39,0,15671,0,yes,1839,yes,matches
75101,28765,C,5,closed,"2024-05-30 00:00:00",17:30:00,"2024-05-30 00:00:00",17:30:00,0,91993,0,yes,1732,yes,matches
75121,28790,C,5,closed,"2024-05-31 00:00:00",19:46:31,"2024-05-31 00:00:00",19:46:31,0,34762,0,yes,1793,yes,matches
75132,28801,C,5,closed,"2024-06-01 00:00:00",12:57:01,"2024-06-01 00:00:00",12:57:01,0,40200,0,yes,1761,yes,matches
75125,28794,C,5,closed,"2024-06-01 00:00:00",10:00:00,"2024-06-01 00:00:00",10:00:00,0,62325,0,yes,1776,yes,matches
75185,28871,C,5,closed,"2024-06-04 00:00:00",13:30:00,"2024-06-04 00:00:00",13:30:00,0,88328,0,yes,1734,yes,matches
75216,28911,C,5,closed,"2024-06-06 00:00:00",15:30:00,"2024-06-06 00:00:00",15:30:00,0,59874,0,yes,1743,yes,matches
75252,28958,C,5,closed,"2024-06-10 00:00:00",16:00:00,"2024-06-10 00:00:00",16:00:00,0,58685,0,yes,1801,yes,matches
75251,28957,C,5,closed,"2024-06-10 00:00:00",13:00:00,"2024-06-10 00:00:00",13:00:00,0,60007,0,yes,1800,yes,matches
75250,28956,C,5,closed,"2024-06-10 00:00:00",10:30:00,"2024-06-10 00:00:00",10:30:00,0,84159,0,yes,1786,yes,matches
75308,29033,C,5,closed,"2024-06-14 00:00:00",15:15:00,"2024-06-14 00:00:00",15:15:00,0,54606,54606,no,1758,yes,matches
75319,29048,C,5,closed,"2024-06-15 00:00:00",10:30:00,"2024-06-15 00:00:00",10:30:00,0,30234,0,yes,1823,yes,matches
75383,29117,C,5,closed,"2024-06-18 00:00:00",15:08:52,"2024-06-18 00:00:00",15:08:52,0,94349,0,yes,1732,yes,matches
75396,29140,C,5,closed,"2024-06-19 00:00:00",14:23:59,"2024-06-19 00:00:00",14:23:59,0,21895,0,yes,1853,yes,matches
75430,29180,C,5,closed,"2024-06-21 00:00:00",14:15:43,"2024-06-21 00:00:00",14:15:43,0,61763,0,yes,1754,yes,matches
1408,29217,U,5,closed,"2024-06-23 00:00:00",16:05:00,"2024-06-23 00:00:00",16:05:00,0,71069,71069,no,1784,yes,matches
75459,29220,C,5,closed,"2024-06-24 00:00:00",10:00:00,"2024-06-24 00:00:00",10:00:00,0,14270,14327,yes,1835,yes,matches
75469,29234,C,5,closed,"2024-06-25 00:00:00",10:30:00,"2024-06-25 00:00:00",10:30:00,0,45931,0,yes,1814,yes,matches
75487,29257,C,5,closed,"2024-06-26 00:00:00",12:55:00,"2024-06-26 00:00:00",12:55:00,0,31495,0,yes,1826,yes,matches
75508,29285,C,5,closed,"2024-06-28 00:00:00",11:55:00,"2024-06-28 00:00:00",11:55:00,0,60317,0,yes,1800,yes,matches
75504,29281,C,5,closed,"2024-06-28 00:00:00",10:30:00,"2024-06-28 00:00:00",10:30:00,0,21118,0,yes,1840,yes,matches
75549,29334,C,5,closed,"2024-06-30 00:00:00",23:59:00,"2024-06-30 00:00:00",23:59:00,0,21218,21230,yes,1840,yes,matches
75559,29347,C,5,closed,"2024-07-01 00:00:00",14:31:40,"2024-07-01 00:00:00",14:31:40,0,102913,0,yes,1765,yes,matches
75580,29375,C,5,closed,"2024-07-02 00:00:00",21:30:00,"2024-07-02 00:00:00",21:30:00,0,74182,74182,no,1752,yes,matches
75590,29386,C,5,closed,"2024-07-03 00:00:00",12:00:00,"2024-07-03 00:00:00",12:00:00,0,30861,0,yes,1848,yes,matches
75627,29434,C,5,closed,"2024-07-06 00:00:00",11:00:00,"2024-07-06 00:00:00",11:00:00,0,21592,0,yes,1840,yes,matches
75698,29531,C,5,closed,"2024-07-11 00:00:00",23:52:20,"2024-07-11 00:00:00",23:52:20,0,72467,0,yes,1788,yes,matches
75684,29516,C,5,closed,"2024-07-11 00:00:00",11:28:00,"2024-07-11 00:00:00",11:28:00,0,19137,0,yes,1850,yes,matches
75713,29549,C,5,closed,"2024-07-12 00:00:00",21:20:00,"2024-07-12 00:00:00",21:20:00,0,56637,0,yes,1799,yes,matches
75712,29548,C,5,closed,"2024-07-12 00:00:00",23:56:27,"2024-07-12 00:00:00",23:56:27,0,56637,0,yes,1799,yes,matches
75743,29588,C,5,closed,"2024-07-14 00:00:00",18:30:00,"2024-07-14 00:00:00",18:30:00,0,38712,0,yes,1833,yes,matches
75747,29592,C,5,closed,"2024-07-15 00:00:00",10:00:00,"2024-07-15 00:00:00",10:00:00,0,37873,0,yes,1793,yes,matches
75789,29646,C,5,closed,"2024-07-17 00:00:00",20:45:00,"2024-07-17 00:00:00",20:45:00,0,57003,0,yes,1799,yes,matches
75777,29632,C,5,closed,"2024-07-17 00:00:00",12:02:10,"2024-07-17 00:00:00",12:02:10,0,165841,0,yes,1712,yes,matches
75828,29699,C,5,closed,"2024-07-20 00:00:00",16:00:00,"2024-07-20 00:00:00",16:00:00,0,130158,0,yes,1704,yes,matches
75855,29735,C,5,closed,"2024-07-22 00:00:00",19:00:00,"2024-07-22 00:00:00",19:00:00,0,38674,38674,no,1793,yes,matches
75911,29808,C,5,closed,"2024-07-26 00:00:00",19:18:11,"2024-07-26 00:00:00",19:18:11,0,134321,134352,yes,1706,yes,matches
75933,29836,C,5,closed,"2024-07-27 00:00:00",18:08:13,"2024-07-27 00:00:00",18:08:13,0,111844,0,yes,1731,yes,matches
75982,29893,C,5,closed,"2024-07-30 00:00:00",12:00:00,"2024-07-30 00:00:00",12:00:00,0,7941,0,yes,1849,yes,matches
76015,29936,C,5,closed,"2024-08-01 00:00:00",09:45:00,"2024-08-01 00:00:00",09:45:00,0,39603,0,yes,1803,yes,matches
76053,29984,C,5,closed,"2024-08-03 00:00:00",10:20:29,"2024-08-03 00:00:00",10:20:29,0,56501,0,yes,1748,yes,matches
76091,30034,C,5,closed,"2024-08-05 00:00:00",19:00:00,"2024-08-05 00:00:00",19:00:00,0,35752,0,yes,1829,yes,matches
76088,30029,C,5,closed,"2024-08-05 00:00:00",15:30:00,"2024-08-05 00:00:00",15:30:00,0,50110,0,yes,1775,yes,matches
76132,30088,C,5,closed,"2024-08-07 00:00:00",23:34:26,"2024-08-07 00:00:00",23:34:26,0,86004,0,yes,1786,yes,matches
76130,30085,C,5,closed,"2024-08-07 00:00:00",20:00:00,"2024-08-07 00:00:00",20:00:00,0,35879,35901,yes,1829,yes,matches
76119,30070,C,5,closed,"2024-08-07 00:00:00",11:00:00,"2024-08-07 00:00:00",11:00:00,0,76249,0,yes,1736,yes,matches
76137,30096,C,5,closed,"2024-08-08 00:00:00",11:51:11,"2024-08-08 00:00:00",11:51:11,0,39215,0,yes,1789,yes,matches
76159,30130,C,5,closed,"2024-08-10 00:00:00",10:00:00,"2024-08-10 00:00:00",10:00:00,0,35901,0,yes,1829,yes,matches
76226,30215,C,5,closed,"2024-08-13 00:00:00",18:58:50,"2024-08-13 00:00:00",18:58:50,0,20561,0,yes,1812,yes,matches
76239,30232,C,5,closed,"2024-08-14 00:00:00",15:30:00,"2024-08-14 00:00:00",15:30:00,0,64819,0,yes,1754,yes,matches
76238,30231,C,5,closed,"2024-08-14 00:00:00",15:10:00,"2024-08-14 00:00:00",15:10:00,0,135137,0,yes,1706,yes,matches
76235,30228,C,5,closed,"2024-08-14 00:00:00",13:30:00,"2024-08-14 00:00:00",13:30:00,0,85216,0,yes,1738,yes,matches
76252,30250,C,5,closed,"2024-08-15 00:00:00",14:00:00,"2024-08-15 00:00:00",14:00:00,0,85266,0,yes,1738,yes,matches
76247,30243,C,5,closed,"2024-08-15 00:00:00",09:00:00,"2024-08-15 00:00:00",09:00:00,0,86648,0,yes,1741,yes,matches
357,30044,R,5,closed,"2024-08-15 00:00:00",17:49:00,"2024-08-15 00:00:00",17:49:00,0,26197,,no,1854,yes,matches
76261,30261,C,5,closed,"2024-08-16 00:00:00",11:30:00,"2024-08-16 00:00:00",11:30:00,0,85266,0,yes,1738,yes,matches
76307,30322,C,5,closed,"2024-08-19 00:00:00",10:00:00,"2024-08-19 00:00:00",10:00:00,0,72419,0,yes,1756,yes,matches
76334,30352,C,5,closed,"2024-08-20 00:00:00",22:00:00,"2024-08-20 00:00:00",22:00:00,0,79314,0,yes,1735,yes,matches
76349,30374,C,5,closed,"2024-08-21 00:00:00",18:00:00,"2024-08-21 00:00:00",18:00:00,0,126579,0,yes,1770,yes,matches
76369,30396,C,5,closed,"2024-08-22 00:00:00",19:11:00,"2024-08-22 00:00:00",19:11:00,0,11656,0,yes,1861,yes,matches
76389,30421,C,5,closed,"2024-08-24 00:00:00",15:00:00,"2024-08-24 00:00:00",15:00:00,0,86307,0,yes,1786,yes,matches
76427,30476,C,5,closed,"2024-08-27 00:00:00",13:16:05,"2024-08-27 00:00:00",13:16:05,0,57885,0,yes,1748,yes,matches
76420,30466,C,5,closed,"2024-08-27 00:00:00",11:00:00,"2024-08-27 00:00:00",11:00:00,0,28507,0,yes,1834,yes,matches
76481,30550,C,5,closed,"2024-08-31 00:00:00",13:57:24,"2024-08-31 00:00:00",13:57:24,0,54985,0,yes,1790,yes,matches
76493,30566,C,5,closed,"2024-09-01 00:00:00",16:00:00,"2024-09-01 00:00:00",16:00:00,0,68152,0,yes,1776,yes,matches
76529,30609,C,5,closed,"2024-09-02 00:00:00",23:34:42,"2024-09-02 00:00:00",23:34:42,0,86897,0,yes,1786,yes,matches
76524,30603,C,5,closed,"2024-09-02 00:00:00",18:18:00,"2024-09-02 00:00:00",18:18:00,0,12990,0,yes,1860,yes,matches
76508,30584,C,5,closed,"2024-09-02 00:00:00",10:00:00,"2024-09-02 00:00:00",10:00:00,0,39835,0,yes,1794,yes,matches
76512,30588,C,5,closed,"2024-09-03 00:00:00",11:00:00,"2024-09-03 00:00:00",11:00:00,0,9730,0,yes,1849,yes,matches
76550,30634,C,5,closed,"2024-09-04 00:00:00",10:00:00,"2024-09-04 00:00:00",10:00:00,0,55043,0,yes,1790,yes,matches
76582,30676,C,5,closed,"2024-09-05 00:00:00",18:52:36,"2024-09-05 00:00:00",18:52:36,0,37883,0,yes,1829,yes,matches
76579,30673,C,5,closed,"2024-09-05 00:00:00",17:00:00,"2024-09-05 00:00:00",17:00:00,0,5934,0,yes,1859,yes,matches
76588,30682,C,5,closed,"2024-09-06 00:00:00",23:58:00,"2024-09-06 00:00:00",23:58:00,0,79873,0,yes,1729,yes,matches
76639,30741,C,5,closed,"2024-09-08 00:00:00",19:06:00,"2024-09-08 00:00:00",19:06:00,0,70325,0,yes,1750,yes,matches
76631,30732,C,5,closed,"2024-09-08 00:00:00",14:00:00,"2024-09-08 00:00:00",14:00:00,0,51581,0,yes,1781,yes,matches
76662,30770,C,5,closed,"2024-09-10 00:00:00",19:03:28,"2024-09-10 00:00:00",19:03:28,0,51582,0,yes,1781,yes,matches
76657,30763,C,5,closed,"2024-09-10 00:00:00",13:22:05,"2024-09-10 00:00:00",13:22:05,0,13588,0,yes,1860,yes,matches
76679,30788,C,5,closed,"2024-09-11 00:00:00",16:44:05,"2024-09-11 00:00:00",16:44:05,0,7148,0,yes,1862,yes,matches
76678,30787,C,5,closed,"2024-09-11 00:00:00",16:19:42,"2024-09-11 00:00:00",16:19:42,0,87428,0,yes,1786,yes,matches
76705,30819,C,5,closed,"2024-09-12 00:00:00",23:55:09,"2024-09-12 00:00:00",23:55:09,0,55781,0,yes,1780,yes,matches
76732,30854,C,5,closed,"2024-09-14 00:00:00",22:17:24,"2024-09-14 00:00:00",22:17:24,0,66117,0,yes,1754,yes,matches
76717,30836,C,5,closed,"2024-09-14 00:00:00",10:00:00,"2024-09-14 00:00:00",10:00:00,0,30141,0,yes,1854,yes,matches
76757,30885,C,5,closed,"2024-09-16 00:00:00",16:00:00,"2024-09-16 00:00:00",16:00:00,0,55847,0,yes,1790,yes,matches
76785,30918,C,5,closed,"2024-09-18 00:00:00",12:13:00,"2024-09-18 00:00:00",12:13:00,0,101621,0,yes,1808,yes,matches
76840,30982,C,5,closed,"2024-09-20 00:00:00",23:00:00,"2024-09-20 00:00:00",23:00:00,0,47756,0,yes,1778,yes,matches
76856,31002,C,5,closed,"2024-09-21 00:00:00",21:31:22,"2024-09-21 00:00:00",21:31:22,0,36617,0,yes,1822,yes,matches
76925,31083,C,5,closed,"2024-09-25 00:00:00",19:59:30,"2024-09-25 00:00:00",19:59:30,0,93740,93812,yes,1762,yes,matches
76919,31074,C,5,closed,"2024-09-25 00:00:00",13:53:00,"2024-09-25 00:00:00",13:53:00,0,38995,0,yes,1829,yes,matches
76910,31064,C,5,closed,"2024-09-25 00:00:00",14:00:00,"2024-09-25 00:00:00",14:00:00,0,29054,0,yes,1853,yes,matches
76939,31098,C,5,closed,"2024-09-26 00:00:00",21:01:00,"2024-09-26 00:00:00",21:01:00,0,62485,0,yes,1758,yes,matches
76932,31090,C,5,closed,"2024-09-26 00:00:00",10:00:00,"2024-09-26 00:00:00",10:00:00,0,29137,29193,yes,1853,yes,matches
76961,31125,C,5,closed,"2024-09-27 00:00:00",13:30:00,"2024-09-27 00:00:00",13:30:00,0,67201,0,yes,1801,yes,matches
76976,31143,C,5,closed,"2024-09-28 00:00:00",10:00:00,"2024-09-28 00:00:00",10:00:00,0,70014,0,yes,1773,yes,matches
77016,31194,C,5,closed,"2024-09-30 00:00:00",17:30:00,"2024-09-30 00:00:00",17:30:00,0,112561,0,yes,1731,yes,matches
77014,31192,C,5,closed,"2024-09-30 00:00:00",16:00:00,"2024-09-30 00:00:00",16:00:00,0,10815,0,yes,1849,yes,matches
77031,31212,C,5,closed,"2024-10-01 00:00:00",14:00:00,"2024-10-01 00:00:00",14:00:00,0,95942,0,yes,1846,yes,matches
77051,31236,C,5,closed,"2024-10-02 00:00:00",12:42:41,"2024-10-02 00:00:00",12:42:41,0,73240,73271,yes,1750,yes,matches
77099,31292,C,5,closed,"2024-10-04 00:00:00",22:00:00,"2024-10-04 00:00:00",22:00:00,0,74690,0,yes,1774,yes,matches
77115,31310,C,5,closed,"2024-10-05 00:00:00",14:39:06,"2024-10-05 00:00:00",14:39:06,0,57600,0,yes,1780,yes,matches
77149,31351,C,5,closed,"2024-10-06 00:00:00",19:00:00,"2024-10-06 00:00:00",19:00:00,0,26087,0,yes,1844,yes,matches
77142,31343,C,5,closed,"2024-10-06 00:00:00",16:00:00,"2024-10-06 00:00:00",16:00:00,0,26087,0,yes,1844,yes,matches
77233,31455,C,5,closed,"2024-10-11 00:00:00",15:30:00,"2024-10-11 00:00:00",15:30:00,0,102702,0,yes,1732,yes,matches
77241,31464,C,5,closed,"2024-10-12 00:00:00",09:00:00,"2024-10-12 00:00:00",09:00:00,0,6498,0,yes,1857,yes,matches
77324,31557,C,5,closed,"2024-10-16 00:00:00",21:00:00,"2024-10-16 00:00:00",21:00:00,0,72029,0,yes,1773,yes,matches
77320,31552,C,5,closed,"2024-10-16 00:00:00",16:30:00,"2024-10-16 00:00:00",16:30:00,0,34546,0,yes,1840,yes,matches
77341,31579,C,5,closed,"2024-10-17 00:00:00",19:55:51,"2024-10-17 00:00:00",19:55:51,0,72934,0,yes,1776,yes,matches
77423,31681,C,5,closed,"2024-10-22 00:00:00",16:00:00,"2024-10-22 00:00:00",16:00:00,0,27772,0,yes,1844,yes,matches
77462,31725,C,5,closed,"2024-10-24 00:00:00",14:30:00,"2024-10-24 00:00:00",14:30:00,0,84973,0,yes,1729,yes,matches
77461,31724,C,5,closed,"2024-10-24 00:00:00",14:30:00,"2024-10-24 00:00:00",14:30:00,0,82014,0,yes,1737,yes,matches
77450,31711,C,5,closed,"2024-10-24 00:00:00",10:00:00,"2024-10-24 00:00:00",10:00:00,0,7875,0,yes,1857,yes,matches
77504,31775,C,5,closed,"2024-10-26 00:00:00",12:00:00,"2024-10-26 00:00:00",12:00:00,0,90337,0,yes,1738,yes,matches
77527,31800,C,5,closed,"2024-10-27 00:00:00",16:00:00,"2024-10-27 00:00:00",16:00:00,0,90338,0,yes,1738,yes,matches
77631,31928,C,5,closed,"2024-11-01 00:00:00",22:00:00,"2024-11-01 00:00:00",22:00:00,0,81405,0,yes,1752,yes,matches
77650,31949,C,5,closed,"2024-11-02 00:00:00",22:00:00,"2024-11-02 00:00:00",22:00:00,0,54347,0,yes,1781,yes,matches
77652,31953,C,5,closed,"2024-11-02 00:00:00",22:15:00,"2024-11-02 00:00:00",22:15:00,0,60472,0,yes,1780,yes,matches
77690,31996,C,5,closed,"2024-11-04 00:00:00",21:45:00,"2024-11-04 00:00:00",21:45:00,0,16208,0,yes,1863,yes,matches
77676,31979,C,5,closed,"2024-11-04 00:00:00",12:30:00,"2024-11-04 00:00:00",12:30:00,0,44557,0,yes,1803,yes,matches
77694,32001,C,5,closed,"2024-11-05 00:00:00",11:00:00,"2024-11-05 00:00:00",11:00:00,0,46542,0,yes,1816,yes,matches
77667,31969,C,5,closed,"2024-11-05 00:00:00",04:30:00,"2024-11-05 00:00:00",04:30:00,0,45058,0,yes,1789,yes,matches
77715,32027,C,5,closed,"2024-11-06 00:00:00",17:30:00,"2024-11-06 00:00:00",17:30:00,0,64839,0,yes,1807,yes,matches
77734,32052,C,5,closed,"2024-11-07 00:00:00",20:45:00,"2024-11-07 00:00:00",20:45:00,0,25651,0,yes,1812,yes,matches
77732,32050,C,5,closed,"2024-11-07 00:00:00",19:30:00,"2024-11-07 00:00:00",19:30:00,0,86175,0,yes,1729,yes,matches
77779,32106,C,5,closed,"2024-11-09 00:00:00",22:49:32,"2024-11-09 00:00:00",22:49:32,0,58122,0,yes,1802,yes,matches
77815,32147,C,5,closed,"2024-11-11 00:00:00",18:00:00,"2024-11-11 00:00:00",18:00:00,0,91192,0,yes,1738,yes,matches
77854,32195,C,5,closed,"2024-11-13 00:00:00",17:25:00,"2024-11-13 00:00:00",17:25:00,0,25848,0,yes,1812,yes,matches
77879,32223,C,5,closed,"2024-11-14 00:00:00",20:00:00,"2024-11-14 00:00:00",20:00:00,0,47583,0,yes,1816,yes,matches
77860,32201,C,5,closed,"2024-11-14 00:00:00",15:30:00,"2024-11-14 00:00:00",15:30:00,0,28631,0,yes,1813,yes,matches
77906,32253,C,5,closed,"2024-11-15 00:00:00",23:00:00,"2024-11-15 00:00:00",23:00:00,0,83224,0,yes,1752,yes,matches
77934,32283,C,5,closed,"2024-11-17 00:00:00",16:00:00,"2024-11-17 00:00:00",16:00:00,0,114639,0,yes,1769,yes,matches
77928,32277,C,5,closed,"2024-11-17 00:00:00",10:45:00,"2024-11-17 00:00:00",10:45:00,0,56534,0,yes,1837,yes,matches
77920,32268,C,5,closed,"2024-11-17 00:00:00",16:00:00,"2024-11-17 00:00:00",16:00:00,0,114639,0,yes,1769,yes,matches
77951,32302,C,5,closed,"2024-11-18 00:00:00",10:15:00,"2024-11-18 00:00:00",10:15:00,0,65793,0,yes,1807,yes,matches
78015,32377,C,5,closed,"2024-11-21 00:00:00",15:45:00,"2024-11-21 00:00:00",15:45:00,0,97956,0,yes,1734,yes,matches
78024,32388,C,5,closed,"2024-11-22 00:00:00",10:30:00,"2024-11-22 00:00:00",10:30:00,0,30646,0,yes,1844,yes,matches
78040,32407,C,5,closed,"2024-11-23 00:00:00",10:00:00,"2024-11-23 00:00:00",10:00:00,0,78311,0,yes,1756,yes,matches
78141,32535,C,5,closed,"2024-11-28 00:00:00",22:00:00,"2024-11-28 00:00:00",22:00:00,0,76127,0,yes,1795,yes,matches
78157,32553,C,5,closed,"2024-11-29 00:00:00",15:00:00,"2024-11-29 00:00:00",15:00:00,0,76588,0,yes,1773,yes,matches
78149,32545,C,5,closed,"2024-11-29 00:00:00",10:30:00,"2024-11-29 00:00:00",10:30:00,0,66973,0,yes,1807,yes,matches
78170,32568,C,5,closed,"2024-11-30 00:00:00",10:00:00,"2024-11-30 00:00:00",10:00:00,0,72040,0,yes,1754,yes,matches
78187,32585,C,5,closed,"2024-12-01 00:00:00",10:45:00,"2024-12-01 00:00:00",10:45:00,0,32456,0,yes,1841,yes,matches
78186,32584,C,5,closed,"2024-12-01 00:00:00",10:00:00,"2024-12-01 00:00:00",10:00:00,0,122662,0,yes,1767,yes,matches
78231,32635,C,5,closed,"2024-12-02 00:00:00",22:48:00,"2024-12-02 00:00:00",22:48:00,0,57582,0,yes,1814,yes,matches
78236,32638,C,5,closed,"2024-12-03 00:00:00",10:30:00,"2024-12-03 00:00:00",10:30:00,0,61237,0,yes,1782,yes,matches
78260,32666,C,5,closed,"2024-12-04 00:00:00",14:30:00,"2024-12-04 00:00:00",14:30:00,0,95664,0,yes,1768,yes,matches
78331,32752,C,5,closed,"2024-12-07 00:00:00",15:00:00,"2024-12-07 00:00:00",15:00:00,0,115261,0,yes,1769,yes,matches
78328,32748,C,5,closed,"2024-12-07 00:00:00",09:00:00,"2024-12-07 00:00:00",09:00:00,0,1,1,no,1798,yes,matches
78327,32747,C,5,closed,"2024-12-07 00:00:00",13:25:00,"2024-12-07 00:00:00",13:25:00,0,16748,0,yes,1861,yes,matches
78344,32767,C,5,closed,"2024-12-08 00:00:00",10:50:32,"2024-12-08 00:00:00",10:50:32,0,1,0,yes,1798,yes,matches
78339,32764,C,5,closed,"2024-12-08 00:00:00",10:30:00,"2024-12-08 00:00:00",10:30:00,0,68402,0,yes,1758,yes,matches
78383,32819,C,5,closed,"2024-12-10 00:00:00",14:45:00,"2024-12-10 00:00:00",14:45:00,0,113546,0,yes,1765,yes,matches
78417,32862,C,5,closed,"2024-12-12 00:00:00",16:00:00,"2024-12-12 00:00:00",16:00:00,0,31836,0,yes,1844,yes,matches
78457,32914,C,5,closed,"2024-12-14 00:00:00",20:00:00,"2024-12-14 00:00:00",20:00:00,0,45885,0,yes,1797,yes,matches
78491,32960,C,5,closed,"2024-12-16 00:00:00",22:00:00,"2024-12-16 00:00:00",22:00:00,0,85600,0,yes,1736,yes,matches
78539,33018,C,5,closed,"2024-12-19 00:00:00",11:30:00,"2024-12-19 00:00:00",11:30:00,0,44009,0,yes,1815,yes,matches
2103,33117,T,5,closed,"2024-12-22 00:00:00",23:40:00,"2024-12-22 00:00:00",23:40:00,0,60971,0,yes,1787,yes,matches
78620,33107,C,5,closed,"2024-12-22 00:00:00",20:45:00,"2024-12-22 00:00:00",20:45:00,0,48217,0,yes,1789,yes,matches
78692,33193,C,5,closed,"2024-12-25 00:00:00",14:00:00,"2024-12-25 00:00:00",14:00:00,0,19070,0,yes,1863,yes,matches
78682,33184,C,5,closed,"2024-12-25 00:00:00",09:00:00,"2024-12-25 00:00:00",09:00:00,0,2165,0,yes,1870,yes,matches
78713,33218,C,5,closed,"2024-12-26 00:00:00",12:15:00,"2024-12-26 00:00:00",12:15:00,0,48405,0,yes,1789,yes,matches
78710,33215,C,5,closed,"2024-12-26 00:00:00",11:00:00,"2024-12-26 00:00:00",11:00:00,0,84189,0,yes,1752,yes,matches
78726,33234,C,5,closed,"2024-12-27 00:00:00",15:30:00,"2024-12-27 00:00:00",15:30:00,0,96096,0,yes,1786,yes,matches
78769,33281,C,5,closed,"2024-12-28 00:00:00",22:50:00,"2024-12-28 00:00:00",22:50:00,0,116314,0,yes,1769,yes,matches
2131,33302,T,5,closed,"2024-12-29 00:00:00",20:01:00,"2024-12-29 00:00:00",20:01:00,0,32198,0,yes,1830,yes,matches
78782,33297,C,5,closed,"2024-12-29 00:00:00",17:10:00,"2024-12-29 00:00:00",17:10:00,0,135174,0,yes,1757,yes,matches
78776,33289,C,5,closed,"2024-12-29 00:00:00",12:20:00,"2024-12-29 00:00:00",12:20:00,0,47513,0,yes,1803,yes,matches
2135,33325,U,5,closed,"2024-12-30 00:00:00",16:10:27,"2024-12-30 00:00:00",16:10:27,0,65625,0,yes,1748,yes,matches
2133,33320,U,5,closed,"2024-12-30 00:00:00",13:21:00,"2024-12-30 00:00:00",13:21:00,0,19141,0,yes,1863,yes,matches
78794,33310,C,5,closed,"2024-12-30 00:00:00",11:00:00,"2024-12-30 00:00:00",11:00:00,0,22689,0,yes,1860,yes,matches
2137,33342,U,5,closed,"2024-12-31 00:00:00",13:00:00,"2024-12-31 00:00:00",13:00:00,0,22689,0,yes,1860,yes,matches
78819,33340,C,5,closed,"2024-12-31 00:00:00",11:15:00,"2024-12-31 00:00:00",11:15:00,0,7064,0,yes,1873,yes,matches
78836,33362,C,5,closed,"2025-01-01 00:00:00",09:00:00,"2025-01-01 00:00:00",09:00:00,0,52910,0,yes,1794,yes,matches
78913,33456,C,5,closed,"2025-01-04 00:00:00",10:00:00,"2025-01-04 00:00:00",10:00:00,0,85199,0,yes,1752,yes,matches
78944,33500,C,5,closed,"2025-01-06 00:00:00",08:00:00,"2025-01-06 00:00:00",08:00:00,0,48972,0,yes,1789,yes,matches
79006,33577,C,5,closed,"2025-01-08 00:00:00",21:30:00,"2025-01-08 00:00:00",21:30:00,0,61712,0,yes,1787,yes,matches
78992,33558,C,5,closed,"2025-01-08 00:00:00",12:45:00,"2025-01-08 00:00:00",12:45:00,0,31770,0,yes,1813,yes,matches
79028,33607,C,5,closed,"2025-01-10 00:00:00",10:20:00,"2025-01-10 00:00:00",10:20:00,0,108292,0,yes,1732,yes,matches
79061,33647,C,5,closed,"2025-01-11 00:00:00",18:00:00,"2025-01-11 00:00:00",18:00:00,0,61471,0,yes,1781,yes,matches
79166,33783,C,5,closed,"2025-01-17 00:00:00",13:00:00,"2025-01-17 00:00:00",13:00:00,0,41643,0,yes,1834,yes,matches
79193,33820,C,5,closed,"2025-01-18 00:00:00",19:00:00,"2025-01-18 00:00:00",19:00:00,0,72259,0,yes,1758,yes,matches
79192,33819,C,5,closed,"2025-01-18 00:00:00",18:00:52,"2025-01-18 00:00:00",18:00:52,0,62567,0,yes,1787,yes,matches
79313,33978,C,5,closed,"2025-01-25 00:00:00",11:00:00,"2025-01-25 00:00:00",11:00:00,0,2285,0,yes,1878,yes,matches
79335,34007,C,5,closed,"2025-01-25 00:00:00",20:30:00,"2025-01-25 00:00:00",20:30:00,0,45561,0,yes,1825,yes,matches
79329,34000,C,5,closed,"2025-01-25 00:00:00",19:00:00,"2025-01-25 00:00:00",19:00:00,0,62771,0,yes,1787,yes,matches
79405,34101,C,5,closed,"2025-01-29 00:00:00",20:00:00,"2025-01-29 00:00:00",20:00:00,0,46715,0,yes,1829,yes,matches
79398,34087,C,5,closed,"2025-01-29 00:00:00",12:00:00,"2025-01-29 00:00:00",12:00:00,0,120742,0,yes,1731,yes,matches
79417,34114,C,5,closed,"2025-01-30 00:00:00",13:00:00,"2025-01-30 00:00:00",13:00:00,0,33246,0,yes,1830,yes,matches
79415,34112,C,5,closed,"2025-01-30 00:00:00",13:00:00,"2025-01-30 00:00:00",13:00:00,0,46715,0,yes,1829,yes,matches
79429,34130,C,5,closed,"2025-01-31 00:00:00",07:00:00,"2025-01-31 00:00:00",07:00:00,0,7986,0,yes,1875,yes,matches
79529,34261,C,5,closed,"2025-02-05 00:00:00",09:02:00,"2025-02-05 00:00:00",09:02:00,0,104327,104349,yes,1734,yes,matches
79574,34317,C,5,closed,"2025-02-06 00:00:00",22:15:00,"2025-02-06 00:00:00",22:15:00,0,85740,0,yes,1774,yes,matches
79569,34311,C,5,closed,"2025-02-06 00:00:00",21:00:00,"2025-02-06 00:00:00",21:00:00,0,94158,0,yes,1836,yes,matches
79588,34336,C,5,closed,"2025-02-07 00:00:00",19:00:00,"2025-02-07 00:00:00",19:00:00,0,94158,0,yes,1836,yes,matches
79613,34368,C,5,closed,"2025-02-08 00:00:00",23:00:00,"2025-02-08 00:00:00",23:00:00,0,176,0,yes,1889,yes,matches
79607,34359,C,5,closed,"2025-02-08 00:00:00",20:00:00,"2025-02-08 00:00:00",20:00:00,0,67137,0,yes,1748,yes,matches
79606,34358,C,5,closed,"2025-02-08 00:00:00",19:20:00,"2025-02-08 00:00:00",19:20:00,0,66942,0,yes,1743,yes,matches
79636,34395,C,5,closed,"2025-02-09 00:00:00",21:39:00,"2025-02-09 00:00:00",21:39:00,0,35267,0,yes,1841,yes,matches
79644,34405,C,5,closed,"2025-02-10 00:00:00",17:00:00,"2025-02-10 00:00:00",17:00:00,0,104671,0,yes,1734,yes,matches
79674,34442,C,5,closed,"2025-02-11 00:00:00",20:00:00,"2025-02-11 00:00:00",20:00:00,0,104677,0,yes,1762,yes,matches
79671,34439,C,5,closed,"2025-02-11 00:00:00",23:15:00,"2025-02-11 00:00:00",23:15:00,0,222,0,yes,1890,yes,matches
79725,34506,C,5,closed,"2025-02-14 00:00:00",11:00:00,"2025-02-14 00:00:00",11:00:00,0,48419,0,yes,1840,yes,matches
79779,34573,C,5,closed,"2025-02-16 00:00:00",18:50:00,"2025-02-16 00:00:00",18:50:00,0,53318,0,yes,1793,yes,matches
79810,34615,C,5,closed,"2025-02-17 00:00:00",20:15:00,"2025-02-17 00:00:00",20:15:00,0,67769,0,yes,1748,yes,matches
79798,34597,C,5,closed,"2025-02-17 00:00:00",14:00:00,"2025-02-17 00:00:00",14:00:00,0,20627,0,yes,1861,yes,matches
79849,34663,C,5,closed,"2025-02-19 00:00:00",19:30:00,"2025-02-19 00:00:00",19:30:00,0,4030,0,yes,1880,yes,matches
79869,34688,C,5,closed,"2025-02-20 00:00:00",14:40:00,"2025-02-20 00:00:00",14:40:00,0,16746,0,yes,1857,yes,matches
79905,34737,C,5,closed,"2025-02-22 00:00:00",10:15:00,"2025-02-22 00:00:00",10:15:00,0,67789,0,yes,1743,yes,matches
79897,34727,C,5,closed,"2025-02-22 00:00:00",07:20:00,"2025-02-22 00:00:00",07:20:00,0,68031,0,yes,1748,yes,matches
79939,34779,C,5,closed,"2025-02-23 00:00:00",23:48:00,"2025-02-23 00:00:00",23:48:00,0,85668,0,yes,1800,yes,matches
80009,34871,C,5,closed,"2025-02-27 00:00:00",21:00:00,"2025-02-27 00:00:00",21:00:00,0,46840,0,yes,1809,yes,matches
80026,34892,C,5,closed,"2025-02-28 00:00:00",17:30:00,"2025-02-28 00:00:00",17:30:00,0,71555,0,yes,1742,yes,matches
80051,34930,C,5,closed,"2025-03-02 00:00:00",20:00:00,"2025-03-02 00:00:00",20:00:00,0,2725,0,yes,1886,yes,matches
80170,35084,C,5,closed,"2025-03-09 00:00:00",17:00:00,"2025-03-09 00:00:00",17:00:00,0,96111,0,yes,1836,yes,matches
80198,35123,C,5,closed,"2025-03-11 00:00:00",16:00:00,"2025-03-11 00:00:00",16:00:00,0,46052,0,yes,1826,yes,matches
80243,35185,C,5,closed,"2025-03-14 00:00:00",10:00:00,"2025-03-14 00:00:00",10:00:00,0,88799,0,yes,1774,yes,matches
80266,35220,C,5,closed,"2025-03-15 00:00:00",21:02:31,"2025-03-15 00:00:00",21:02:31,0,69056,0,yes,1743,yes,matches
80264,35217,C,5,closed,"2025-03-15 00:00:00",20:00:00,"2025-03-15 00:00:00",20:00:00,0,43055,0,yes,1806,yes,matches
80316,35292,C,5,closed,"2025-03-19 00:00:00",15:55:00,"2025-03-19 00:00:00",15:55:00,0,1,0,yes,1836,yes,matches
80334,35314,C,5,closed,"2025-03-20 00:00:00",19:30:00,"2025-03-20 00:00:00",19:30:00,0,18782,0,yes,1872,yes,matches
80348,35336,C,5,closed,"2025-03-22 00:00:00",00:15:00,"2025-03-22 00:00:00",00:15:00,0,100745,0,yes,1729,yes,matches
80389,35393,C,5,closed,"2025-03-24 00:00:00",20:00:00,"2025-03-24 00:00:00",20:00:00,0,2779,0,yes,1884,yes,matches
80402,35411,C,5,closed,"2025-03-25 00:00:00",20:30:00,"2025-03-25 00:00:00",20:30:00,0,4548,0,yes,1888,yes,matches
80451,35472,C,5,closed,"2025-03-28 00:00:00",18:40:00,"2025-03-28 00:00:00",18:40:00,0,3034,0,yes,1884,yes,matches
80502,35530,C,5,closed,"2025-03-30 00:00:00",18:45:00,"2025-03-30 00:00:00",18:45:00,0,43579,0,yes,1806,yes,matches
80514,35544,C,5,closed,"2025-03-31 00:00:00",09:00:00,"2025-03-31 00:00:00",09:00:00,0,164972,0,yes,1771,yes,matches
80511,35541,C,5,closed,"2025-03-31 00:00:00",10:00:00,"2025-03-31 00:00:00",10:00:00,0,39366,0,yes,1841,yes,matches
80507,35536,C,5,closed,"2025-03-31 00:00:00",12:00:00,"2025-03-31 00:00:00",12:00:00,0,3504,0,yes,1884,yes,matches
80590,35631,C,5,closed,"2025-04-02 00:00:00",22:54:23,"2025-04-02 00:00:00",22:54:23,0,15275,0,yes,1859,yes,matches
80647,35706,C,5,closed,"2025-04-05 00:00:00",18:40:00,"2025-04-05 00:00:00",18:40:00,0,103807,0,yes,1738,yes,matches
80643,35701,C,5,closed,"2025-04-05 00:00:00",18:00:00,"2025-04-05 00:00:00",18:00:00,0,66986,0,yes,1781,yes,matches
80655,35714,C,5,closed,"2025-04-06 00:00:00",13:00:00,"2025-04-06 00:00:00",13:00:00,0,91290,0,yes,1801,yes,matches
80640,35696,C,5,closed,"2025-04-06 00:00:00",12:00:00,"2025-04-06 00:00:00",12:00:00,0,67874,0,yes,1837,yes,matches
80680,35742,C,5,closed,"2025-04-07 00:00:00",13:00:00,"2025-04-07 00:00:00",13:00:00,0,15684,0,yes,1859,yes,matches
80700,35767,C,5,closed,"2025-04-08 00:00:00",09:15:52,"2025-04-08 00:00:00",09:15:52,0,92010,0,yes,1799,yes,matches
80744,35828,C,5,closed,"2025-04-10 00:00:00",23:27:46,"2025-04-10 00:00:00",23:27:46,0,65276,0,yes,1814,yes,matches
80770,35861,C,5,closed,"2025-04-12 00:00:00",11:33:00,"2025-04-12 00:00:00",11:33:00,0,8571,0,yes,1870,yes,matches
80786,35883,C,5,closed,"2025-04-12 00:00:00",22:00:00,"2025-04-12 00:00:00",22:00:00,0,117419,0,yes,1808,yes,matches
80779,35874,C,5,closed,"2025-04-12 00:00:00",16:57:50,"2025-04-12 00:00:00",16:57:50,0,110110,0,yes,1734,yes,matches
80846,35955,C,5,closed,"2025-04-16 00:00:00",22:00:00,"2025-04-16 00:00:00",22:00:00,0,9254,0,yes,1881,yes,matches
80902,36022,C,5,closed,"2025-04-18 00:00:00",13:00:00,"2025-04-18 00:00:00",13:00:00,0,79285,79285,no,1798,yes,matches
80935,36069,C,5,closed,"2025-04-19 00:00:00",21:00:00,"2025-04-19 00:00:00",21:00:00,0,39233,0,yes,1798,yes,matches
80948,36087,C,5,closed,"2025-04-20 00:00:00",17:30:00,"2025-04-20 00:00:00",17:30:00,0,18138,0,yes,1892,yes,matches
80968,36111,C,5,closed,"2025-04-21 00:00:00",21:00:00,"2025-04-21 00:00:00",21:00:00,0,121198,0,yes,1731,yes,matches
80957,36098,C,5,closed,"2025-04-21 00:00:00",09:45:00,"2025-04-21 00:00:00",09:45:00,0,17272,0,yes,1864,yes,matches
80981,36124,C,5,closed,"2025-04-22 00:00:00",14:00:00,"2025-04-22 00:00:00",14:00:00,0,1,0,yes,1748,yes,matches
81066,36228,C,5,closed,"2025-04-26 00:00:00",18:30:00,"2025-04-26 00:00:00",18:30:00,0,58739,0,yes,1793,yes,matches
81079,36243,C,5,closed,"2025-04-27 00:00:00",12:45:00,"2025-04-27 00:00:00",12:45:00,0,92876,0,yes,1752,yes,matches
81075,36239,C,5,closed,"2025-04-27 00:00:00",11:45:00,"2025-04-27 00:00:00",11:45:00,0,102491,0,yes,1786,yes,matches
81117,36295,C,5,closed,"2025-04-29 00:00:00",18:25:00,"2025-04-29 00:00:00",18:25:00,0,101165,0,yes,1784,yes,matches
81142,36323,C,5,closed,"2025-04-30 00:00:00",22:29:39,"2025-04-30 00:00:00",22:29:39,0,6594,0,yes,1884,yes,matches
81139,36320,C,5,closed,"2025-04-30 00:00:00",21:38:35,"2025-04-30 00:00:00",21:38:35,0,26879,26879,no,1852,yes,matches
81135,36316,C,5,closed,"2025-04-30 00:00:00",22:50:00,"2025-04-30 00:00:00",22:50:00,0,78116,0,yes,1742,yes,matches
81134,36315,C,5,closed,"2025-04-30 00:00:00",19:40:00,"2025-04-30 00:00:00",19:40:00,0,106388,0,yes,1768,yes,matches
81125,36304,C,5,closed,"2025-04-30 00:00:00",13:20:00,"2025-04-30 00:00:00",13:20:00,0,78030,0,yes,1742,yes,matches
81164,36353,C,5,closed,"2025-05-01 00:00:00",23:49:00,"2025-05-01 00:00:00",23:49:00,0,51767,0,yes,1797,yes,matches
81181,36373,C,5,closed,"2025-05-03 00:00:00",09:00:00,"2025-05-03 00:00:00",09:00:00,0,69545,0,yes,1804,yes,matches
81263,36482,C,5,closed,"2025-05-07 00:00:00",18:06:00,"2025-05-07 00:00:00",18:06:00,0,53074,0,yes,1761,yes,matches
81290,36525,C,5,closed,"2025-05-09 00:00:00",23:19:06,"2025-05-09 00:00:00",23:19:06,0,15,0,yes,1903,yes,matches
81299,36534,C,5,closed,"2025-05-10 00:00:00",14:00:00,"2025-05-10 00:00:00",14:00:00,0,7452,7452,no,1884,yes,matches
81346,36592,C,5,closed,"2025-05-13 00:00:00",15:45:00,"2025-05-13 00:00:00",15:45:00,0,99505,,no,1836,yes,matches
81377,36634,C,5,closed,"2025-05-14 00:00:00",19:00:00,"2025-05-14 00:00:00",19:00:00,0,76728,0,yes,1796,yes,matches
81390,36649,C,5,closed,"2025-05-15 00:00:00",12:30:00,"2025-05-15 00:00:00",12:30:00,0,81,0,yes,1899,yes,matches
81421,36688,C,5,closed,"2025-05-16 00:00:00",20:45:00,"2025-05-16 00:00:00",20:45:00,0,18757,0,yes,1864,yes,matches
81439,36714,C,5,closed,"2025-05-17 00:00:00",15:47:00,"2025-05-17 00:00:00",15:47:00,0,9495,0,yes,1888,yes,matches
81437,36712,C,5,closed,"2025-05-17 00:00:00",15:50:00,"2025-05-17 00:00:00",15:50:00,0,54090,0,yes,1822,yes,matches
81454,36737,C,5,closed,"2025-05-18 00:00:00",12:57:27,"2025-05-18 00:00:00",12:57:27,0,2893,0,yes,1883,yes,matches
81445,36725,C,5,closed,"2025-05-18 00:00:00",00:50:00,"2025-05-18 00:00:00",00:50:00,0,40215,0,yes,1819,yes,matches
81473,36762,C,5,closed,"2025-05-19 00:00:00",10:15:00,"2025-05-19 00:00:00",10:15:00,0,205405,0,yes,1702,yes,matches
81519,36710,C,5,closed,"2025-05-21 00:00:00",15:22:00,"2025-05-21 00:00:00",15:22:00,0,55142,,no,1896,yes,matches
81526,36827,C,5,closed,"2025-05-21 00:00:00",19:20:00,"2025-05-21 00:00:00",19:20:00,0,69599,0,yes,1804,yes,matches
81564,36872,C,5,closed,"2025-05-22 00:00:00",03:52:00,"2025-05-22 00:00:00",03:52:00,0,205829,0,yes,1702,yes,matches
81556,36863,C,5,closed,"2025-05-22 00:00:00",21:49:26,"2025-05-22 00:00:00",21:49:26,0,471,0,yes,1907,yes,matches
81548,36855,C,5,closed,"2025-05-22 00:00:00",19:00:00,"2025-05-22 00:00:00",19:00:00,0,18960,0,yes,1864,yes,matches
81567,36876,C,5,closed,"2025-05-23 00:00:00",14:00:00,"2025-05-23 00:00:00",14:00:00,0,55921,0,yes,1803,yes,matches
81601,36924,C,5,closed,"2025-05-24 00:00:00",18:41,"2025-05-24 00:00:00",18:41,0,57141,0,yes,1789,yes,matches
81598,36919,C,5,closed,"2025-05-24 00:00:00",17:00:00,"2025-05-24 00:00:00",17:00:00,0,57119,0,yes,1789,yes,matches
81597,36918,C,5,closed,"2025-05-24 00:00:00",15:37:23,"2025-05-24 00:00:00",15:37:23,0,76579,0,yes,1782,yes,matches
81583,36901,C,5,closed,"2025-05-24 00:00:00",09:00:00,"2025-05-24 00:00:00",09:00:00,0,11689,0,yes,1889,yes,matches
81628,36959,C,5,closed,"2025-05-26 00:00:00",12:00:00,"2025-05-26 00:00:00",12:00:00,0,95965,0,yes,1788,yes,matches
81666,37009,C,5,closed,"2025-05-27 00:00:00",18:00:00,"2025-05-27 00:00:00",18:00:00,0,88914,0,yes,1756,yes,matches
81766,37145,C,5,closed,"2025-06-02 00:00:00",13:00:00,"2025-06-02 00:00:00",13:00:00,0,56547,0,yes,1840,yes,matches
81765,37144,C,5,closed,"2025-06-02 00:00:00",09:30:00,"2025-06-02 00:00:00",09:30:00,0,76830,0,yes,1782,yes,matches
81793,37181,C,5,closed,"2025-06-03 00:00:00",22:30:00,"2025-06-03 00:00:00",22:30:00,0,75505,0,yes,1780,yes,matches
81781,37163,C,5,closed,"2025-06-03 00:00:00",15:00:00,"2025-06-03 00:00:00",15:00:00,0,43108,0,yes,1841,yes,matches
81842,37238,C,5,closed,"2025-06-05 00:00:00",22:00:00,"2025-06-05 00:00:00",22:00:00,0,438,0,yes,1906,yes,matches
81815,37207,C,5,closed,"2025-06-05 00:00:00",03:15:00,"2025-06-05 00:00:00",03:15:00,0,769,0,yes,1899,yes,matches
81871,37269,C,5,closed,"2025-06-06 00:00:00",23:00:00,"2025-06-06 00:00:00",23:00:00,0,81907,0,yes,1742,yes,matches
81863,37259,C,5,closed,"2025-06-06 00:00:00",14:20:00,"2025-06-06 00:00:00",14:20:00,0,92687,0,yes,1774,yes,matches
81860,37256,C,5,closed,"2025-06-06 00:00:00",11:01:52,"2025-06-06 00:00:00",11:01:52,0,43108,0,yes,1841,yes,matches
81857,37253,C,5,closed,"2025-06-06 00:00:00",10:00:30,"2025-06-06 00:00:00",10:00:30,0,100204,0,yes,1737,yes,matches
81881,37279,C,5,closed,"2025-06-07 00:00:00",12:11:43,"2025-06-07 00:00:00",12:11:43,0,81907,0,yes,1742,yes,matches
81880,37278,C,5,closed,"2025-06-07 00:00:00",12:03:48,"2025-06-07 00:00:00",12:03:48,0,41555,0,yes,1812,yes,matches
3012,37334,U,5,closed,"2025-06-09 00:00:00",20:23:45,"2025-06-09 00:00:00",20:23:45,0,1,1,no,1798,yes,matches
81963,37387,C,5,closed,"2025-06-11 00:00:00",19:16:53,"2025-06-11 00:00:00",19:16:53,0,102044,0,yes,1741,yes,matches
81951,37373,C,5,closed,"2025-06-11 00:00:00",11:45:00,"2025-06-11 00:00:00",11:45:00,0,82527,0,yes,1807,yes,matches
81977,37404,C,5,closed,"2025-06-12 00:00:00",11:56:00,"2025-06-12 00:00:00",11:56:00,0,82000,82001,yes,1742,yes,matches
81987,37419,C,5,closed,"2025-06-12 00:00:00",23:00:00,"2025-06-12 00:00:00",23:00:00,0,67126,0,yes,1816,yes,matches
82052,37501,C,5,closed,"2025-06-16 00:00:00",20:52:44,"2025-06-16 00:00:00",20:52:44,0,101619,0,yes,1836,yes,matches
82076,37532,C,5,closed,"2025-06-17 00:00:00",23:03:00,"2025-06-17 00:00:00",23:03:00,0,18108,0,yes,1910,yes,matches
82073,37529,C,5,closed,"2025-06-17 00:00:00",21:13:20,"2025-06-17 00:00:00",21:13:20,0,21218,0,yes,1892,yes,matches
82067,37519,C,5,closed,"2025-06-17 00:00:00",16:03:00,"2025-06-17 00:00:00",16:03:00,0,17834,0,yes,1798,yes,matches
82105,37569,C,5,closed,"2025-06-19 00:00:00",15:19:18,"2025-06-19 00:00:00",15:19:18,0,82813,0,yes,1807,yes,matches
82098,37562,C,5,closed,"2025-06-19 00:00:00",08:00:00,"2025-06-19 00:00:00",08:00:00,0,56816,0,yes,1818,yes,matches
82124,37593,C,5,closed,"2025-06-20 00:00:00",16:46:21,"2025-06-20 00:00:00",16:46:21,0,14915,0,yes,1885,yes,matches
82136,37611,C,5,closed,"2025-06-21 00:00:00",15:00:00,"2025-06-21 00:00:00",15:00:00,0,109558,0,yes,1738,yes,matches
82161,37645,C,5,closed,"2025-06-22 00:00:00",08:47:00,"2025-06-22 00:00:00",08:47:00,0,42121,0,yes,1798,yes,matches
82152,37635,C,5,closed,"2025-06-22 00:00:00",20:00:00,"2025-06-22 00:00:00",20:00:00,0,84313,0,yes,1758,yes,matches
82151,37634,C,5,closed,"2025-06-22 00:00:00",20:00:00,"2025-06-22 00:00:00",20:00:00,0,53630,0,yes,1826,yes,matches
82147,37626,C,5,closed,"2025-06-22 00:00:00",14:00:00,"2025-06-22 00:00:00",14:00:00,0,57053,0,yes,1840,yes,matches
82160,37644,C,5,closed,"2025-06-23 00:00:00",08:00:00,"2025-06-23 00:00:00",08:00:00,0,3480,0,yes,1903,yes,matches
82153,37636,C,5,closed,"2025-06-23 00:00:00",08:00:00,"2025-06-23 00:00:00",08:00:00,0,42091,0,yes,1812,yes,matches
82240,37746,C,5,closed,"2025-06-27 00:00:00",17:30:00,"2025-06-27 00:00:00",17:30:00,0,91326,0,yes,1756,yes,matches
82288,37806,C,5,closed,"2025-06-30 00:00:00",18:24:30,"2025-06-30 00:00:00",18:24:30,0,86313,0,yes,1777,yes,matches
82298,37817,C,5,closed,"2025-07-01 00:00:00",14:09:00,"2025-07-01 00:00:00",14:09:00,0,94690,0,yes,1774,yes,matches
82292,37810,C,5,closed,"2025-07-01 00:00:00",11:00:00,"2025-07-01 00:00:00",11:00:00,0,98721,0,yes,1788,yes,matches
82335,37867,C,5,closed,"2025-07-03 00:00:00",17:06:13,"2025-07-03 00:00:00",17:06:13,0,45737,0,yes,1813,yes,matches
82363,37904,C,5,closed,"2025-07-04 00:00:00",21:30:51,"2025-07-04 00:00:00",21:30:51,0,92272,0,yes,1795,yes,matches
82359,37900,C,5,closed,"2025-07-04 00:00:00",20:30:00,"2025-07-04 00:00:00",20:30:00,0,14740,0,yes,1888,yes,matches
82349,37886,C,5,closed,"2025-07-04 00:00:00",13:10:25,"2025-07-04 00:00:00",13:10:25,0,42163,0,yes,1812,yes,matches
82346,37880,C,5,closed,"2025-07-04 00:00:00",12:28:30,"2025-07-04 00:00:00",12:28:30,0,42162,0,yes,1812,yes,matches
82418,37984,C,5,closed,"2025-07-08 00:00:00",21:51:00,"2025-07-08 00:00:00",21:51:00,0,148121,0,yes,1744,yes,matches
82407,37963,C,5,closed,"2025-07-08 00:00:00",10:45:00,"2025-07-08 00:00:00",10:45:00,0,97658,0,yes,1730,yes,matches
82432,38001,C,5,closed,"2025-07-09 00:00:00",18:11:17,"2025-07-09 00:00:00",18:11:17,0,75651,0,yes,1802,yes,matches
82470,38054,C,5,closed,"2025-07-12 00:00:00",16:02:36,"2025-07-12 00:00:00",16:02:36,0,63111,0,yes,1778,yes,matches
82492,38083,C,5,closed,"2025-07-13 00:00:00",18:30:00,"2025-07-13 00:00:00",18:30:00,0,44615,0,yes,1851,yes,matches
82517,38111,C,5,closed,"2025-07-14 00:00:00",22:05:00,"2025-07-14 00:00:00",22:05:00,0,46680,0,yes,1813,yes,matches
82584,38199,C,5,closed,"2025-07-18 00:00:00",13:00:00,"2025-07-18 00:00:00",13:00:00,0,54595,0,yes,1826,yes,matches
82610,38238,C,5,closed,"2025-07-19 00:00:00",19:53:21,"2025-07-19 00:00:00",19:53:21,0,30979,0,yes,1887,yes,matches
82599,38220,C,5,closed,"2025-07-19 00:00:00",12:42:59,"2025-07-19 00:00:00",12:42:59,0,30887,0,yes,1887,yes,matches
82634,38269,C,5,closed,"2025-07-21 00:00:00",10:00:00,"2025-07-21 00:00:00",10:00:00,0,122105,0,yes,1732,yes,matches
82663,38308,C,5,closed,"2025-07-23 00:00:00",15:00:00,"2025-07-23 00:00:00",15:00:00,0,30617,0,yes,1867,yes,matches
82705,38361,C,5,closed,"2025-07-25 00:00:00",12:00:00,"2025-07-25 00:00:00",12:00:00,0,148224,0,yes,1755,yes,matches
82759,38434,C,5,closed,"2025-07-28 00:00:00",17:05:00,"2025-07-28 00:00:00",17:05:00,0,102386,0,yes,1737,yes,matches
82776,38453,C,5,closed,"2025-07-29 00:00:00",13:01:58,"2025-07-29 00:00:00",13:01:58,0,30681,0,yes,1867,yes,matches
82805,38492,C,5,closed,"2025-07-31 00:00:00",19:30:00,"2025-07-31 00:00:00",19:30:00,0,22798,22911,yes,1892,yes,matches
82803,38490,C,5,closed,"2025-07-31 00:00:00",13:30:00,"2025-07-31 00:00:00",13:30:00,0,54775,0,yes,1797,yes,matches
82821,38511,C,5,closed,"2025-08-01 00:00:00",14:00:00,"2025-08-01 00:00:00",14:00:00,0,96222,0,yes,1774,yes,matches
82816,38506,C,5,closed,"2025-08-01 00:00:00",10:00:00,"2025-08-01 00:00:00",10:00:00,0,107956,0,yes,1786,yes,matches
82807,38291,C,5,closed,"2025-08-01 00:00:00",14:40:00,"2025-08-01 00:00:00",14:40:00,0,8825,,no,1902,yes,matches
82857,38555,C,5,closed,"2025-08-03 00:00:00",00:15:00,"2025-08-03 00:00:00",00:15:00,0,70187,0,yes,1790,yes,matches
82878,38582,C,5,closed,"2025-08-04 00:00:00",14:00:00,"2025-08-04 00:00:00",14:00:00,0,7524,0,yes,1903,yes,matches
82876,38580,C,5,closed,"2025-08-04 00:00:00",12:30:00,"2025-08-04 00:00:00",12:30:00,0,98907,0,yes,1801,yes,matches
82915,38626,C,5,closed,"2025-08-05 00:00:00",18:30:00,"2025-08-05 00:00:00",18:30:00,0,31469,0,yes,1873,yes,matches
82903,38609,C,5,closed,"2025-08-05 00:00:00",12:30:00,"2025-08-05 00:00:00",12:30:00,0,96332,0,yes,1776,yes,matches
82902,38608,C,5,closed,"2025-08-05 00:00:00",11:00:00,"2025-08-05 00:00:00",11:00:00,0,20236,0,yes,1910,yes,matches
82899,38605,C,5,closed,"2025-08-05 00:00:00",11:00:00,"2025-08-05 00:00:00",11:00:00,0,79324,0,yes,1782,yes,matches
82955,38678,C,5,closed,"2025-08-08 00:00:00",13:30:00,"2025-08-08 00:00:00",13:30:00,0,9365,0,yes,1902,yes,matches
82950,38672,C,5,closed,"2025-08-08 00:00:00",11:00:00,"2025-08-08 00:00:00",11:00:00,0,20277,0,yes,1910,yes,matches
82984,38717,C,5,closed,"2025-08-10 00:00:00",09:15:00,"2025-08-10 00:00:00",09:15:00,0,41305,0,yes,1791,yes,matches
83025,38772,C,5,closed,"2025-08-12 00:00:00",15:30:00,"2025-08-12 00:00:00",15:30:00,0,23194,0,yes,1864,yes,matches
83041,38798,C,5,closed,"2025-08-13 00:00:00",12:33:45,"2025-08-13 00:00:00",12:33:45,0,98981,98985,yes,1730,yes,matches
72402,38797,P,5,closed,"2025-08-13 00:00:00",12:07:34,"2025-08-13 00:00:00",12:07:34,0,6331,0,yes,1877,yes,matches
3362,38836,U,5,closed,"2025-08-14 00:00:00",19:00:00,"2025-08-14 00:00:00",19:00:00,0,40888,0,yes,1893,yes,matches
83106,38886,C,5,closed,"2025-08-17 00:00:00",13:03:39,"2025-08-17 00:00:00",13:03:39,0,59296,0,yes,1803,yes,matches
83103,38882,C,5,closed,"2025-08-17 00:00:00",11:50:00,"2025-08-17 00:00:00",11:50:00,0,60967,0,yes,1789,yes,matches
83101,38880,C,5,closed,"2025-08-17 00:00:00",12:00:00,"2025-08-17 00:00:00",12:00:00,0,99328,0,yes,1801,yes,matches
83155,38952,C,5,closed,"2025-08-19 00:00:00",19:00:00,"2025-08-19 00:00:00",19:00:00,0,21578,0,yes,1881,yes,matches
83202,39017,C,5,closed,"2025-08-22 00:00:00",19:51:00,"2025-08-22 00:00:00",19:51:00,0,127608,0,yes,1737,yes,matches
83197,39011,C,5,closed,"2025-08-22 00:00:00",16:33:00,"2025-08-22 00:00:00",16:33:00,0,60874,0,yes,1822,yes,matches
83232,39058,C,5,closed,"2025-08-24 00:00:00",20:09:46,"2025-08-24 00:00:00",20:09:46,0,61293,0,yes,1822,yes,matches
83248,39079,C,5,closed,"2025-08-26 00:00:00",09:00:00,"2025-08-26 00:00:00",09:00:00,0,31672,0,yes,1852,yes,matches
83273,39110,C,5,closed,"2025-08-27 00:00:00",15:10:17,"2025-08-27 00:00:00",15:10:17,0,6431,,no,1905,yes,matches
83297,39140,C,5,closed,"2025-08-28 00:00:00",22:05:45,"2025-08-28 00:00:00",22:05:45,0,24177,0,yes,1892,yes,matches
83294,39137,C,5,closed,"2025-08-28 00:00:00",20:57:10,"2025-08-28 00:00:00",20:57:10,0,18218,0,yes,1878,yes,matches
83282,39122,C,5,closed,"2025-08-28 00:00:00",14:00:00,"2025-08-28 00:00:00",14:00:00,0,32625,0,yes,1895,yes,matches
83310,39155,C,5,closed,"2025-08-29 00:00:00",19:27:05,"2025-08-29 00:00:00",19:27:05,0,58775,0,yes,1824,yes,matches
83289,39131,C,5,closed,"2025-08-29 00:00:00",08:30:00,"2025-08-29 00:00:00",08:30:00,0,100639,0,yes,1801,yes,matches
83355,39214,C,5,closed,"2025-09-01 00:00:00",12:00:00,"2025-09-01 00:00:00",12:00:00,0,96265,0,yes,1795,yes,matches
83352,39211,C,5,closed,"2025-09-01 00:00:00",10:30:00,"2025-09-01 00:00:00",10:30:00,0,12810,0,yes,1894,yes,matches
83393,39263,C,5,closed,"2025-09-02 00:00:00",18:34:00,"2025-09-02 00:00:00",18:34:00,0,76884,0,yes,1814,yes,matches
83390,39259,C,5,closed,"2025-09-02 00:00:00",19:00:00,"2025-09-02 00:00:00",19:00:00,0,62060,0,yes,1822,yes,matches
83414,39294,C,5,closed,"2025-09-03 00:00:00",19:50:46,"2025-09-03 00:00:00",19:50:46,0,69414,0,yes,1820,yes,matches
83400,39275,C,5,closed,"2025-09-03 00:00:00",10:30:00,"2025-09-03 00:00:00",10:30:00,0,48161,0,yes,1844,yes,matches
83423,39303,C,5,closed,"2025-09-04 00:00:00",13:20:00,"2025-09-04 00:00:00",13:20:00,0,76897,0,yes,1814,yes,matches
83422,39302,C,5,closed,"2025-09-04 00:00:00",10:30:00,"2025-09-04 00:00:00",10:30:00,0,6432,0,yes,1905,yes,matches
83461,39350,C,5,closed,"2025-09-05 00:00:00",21:00:00,"2025-09-05 00:00:00",21:00:00,0,82587,0,yes,1780,yes,matches
83459,39345,C,5,closed,"2025-09-05 00:00:00",15:19:00,"2025-09-05 00:00:00",15:19:00,0,82421,0,yes,1748,yes,matches
83451,39336,C,5,closed,"2025-09-05 00:00:00",14:00:00,"2025-09-05 00:00:00",14:00:00,0,62065,0,yes,1897,yes,matches
83444,39328,C,5,closed,"2025-09-05 00:00:00",10:30:00,"2025-09-05 00:00:00",10:30:00,0,31957,0,yes,1852,yes,matches
83481,39378,C,5,closed,"2025-09-06 00:00:00",19:40:00,"2025-09-06 00:00:00",19:40:00,0,82648,0,yes,1782,yes,matches
83472,39361,C,5,closed,"2025-09-06 00:00:00",12:30:00,"2025-09-06 00:00:00",12:30:00,0,77364,0,yes,1798,yes,matches
83469,39358,C,5,closed,"2025-09-06 00:00:00",12:45:00,"2025-09-06 00:00:00",12:45:00,0,77364,0,yes,1814,yes,matches
83466,39355,C,5,closed,"2025-09-06 00:00:00",08:00:00,"2025-09-06 00:00:00",08:00:00,0,68179,0,yes,1810,yes,matches
83484,39381,C,5,closed,"2025-09-07 00:00:00",00:19:00,"2025-09-07 00:00:00",00:19:00,0,53192,0,yes,1823,yes,matches
3492,39441,U,5,closed,"2025-09-09 00:00:00",17:58:00,"2025-09-09 00:00:00",17:58:00,0,31010,0,yes,1862,yes,matches
83550,39466,C,5,closed,"2025-09-10 00:00:00",20:00:00,"2025-09-10 00:00:00",20:00:00,0,33809,0,yes,1873,yes,matches
83542,39457,C,5,closed,"2025-09-10 00:00:00",12:40:00,"2025-09-10 00:00:00",12:40:00,0,96884,0,yes,1795,yes,matches
83574,39496,C,5,closed,"2025-09-11 00:00:00",22:00:00,"2025-09-11 00:00:00",22:00:00,0,81353,0,yes,1782,yes,matches
83571,39492,C,5,closed,"2025-09-11 00:00:00",19:41:32,"2025-09-11 00:00:00",19:41:32,0,70330,0,yes,1820,yes,matches
83563,39481,C,5,closed,"2025-09-11 00:00:00",10:09:52,"2025-09-11 00:00:00",10:09:52,0,1,0,yes,1844,yes,matches
83559,39477,C,5,closed,"2025-09-11 00:00:00",19:15:00,"2025-09-11 00:00:00",19:15:00,0,101496,0,yes,1801,yes,matches
83556,39474,C,5,closed,"2025-09-11 00:00:00",00:24:43,"2025-09-11 00:00:00",00:24:43,0,3869,0,yes,1907,yes,matches
83610,39545,C,5,closed,"2025-09-13 00:00:00",21:27:36,"2025-09-13 00:00:00",21:27:36,0,1,0,yes,1798,yes,matches
83596,39526,C,5,closed,"2025-09-13 00:00:00",10:30:00,"2025-09-13 00:00:00",10:30:00,0,95609,0,yes,1754,yes,matches
83625,39569,C,5,closed,"2025-09-14 00:00:00",20:00:00,"2025-09-14 00:00:00",20:00:00,0,20189,0,yes,1878,yes,matches
83660,39619,C,5,closed,"2025-09-16 00:00:00",21:00:00,"2025-09-16 00:00:00",21:00:00,0,98882,0,yes,1776,yes,matches
83655,39612,C,5,closed,"2025-09-16 00:00:00",14:10:00,"2025-09-16 00:00:00",14:10:00,0,86541,0,yes,1742,yes,matches
83681,39647,C,5,closed,"2025-09-17 00:00:00",19:00:00,"2025-09-17 00:00:00",19:00:00,0,24043,0,yes,1869,yes,matches
83768,39755,C,5,closed,"2025-09-22 00:00:00",20:30:28,"2025-09-22 00:00:00",20:30:28,0,69724,0,yes,1810,yes,matches
83825,39823,C,5,closed,"2025-09-25 00:00:00",22:35:00,"2025-09-25 00:00:00",22:35:00,0,84067,0,yes,1780,yes,matches
83816,39813,C,5,closed,"2025-09-25 00:00:00",13:00:00,"2025-09-25 00:00:00",13:00:00,0,44187,0,yes,1819,yes,matches
83813,39809,C,5,closed,"2025-09-25 00:00:00",10:00:00,"2025-09-25 00:00:00",10:00:00,0,63029,0,yes,1822,yes,matches
83804,39798,C,5,closed,"2025-09-25 00:00:00",07:25:00,"2025-09-25 00:00:00",07:25:00,0,4163,0,yes,1907,yes,matches
83840,39839,C,5,closed,"2025-09-26 00:00:00",12:40:00,"2025-09-26 00:00:00",12:40:00,0,1,0,yes,1908,yes,matches
83833,39832,C,5,closed,"2025-09-26 00:00:00",10:00:00,"2025-09-26 00:00:00",10:00:00,0,82176,0,yes,1787,yes,matches
83862,39873,C,5,closed,"2025-09-27 00:00:00",20:00:00,"2025-09-27 00:00:00",20:00:00,0,8058,0,yes,1883,yes,matches
83859,39868,C,5,closed,"2025-09-27 00:00:00",09:00:00,"2025-09-27 00:00:00",09:00:00,0,114982,0,yes,1738,yes,matches
83900,39923,C,5,closed,"2025-09-29 00:00:00",13:33:00,"2025-09-29 00:00:00",13:33:00,0,104243,0,yes,1772,yes,matches
83893,39916,C,5,closed,"2025-09-29 00:00:00",20:00:00,"2025-09-29 00:00:00",20:00:00,0,102093,0,yes,1801,yes,matches
83906,39933,C,5,closed,"2025-09-30 00:00:00",17:00:00,"2025-09-30 00:00:00",17:00:00,0,72518,0,yes,1790,yes,matches
83926,39960,C,5,closed,"2025-10-02 00:00:00",09:30:00,"2025-10-02 00:00:00",09:30:00,0,92644,0,yes,1758,yes,matches
83936,39975,C,5,closed,"2025-10-03 00:00:00",07:15:00,"2025-10-03 00:00:00",07:15:00,0,92644,0,yes,1758,yes,matches
84000,40052,C,5,closed,"2025-10-06 00:00:00",09:00:00,"2025-10-06 00:00:00",09:00:00,0,104859,0,yes,1772,yes,matches
84028,40087,C,5,closed,"2025-10-07 00:00:00",22:15:00,"2025-10-07 00:00:00",22:15:00,0,79103,0,yes,1743,yes,matches
84016,40074,C,5,closed,"2025-10-07 00:00:00",14:00:00,"2025-10-07 00:00:00",14:00:00,0,98562,0,yes,1795,yes,matches
84035,40095,C,5,closed,"2025-10-08 00:00:00",12:00:00,"2025-10-08 00:00:00",12:00:00,0,98562,0,yes,1795,yes,matches
84068,40136,C,5,closed,"2025-10-09 00:00:00",21:00:00,"2025-10-09 00:00:00",21:00:00,0,106227,0,yes,1799,yes,matches
3653,40159,U,5,closed,"2025-10-10 00:00:00",21:10:00,"2025-10-10 00:00:00",21:10:00,0,90887,0,yes,1796,yes,matches
84098,40178,C,5,closed,"2025-10-11 00:00:00",22:21:00,"2025-10-11 00:00:00",22:21:00,0,22723,0,yes,1878,yes,matches
84092,40170,C,5,closed,"2025-10-11 00:00:00",16:30:00,"2025-10-11 00:00:00",16:30:00,0,7232,0,yes,1900,yes,matches
84087,40165,C,5,closed,"2025-10-11 00:00:00",12:30:00,"2025-10-11 00:00:00",12:30:00,0,15471,0,yes,1894,yes,matches
84120,40205,C,5,closed,"2025-10-12 00:00:00",20:39:00,"2025-10-12 00:00:00",20:39:00,0,61406,0,yes,1896,yes,matches
84128,40215,C,5,closed,"2025-10-13 00:00:00",15:00:00,"2025-10-13 00:00:00",15:00:00,0,25331,0,yes,1881,yes,matches
84142,40229,C,5,closed,"2025-10-14 00:00:00",11:30:00,"2025-10-14 00:00:00",11:30:00,0,42268,0,yes,1839,yes,matches
84166,40261,C,5,closed,"2025-10-15 00:00:00",19:00:00,"2025-10-15 00:00:00",19:00:00,0,36767,0,yes,1873,yes,matches
84164,40258,C,5,closed,"2025-10-15 00:00:00",17:00:00,"2025-10-15 00:00:00",17:00:00,0,116688,0,yes,1753,yes,matches
84175,40270,C,5,closed,"2025-10-16 00:00:00",10:00:00,"2025-10-16 00:00:00",10:00:00,0,78284,0,yes,1816,yes,matches
84194,40293,C,5,closed,"2025-10-17 00:00:00",08:00:00,"2025-10-17 00:00:00",08:00:00,0,98940,0,yes,1795,yes,matches
84345,40475,C,5,closed,"2025-10-17 00:00:00",13:22:00,"2025-10-17 00:00:00",13:22:00,0,73299,0,yes,1790,yes,matches
84238,40343,C,5,closed,"2025-10-18 00:00:00",22:00:00,"2025-10-18 00:00:00",22:00:00,0,55922,0,yes,1823,yes,matches
84229,40333,C,5,closed,"2025-10-18 00:00:00",14:24:00,"2025-10-18 00:00:00",14:24:00,0,307,0,yes,1915,yes,matches
84251,40361,C,5,closed,"2025-10-19 00:00:00",20:00:00,"2025-10-19 00:00:00",20:00:00,0,9752,9752,no,1905,yes,matches
84246,40353,C,5,closed,"2025-10-19 00:00:00",12:27:52,"2025-10-19 00:00:00",12:27:52,0,9752,0,yes,1905,yes,matches
84269,40381,C,5,closed,"2025-10-20 00:00:00",19:30:00,"2025-10-20 00:00:00",19:30:00,0,21745,0,yes,1884,yes,matches
84262,40374,C,5,closed,"2025-10-20 00:00:00",16:05:00,"2025-10-20 00:00:00",16:05:00,0,24975,0,yes,1882,yes,matches
84285,40401,C,5,closed,"2025-10-21 00:00:00",17:00:00,"2025-10-21 00:00:00",17:00:00,0,71822,0,yes,1820,yes,matches
84293,40411,C,5,closed,"2025-10-22 00:00:00",23:30:00,"2025-10-22 00:00:00",23:30:00,0,21803,0,yes,1884,yes,matches
84290,40408,C,5,closed,"2025-10-22 00:00:00",10:00:00,"2025-10-22 00:00:00",10:00:00,0,35948,0,yes,1867,yes,matches
84289,40407,C,5,closed,"2025-10-22 00:00:00",10:00:00,"2025-10-22 00:00:00",10:00:00,0,42736,0,yes,1868,yes,matches
84314,40436,C,5,closed,"2025-10-23 00:00:00",16:00:00,"2025-10-23 00:00:00",16:00:00,0,21803,0,yes,1884,yes,matches
84311,40431,C,5,closed,"2025-10-23 00:00:00",13:30:00,"2025-10-23 00:00:00",13:30:00,0,24899,,no,1859,yes,matches
84332,40458,C,5,closed,"2025-10-24 00:00:00",11:35:00,"2025-10-24 00:00:00",11:35:00,0,92081,0,yes,1796,yes,matches
84325,40450,C,5,closed,"2025-10-24 00:00:00",02:00:00,"2025-10-24 00:00:00",02:00:00,0,85333,0,yes,1748,yes,matches
84342,40472,C,5,closed,"2025-10-24 00:00:00",17:20:00,"2025-10-24 00:00:00",17:20:00,0,64331,0,yes,1803,yes,matches
84372,40509,C,5,closed,"2025-10-26 00:00:00",08:00:00,"2025-10-26 00:00:00",08:00:00,0,6103,0,yes,1899,yes,matches
84409,40552,C,5,closed,"2025-10-28 00:00:00",14:00:00,"2025-10-28 00:00:00",14:00:00,0,35971,0,yes,1857,yes,matches
84407,40550,C,5,closed,"2025-10-28 00:00:00",13:00:00,"2025-10-28 00:00:00",13:00:00,0,38570,0,yes,1895,yes,matches
84448,40603,C,5,closed,"2025-10-30 00:00:00",13:00:00,"2025-10-30 00:00:00",13:00:00,0,42878,0,yes,1868,yes,matches
84440,40594,C,5,closed,"2025-10-30 00:00:00",10:00:00,"2025-10-30 00:00:00",10:00:00,0,6489,0,yes,1907,yes,matches
84473,40632,C,5,closed,"2025-10-31 00:00:00",17:00:00,"2025-10-31 00:00:00",17:00:00,0,63016,0,yes,1850,yes,matches
84561,40733,C,5,closed,"2025-11-03 00:00:00",23:12:00,"2025-11-03 00:00:00",23:12:00,0,54670,0,yes,1827,yes,matches
84551,40720,C,5,closed,"2025-11-03 00:00:00",18:30:00,"2025-11-03 00:00:00",18:30:00,0,80950,0,yes,1743,yes,matches
84526,40690,C,5,closed,"2025-11-03 00:00:00",08:00:00,"2025-11-03 00:00:00",08:00:00,0,36850,0,yes,1867,yes,matches
84576,40755,C,5,closed,"2025-11-04 00:00:00",16:30:00,"2025-11-04 00:00:00",16:30:00,0,66770,0,yes,1840,yes,matches
84598,40780,C,5,closed,"2025-11-05 00:00:00",17:31:00,"2025-11-05 00:00:00",17:31:00,0,53310,0,yes,1761,yes,matches
84597,40779,C,5,closed,"2025-11-05 00:00:00",20:00:00,"2025-11-05 00:00:00",20:00:00,0,13108,0,yes,1902,yes,matches
84591,40769,C,5,closed,"2025-11-05 00:00:00",16:00:00,"2025-11-05 00:00:00",16:00:00,0,27411,0,yes,1869,yes,matches
84615,40801,C,5,closed,"2025-11-06 00:00:00",16:10:00,"2025-11-06 00:00:00",16:10:00,0,64954,0,yes,1803,yes,matches
84606,40789,C,5,closed,"2025-11-06 00:00:00",09:00:00,"2025-11-06 00:00:00",09:00:00,0,113123,0,yes,1836,yes,matches
84601,40784,C,5,closed,"2025-11-06 00:00:00",06:45:00,"2025-11-06 00:00:00",06:45:00,0,1,0,yes,1862,yes,matches
84632,40818,C,5,closed,"2025-11-07 00:00:00",18:00:00,"2025-11-07 00:00:00",18:00:00,0,25244,0,yes,1878,yes,matches
84619,40805,C,5,closed,"2025-11-07 00:00:00",07:45:00,"2025-11-07 00:00:00",07:45:00,0,1,0,yes,1795,yes,matches
3771,40838,U,5,closed,"2025-11-08 00:00:00",12:43:46,"2025-11-08 00:00:00",12:43:46,0,82974,82973,yes,1804,yes,matches
84678,40877,C,5,closed,"2025-11-09 00:00:00",23:47:00,"2025-11-09 00:00:00",23:47:00,0,84287,0,yes,1802,yes,matches
84667,40865,C,5,closed,"2025-11-09 00:00:00",15:00:00,"2025-11-09 00:00:00",15:00:00,0,80816,0,yes,1816,yes,matches
84697,40898,C,5,closed,"2025-11-11 00:00:00",10:33:47,"2025-11-11 00:00:00",10:33:47,0,63170,0,yes,1815,yes,matches
84711,40919,C,5,closed,"2025-11-12 00:00:00",10:25:00,"2025-11-12 00:00:00",10:25:00,0,91112,0,yes,1742,yes,matches
84732,40948,C,5,closed,"2025-11-13 00:00:00",18:00:00,"2025-11-13 00:00:00",18:00:00,0,63722,0,yes,1829,yes,matches
3805,40977,U,5,closed,"2025-11-14 00:00:00",19:10:28,"2025-11-14 00:00:00",19:10:28,0,68128,0,yes,1818,yes,matches
84750,40971,C,5,closed,"2025-11-14 00:00:00",16:55:00,"2025-11-14 00:00:00",16:55:00,0,16531,0,yes,1903,yes,matches
84796,41033,C,5,closed,"2025-11-16 00:00:00",20:30:00,"2025-11-16 00:00:00",20:30:00,0,13713,0,yes,1902,yes,matches
84795,41032,C,5,closed,"2025-11-16 00:00:00",20:30:00,"2025-11-16 00:00:00",20:30:00,0,27760,0,yes,1885,yes,matches
84790,41026,C,5,closed,"2025-11-16 00:00:00",17:50:00,"2025-11-16 00:00:00",17:50:00,0,63722,0,yes,1829,yes,matches
84821,41059,C,5,closed,"2025-11-17 00:00:00",21:00:00,"2025-11-17 00:00:00",21:00:00,0,10541,0,yes,1904,yes,matches
84811,41048,C,5,closed,"2025-11-17 00:00:00",14:44:00,"2025-11-17 00:00:00",14:44:00,0,1565,0,yes,1925,yes,matches
84836,41080,C,5,closed,"2025-11-18 00:00:00",15:32:00,"2025-11-18 00:00:00",15:32:00,0,13929,0,yes,1902,yes,matches
84829,41071,C,5,closed,"2025-11-18 00:00:00",15:00:00,"2025-11-18 00:00:00",15:00:00,0,37349,0,yes,1874,yes,matches
84847,41093,C,5,closed,"2025-11-19 00:00:00",16:54:00,"2025-11-19 00:00:00",16:54:00,0,548,0,yes,1915,yes,matches
84886,41137,C,5,closed,"2025-11-20 00:00:00",21:00:00,"2025-11-20 00:00:00",21:00:00,0,107175,0,yes,1752,yes,matches
84904,41158,C,5,closed,"2025-11-21 00:00:00",20:20:00,"2025-11-21 00:00:00",20:20:00,0,64144,0,yes,1850,yes,matches
84887,41138,C,5,closed,"2025-11-21 00:00:00",07:00:00,"2025-11-21 00:00:00",07:00:00,0,27964,0,yes,1885,yes,matches
84916,41172,C,5,closed,"2025-11-22 00:00:00",14:30:00,"2025-11-22 00:00:00",14:30:00,0,1,0,yes,1803,yes,matches
84957,41222,C,5,closed,"2025-11-24 00:00:00",14:15:00,"2025-11-24 00:00:00",14:15:00,0,26253,0,yes,1878,yes,matches
84969,41235,C,5,closed,"2025-11-25 00:00:00",11:15:00,"2025-11-25 00:00:00",11:15:00,0,41473,0,yes,1895,yes,matches
84987,41258,C,5,closed,"2025-11-26 00:00:00",12:00:00,"2025-11-26 00:00:00",12:00:00,0,1190,0,yes,1926,yes,matches
84986,41257,C,5,closed,"2025-11-26 00:00:00",12:00:00,"2025-11-26 00:00:00",12:00:00,0,1272,0,yes,1917,yes,matches
85067,41355,C,5,closed,"2025-11-29 00:00:00",16:10:00,"2025-11-29 00:00:00",16:10:00,0,30810,0,yes,1892,yes,matches
85062,41349,C,5,closed,"2025-11-29 00:00:00",13:58:14,"2025-11-29 00:00:00",13:58:14,0,65460,0,yes,1850,yes,matches
85060,41348,C,5,closed,"2025-11-29 00:00:00",16:00:00,"2025-11-29 00:00:00",16:00:00,0,1,0,yes,1827,yes,matches
85090,41383,C,5,closed,"2025-11-30 00:00:00",20:30:00,"2025-11-30 00:00:00",20:30:00,0,2608,0,yes,1922,yes,matches
85130,41430,C,5,closed,"2025-12-02 00:00:00",21:30:00,"2025-12-02 00:00:00",21:30:00,0,88196,0,yes,1748,yes,matches
85128,41428,C,5,closed,"2025-12-02 00:00:00",21:00:00,"2025-12-02 00:00:00",21:00:00,0,17549,0,yes,1903,yes,matches
85121,41418,C,5,closed,"2025-12-02 00:00:00",11:24:03,"2025-12-02 00:00:00",11:24:03,0,14740,0,yes,1877,yes,matches
85134,41434,C,5,closed,"2025-12-03 00:00:00",08:30:00,"2025-12-03 00:00:00",08:30:00,0,97851,0,yes,1807,yes,matches
85164,41471,C,5,closed,"2025-12-04 00:00:00",15:00:00,"2025-12-04 00:00:00",15:00:00,0,23282,0,yes,1886,yes,matches
85205,41518,C,5,closed,"2025-12-05 00:00:00",19:00:00,"2025-12-05 00:00:00",19:00:00,0,20450,0,yes,1894,yes,matches
85203,41515,C,5,closed,"2025-12-05 00:00:00",18:30:00,"2025-12-05 00:00:00",18:30:00,0,31426,0,yes,1892,yes,matches
85195,41507,C,5,closed,"2025-12-05 00:00:00",16:00:00,"2025-12-05 00:00:00",16:00:00,0,1,0,yes,1872,yes,matches
85188,41499,C,5,closed,"2025-12-05 00:00:00",12:00:00,"2025-12-05 00:00:00",12:00:00,0,69704,0,yes,1840,yes,matches
85184,41495,C,5,closed,"2025-12-05 00:00:00",17:00:00,"2025-12-05 00:00:00",17:00:00,0,105308,0,yes,1795,yes,matches
85183,41494,C,5,closed,"2025-12-05 00:00:00",09:00:00,"2025-12-05 00:00:00",09:00:00,0,41910,0,yes,1895,yes,matches
85222,41540,C,5,closed,"2025-12-06 00:00:00",14:16:00,"2025-12-06 00:00:00",14:16:00,0,23803,0,yes,1876,yes,matches
85280,41611,C,5,closed,"2025-12-09 00:00:00",19:57:00,"2025-12-09 00:00:00",19:57:00,0,55298,0,yes,1812,yes,matches
85272,41601,C,5,closed,"2025-12-09 00:00:00",15:00:00,"2025-12-09 00:00:00",15:00:00,0,31426,0,yes,1892,yes,matches
85278,41609,C,5,closed,"2025-12-10 00:00:00",08:00:00,"2025-12-10 00:00:00",08:00:00,0,1807,0,yes,1918,yes,matches
85321,41666,C,5,closed,"2025-12-11 00:00:00",17:00:00,"2025-12-11 00:00:00",17:00:00,0,105469,0,yes,1795,yes,matches
85378,41736,C,5,closed,"2025-12-13 00:00:00",21:30:00,"2025-12-13 00:00:00",21:30:00,0,31672,0,yes,1892,yes,matches
85416,41788,C,5,closed,"2025-12-15 00:00:00",20:11:41,"2025-12-15 00:00:00",20:11:41,0,1,0,yes,1913,yes,matches
85423,41797,C,5,closed,"2025-12-16 00:00:00",12:49:00,"2025-12-16 00:00:00",12:49:00,0,19212,0,yes,1903,yes,matches
85422,41795,C,5,closed,"2025-12-16 00:00:00",12:30:00,"2025-12-16 00:00:00",12:30:00,0,74983,0,yes,1778,yes,matches
85463,41857,C,5,closed,"2025-12-18 00:00:00",17:30:00,"2025-12-18 00:00:00",17:30:00,0,1,0,yes,1859,yes,matches
85453,41842,C,5,closed,"2025-12-18 00:00:00",16:00:00,"2025-12-18 00:00:00",16:00:00,0,26653,0,yes,1889,yes,matches
85479,41875,C,5,closed,"2025-12-19 00:00:00",18:29:00,"2025-12-19 00:00:00",18:29:00,0,44159,0,yes,1873,yes,matches
85500,41900,C,5,closed,"2025-12-20 00:00:00",16:45:00,"2025-12-20 00:00:00",16:45:00,0,136278,0,yes,1808,yes,matches
85489,41886,C,5,closed,"2025-12-20 00:00:00",11:00:00,"2025-12-20 00:00:00",11:00:00,0,122162,0,yes,1753,yes,matches
85488,41885,C,5,closed,"2025-12-20 00:00:00",10:00:00,"2025-12-20 00:00:00",10:00:00,0,24909,0,yes,1876,yes,matches
85487,41884,C,5,closed,"2025-12-20 00:00:00",10:00:00,"2025-12-20 00:00:00",10:00:00,0,29733,0,yes,1885,yes,matches
85520,41928,C,5,closed,"2025-12-21 00:00:00",12:00:00,"2025-12-21 00:00:00",12:00:00,0,18157,0,yes,1891,yes,matches
85548,41960,C,5,closed,"2025-12-22 00:00:00",15:00:00,"2025-12-22 00:00:00",15:00:00,0,25073,0,yes,1876,yes,matches
85544,41956,C,5,closed,"2025-12-22 00:00:00",13:00:00,"2025-12-22 00:00:00",13:00:00,0,18157,0,yes,1891,yes,matches
85559,41971,C,5,closed,"2025-12-22 00:00:00",21:30:00,"2025-12-22 00:00:00",21:30:00,0,1,0,yes,1893,yes,matches
85573,41985,C,5,closed,"2025-12-23 00:00:00",12:43:15,"2025-12-23 00:00:00",12:43:15,0,1,1,no,1798,yes,matches
85598,42019,C,5,closed,"2025-12-24 00:00:00",19:30:00,"2025-12-24 00:00:00",19:30:00,0,89855,0,yes,1748,yes,matches
85607,42030,C,5,closed,"2025-12-25 00:00:00",11:00:00,"2025-12-25 00:00:00",11:00:00,0,73191,0,yes,1820,yes,matches
85636,42066,C,5,closed,"2025-12-26 00:00:00",17:00:00,"2025-12-26 00:00:00",17:00:00,0,56411,0,yes,1821,yes,matches
85668,42104,C,5,closed,"2025-12-28 00:00:00",09:30:00,"2025-12-28 00:00:00",09:30:00,0,78558,0,yes,1810,yes,matches
85717,42162,C,5,closed,"2025-12-30 00:00:00",20:00:00,"2025-12-30 00:00:00",20:00:00,0,35635,0,yes,1875,yes,matches
85713,42158,C,5,closed,"2025-12-30 00:00:00",15:44:17,"2025-12-30 00:00:00",15:44:17,0,75487,0,yes,1778,yes,matches
85701,42143,C,5,closed,"2025-12-30 00:00:00",02:45:00,"2025-12-30 00:00:00",02:45:00,0,1,0,yes,1758,yes,matches
4024,42177,U,5,closed,"2025-12-31 00:00:00",10:34:59,"2025-12-31 00:00:00",10:34:59,0,56286,56291,yes,1827,yes,matches
85755,42214,C,5,closed,"2026-01-01 00:00:00",22:00:00,"2026-01-01 00:00:00",22:00:00,0,679,0,yes,1933,yes,matches
85771,42235,C,5,closed,"2026-01-02 00:00:00",18:30:00,"2026-01-02 00:00:00",18:30:00,0,679,0,yes,1933,yes,matches
4055,42290,U,5,closed,"2026-01-04 00:00:00",21:41:00,"2026-01-04 00:00:00",21:41:00,0,100423,0,yes,1807,yes,matches
85824,42307,C,5,closed,"2026-01-05 00:00:00",16:00:00,"2026-01-05 00:00:00",16:00:00,0,1,0,yes,1741,yes,matches
85858,42347,C,5,closed,"2026-01-06 00:00:00",17:30:00,"2026-01-06 00:00:00",17:30:00,0,67847,0,yes,1848,yes,matches
85871,42364,C,5,closed,"2026-01-07 00:00:00",14:30:00,"2026-01-07 00:00:00",14:30:00,0,84083,0,yes,1814,yes,matches
85888,42388,C,5,closed,"2026-01-08 00:00:00",13:00:00,"2026-01-08 00:00:00",13:00:00,0,71797,0,yes,1840,yes,matches
85920,42426,C,5,closed,"2026-01-09 00:00:00",23:58:00,"2026-01-09 00:00:00",23:58:00,0,57877,0,yes,1812,yes,matches
4094,42480,U,5,closed,"2026-01-11 00:00:00",22:30:36,"2026-01-11 00:00:00",22:30:36,0,109478,0,yes,1776,yes,matches
86026,42561,C,5,closed,"2026-01-15 00:00:00",12:00:00,"2026-01-15 00:00:00",12:00:00,0,13382,0,yes,1912,yes,matches
4122,42613,U,5,closed,"2026-01-17 00:00:00",13:09:00,"2026-01-17 00:00:00",13:09:00,0,14525,0,yes,1905,yes,matches
86094,42657,C,5,closed,"2026-01-19 00:00:00",10:00:00,"2026-01-19 00:00:00",10:00:00,0,72697,0,yes,1911,yes,matches
86107,42673,C,5,closed,"2026-01-19 00:00:00",22:15:00,"2026-01-19 00:00:00",22:15:00,0,61690,0,yes,1851,yes,matches
86141,42716,C,5,closed,"2026-01-21 00:00:00",18:00:00,"2026-01-21 00:00:00",18:00:00,0,1,0,yes,1888,yes,matches
86176,42759,C,5,closed,"2026-01-22 00:00:00",21:30:00,"2026-01-22 00:00:00",21:30:00,0,61730,0,yes,1851,yes,matches
86190,42776,C,5,closed,"2026-01-23 00:00:00",15:53:46,"2026-01-23 00:00:00",15:53:46,0,5331,0,yes,1915,yes,matches
86207,42798,C,5,closed,"2026-01-24 00:00:00",16:00:00,"2026-01-24 00:00:00",16:00:00,0,14111,0,yes,1912,yes,matches
86213,42806,C,5,closed,"2026-01-25 00:00:00",00:01:38,"2026-01-25 00:00:00",00:01:38,0,6715,0,yes,1913,yes,matches
86256,42850,C,5,closed,"2026-01-26 00:00:00",17:00:00,"2026-01-26 00:00:00",17:00:00,0,62032,0,yes,1826,yes,matches
86248,42841,C,5,closed,"2026-01-26 00:00:00",12:30:00,"2026-01-26 00:00:00",12:30:00,0,6870,0,yes,1924,yes,matches
86244,42837,C,5,closed,"2026-01-26 00:00:00",11:00:00,"2026-01-26 00:00:00",11:00:00,0,14256,0,yes,1906,yes,matches
86282,42884,C,5,closed,"2026-01-27 00:00:00",23:20:00,"2026-01-27 00:00:00",23:20:00,0,61765,0,yes,1871,yes,matches
86276,42875,C,5,closed,"2026-01-27 00:00:00",19:00:00,"2026-01-27 00:00:00",19:00:00,0,14251,0,yes,1912,yes,matches
86273,42872,C,5,closed,"2026-01-27 00:00:00",16:30:00,"2026-01-27 00:00:00",16:30:00,0,34580,0,yes,1864,yes,matches
86305,42911,C,5,closed,"2026-01-28 00:00:00",21:00:00,"2026-01-28 00:00:00",21:00:00,0,31536,0,yes,1884,yes,matches
86298,42901,C,5,closed,"2026-01-28 00:00:00",15:30:00,"2026-01-28 00:00:00",15:30:00,0,73642,0,yes,1840,yes,matches
86296,42899,C,5,closed,"2026-01-28 00:00:00",16:00:00,"2026-01-28 00:00:00",16:00:00,0,68684,0,yes,1789,yes,matches
86292,42894,C,5,closed,"2026-01-28 00:00:00",13:00:00,"2026-01-28 00:00:00",13:00:00,0,130125,0,yes,1805,yes,matches
86329,42943,C,5,closed,"2026-01-29 00:00:00",22:00:00,"2026-01-29 00:00:00",22:00:00,0,73643,0,yes,1840,yes,matches
86321,42934,C,5,closed,"2026-01-29 00:00:00",16:30:00,"2026-01-29 00:00:00",16:30:00,0,73642,0,yes,1840,yes,matches
86349,42969,C,5,closed,"2026-01-30 00:00:00",22:00:00,"2026-01-30 00:00:00",22:00:00,0,15143,0,yes,1906,yes,matches
86346,42966,C,5,closed,"2026-01-30 00:00:00",18:00:00,"2026-01-30 00:00:00",18:00:00,0,58231,0,yes,1821,yes,matches
4201,42992,U,5,closed,"2026-01-31 00:00:00",22:38:14,"2026-01-31 00:00:00",22:38:14,0,115754,0,yes,1772,yes,matches
86378,43005,C,5,closed,"2026-02-01 00:00:00",12:45:00,"2026-02-01 00:00:00",12:45:00,0,15368,0,yes,1905,yes,matches
86430,43073,C,5,closed,"2026-02-04 00:00:00",13:30:00,"2026-02-04 00:00:00",13:30:00,0,14649,0,yes,1904,yes,matches
86423,43064,C,5,closed,"2026-02-04 00:00:00",09:00:00,"2026-02-04 00:00:00",09:00:00,0,3566,0,yes,1933,yes,matches
86486,43149,C,5,closed,"2026-02-07 00:00:00",15:00:00,"2026-02-07 00:00:00",15:00:00,0,92137,0,yes,1748,yes,matches
86484,43147,C,5,closed,"2026-02-07 00:00:00",15:30:00,"2026-02-07 00:00:00",15:30:00,0,111280,0,yes,1776,yes,matches
4251,43183,U,5,closed,"2026-02-08 00:00:00",23:44:00,"2026-02-08 00:00:00",23:44:00,0,5680,0,yes,1925,yes,matches
86520,43196,C,5,closed,"2026-02-09 00:00:00",17:00:00,"2026-02-09 00:00:00",17:00:00,0,60473,0,yes,1887,yes,matches
86517,43193,C,5,closed,"2026-02-09 00:00:00",15:00:00,"2026-02-09 00:00:00",15:00:00,0,5689,0,yes,1925,yes,matches
86541,43224,C,5,closed,"2026-02-10 00:00:00",17:30:00,"2026-02-10 00:00:00",17:30:00,0,45414,0,yes,1867,yes,matches
86530,43207,C,5,closed,"2026-02-10 00:00:00",11:00:00,"2026-02-10 00:00:00",11:00:00,0,38176,0,yes,1870,yes,matches
86561,43251,C,5,closed,"2026-02-11 00:00:00",20:52:00,"2026-02-11 00:00:00",20:52:00,0,60611,0,yes,1887,yes,matches
86578,43269,C,5,closed,"2026-02-12 00:00:00",13:30:00,"2026-02-12 00:00:00",13:30:00,0,111597,0,yes,1776,yes,matches
86614,43309,C,5,closed,"2026-02-14 00:00:00",11:37:05,"2026-02-14 00:00:00",11:37:05,0,14953,0,yes,1907,yes,matches
86611,43304,C,5,closed,"2026-02-14 00:00:00",19:00:00,"2026-02-14 00:00:00",19:00:00,0,118480,0,yes,1836,yes,matches
86635,43335,C,5,closed,"2026-02-15 00:00:00",14:30:00,"2026-02-15 00:00:00",14:30:00,0,62119,0,yes,1844,yes,matches
86629,43326,C,5,closed,"2026-02-15 00:00:00",10:00:00,"2026-02-15 00:00:00",10:00:00,0,79648,0,yes,1778,yes,matches
86648,43349,C,5,closed,"2026-02-16 00:00:00",12:00:00,"2026-02-16 00:00:00",12:00:00,0,7095,0,yes,1915,yes,matches
4284,43384,U,5,closed,"2026-02-17 00:00:00",15:00:00,"2026-02-17 00:00:00",15:00:00,0,1323,0,yes,1953,yes,matches
86664,43369,C,5,closed,"2026-02-17 00:00:00",13:26:00,"2026-02-17 00:00:00",13:26:00,0,117967,0,yes,1741,yes,matches
86682,43391,C,5,closed,"2026-02-18 00:00:00",11:00:00,"2026-02-18 00:00:00",11:00:00,0,15584,0,yes,1904,yes,matches
86721,43439,C,5,closed,"2026-02-20 00:00:00",21:38:00,"2026-02-20 00:00:00",21:38:00,0,108904,0,yes,1754,yes,matches
86716,43434,C,5,closed,"2026-02-20 00:00:00",17:00:00,"2026-02-20 00:00:00",17:00:00,0,20464,0,yes,1877,yes,matches
86714,43432,C,5,closed,"2026-02-20 00:00:00",16:30:00,"2026-02-20 00:00:00",16:30:00,0,16377,0,yes,1908,yes,matches
86741,43468,C,5,closed,"2026-02-22 00:00:00",08:00:00,"2026-02-22 00:00:00",08:00:00,0,16377,0,yes,1908,yes,matches
86844,43623,C,5,closed,"2026-03-01 00:00:00",19:00:00,"2026-03-01 00:00:00",19:00:00,0,20496,0,yes,1877,yes,matches
86835,43611,C,5,closed,"2026-03-01 00:00:00",09:00:00,"2026-03-01 00:00:00",09:00:00,0,119025,0,yes,1741,yes,matches
86990,43533,C,5,closed,"2026-03-01 00:00:00",19:00:00,"2026-03-01 00:00:00",19:00:00,0,20495,0,yes,1877,yes,matches
86867,43658,C,5,closed,"2026-03-04 00:00:00",11:00:00,"2026-03-04 00:00:00",11:00:00,0,50105,0,yes,1895,yes,matches
86873,43476,C,5,closed,"2026-03-05 00:00:00",10:00:00,"2026-03-05 00:00:00",10:00:00,0,0,,no,1946,yes,matches
86890,43696,C,5,closed,"2026-03-06 00:00:00",16:00:00,"2026-03-06 00:00:00",16:00:00,0,38470,0,yes,1875,yes,matches
86927,43751,C,5,closed,"2026-03-08 00:00:00",08:00:00,"2026-03-08 00:00:00",08:00:00,0,104119,105069,yes,1807,yes,matches
86910,43726,C,5,closed,"2026-03-08 00:00:00",22:00:00,"2026-03-08 00:00:00",22:00:00,0,71966,0,yes,1815,yes,matches
86913,43730,C,5,closed,"2026-03-09 00:00:00",11:15:00,"2026-03-09 00:00:00",11:15:00,0,71985,0,yes,1815,yes,matches
86995,43858,C,5,closed,"2026-03-16 00:00:00",18:30:00,"2026-03-16 00:00:00",18:30:00,0,12156,0,yes,1798,yes,matches
86994,43857,C,5,closed,"2026-03-16 00:00:00",18:30:00,"2026-03-16 00:00:00",18:30:00,0,12156,12157,yes,1927,yes,matches
87001,43869,C,5,closed,"2026-03-18 00:00:00",11:00:00,"2026-03-18 00:00:00",11:00:00,0,47043,0,yes,1867,yes,matches
87009,43881,C,5,closed,"2026-03-19 00:00:00",11:00:00,"2026-03-19 00:00:00",11:00:00,0,47043,0,yes,1867,yes,matches
87041,43919,C,5,closed,"2026-03-21 00:00:00",20:30:00,"2026-03-21 00:00:00",20:30:00,0,66784,0,yes,1851,yes,matches
87036,43912,C,5,closed,"2026-03-21 00:00:00",15:00:00,"2026-03-21 00:00:00",15:00:00,0,7899,0,yes,1937,yes,matches
87091,43983,C,5,closed,"2026-03-26 00:00:00",13:30:00,"2026-03-26 00:00:00",13:30:00,0,10229,0,yes,1918,yes,matches
87136,44041,C,5,closed,"2026-03-29 00:00:00",21:00:00,"2026-03-29 00:00:00",21:00:00,0,8742,0,yes,1919,yes,matches
87123,44022,C,5,closed,"2026-03-29 00:00:00",18:00:00,"2026-03-29 00:00:00",18:00:00,0,77624,0,yes,1822,yes,matches
87150,44059,C,5,closed,"2026-03-30 00:00:00",21:30:00,"2026-03-30 00:00:00",21:30:00,0,50642,0,yes,1895,yes,matches
87157,44073,C,5,closed,"2026-03-31 00:00:00",17:13:49,"2026-03-31 00:00:00",17:13:49,0,6060,0,yes,1952,yes,matches
87189,44117,C,5,closed,"2026-04-02 00:00:00",21:00:00,"2026-04-02 00:00:00",21:00:00,0,7244,0,yes,1939,yes,matches
87179,44103,C,5,closed,"2026-04-02 00:00:00",12:33:52,"2026-04-02 00:00:00",12:33:52,0,7136,0,yes,1914,yes,matches
87205,44136,C,5,closed,"2026-04-03 00:00:00",21:00:00,"2026-04-03 00:00:00",21:00:00,0,33642,0,yes,1888,yes,matches
87202,44133,C,5,closed,"2026-04-03 00:00:00",19:00:00,"2026-04-03 00:00:00",19:00:00,0,39102,0,yes,1885,yes,matches
87229,44165,C,5,closed,"2026-04-05 00:00:00",15:00:00,"2026-04-05 00:00:00",15:00:00,0,18530,0,yes,1905,yes,matches
87272,44217,C,5,closed,"2026-04-08 00:00:00",22:45:00,"2026-04-08 00:00:00",22:45:00,0,52324,0,yes,1863,yes,matches
87314,44262,C,5,closed,"2026-04-11 00:00:00",12:00:00,"2026-04-11 00:00:00",12:00:00,0,39375,0,yes,1885,yes,matches
87346,44302,C,5,closed,"2026-04-13 00:00:00",22:00:00,"2026-04-13 00:00:00",22:00:00,0,53246,0,yes,1830,yes,matches
87332,44287,C,5,closed,"2026-04-13 00:00:00",14:00:00,"2026-04-13 00:00:00",14:00:00,0,31864,0,yes,1955,yes,matches
87354,44310,C,5,closed,"2026-04-14 00:00:00",11:00:00,"2026-04-14 00:00:00",11:00:00,0,77627,0,yes,1840,yes,matches
4528,44376,U,5,closed,"2026-04-16 00:00:00",22:19:40,"2026-04-16 00:00:00",22:19:40,0,50534,0,yes,1872,yes,matches
87409,44373,C,5,closed,"2026-04-16 00:00:00",21:15:00,"2026-04-16 00:00:00",21:15:00,0,53246,0,yes,1830,yes,matches
87402,44364,C,5,closed,"2026-04-16 00:00:00",15:30:00,"2026-04-16 00:00:00",15:30:00,0,34483,0,yes,1889,yes,matches
87389,44351,C,5,closed,"2026-04-16 00:00:00",09:30:00,"2026-04-16 00:00:00",09:30:00,0,1,0,yes,1898,yes,matches
87436,44408,C,5,closed,"2026-04-18 00:00:00",16:30:00,"2026-04-18 00:00:00",16:30:00,0,55076,0,yes,1893,yes,matches
87490,44490,C,5,closed,"2026-04-22 00:00:00",10:00:00,"2026-04-22 00:00:00",10:00:00,0,32590,0,yes,1894,yes,matches
87516,44521,C,5,closed,"2026-04-23 00:00:00",11:00:00,"2026-04-23 00:00:00",11:00:00,0,37174,0,yes,1858,yes,matches
87538,44549,C,5,closed,"2026-04-24 00:00:00",13:00:00,"2026-04-24 00:00:00",13:00:00,0,1839,0,yes,1953,yes,matches
87569,44586,C,5,closed,"2026-04-25 00:00:00",16:00:00,"2026-04-25 00:00:00",16:00:00,0,1,0,yes,1910,yes,matches
87560,44575,C,5,closed,"2026-04-25 00:00:00",13:15:00,"2026-04-25 00:00:00",13:15:00,0,89903,0,yes,1743,yes,matches
87612,44642,C,5,closed,"2026-04-27 00:00:00",16:00:00,"2026-04-27 00:00:00",16:00:00,0,41101,0,yes,1910,yes,matches
87655,44699,C,5,closed,"2026-04-29 00:00:00",19:30:00,"2026-04-29 00:00:00",19:30:00,0,53851,0,yes,1830,yes,matches
87666,44712,C,5,closed,"2026-04-30 00:00:00",12:00:00,"2026-04-30 00:00:00",12:00:00,0,82423,0,yes,1790,yes,matches
87660,44705,C,5,closed,"2026-04-30 00:00:00",08:30:00,"2026-04-30 00:00:00",08:30:00,0,13917,0,yes,1920,yes,matches
87694,44745,C,5,closed,"2026-05-01 00:00:00",19:50:00,"2026-05-01 00:00:00",19:50:00,0,1,0,yes,1743,yes,matches
87683,44732,C,5,closed,"2026-05-01 00:00:00",12:30:00,"2026-05-01 00:00:00",12:30:00,0,8711,0,yes,1952,yes,matches
87729,44797,C,5,closed,"2026-05-03 00:00:00",20:35:24,"2026-05-03 00:00:00",20:35:24,0,25059,0,yes,1877,yes,matches
87765,44847,C,5,closed,"2026-05-06 00:00:00",12:30:00,"2026-05-06 00:00:00",12:30:00,0,81778,0,yes,1911,yes,matches
87753,44827,C,5,closed,"2026-05-06 00:00:00",10:00:00,"2026-05-06 00:00:00",10:00:00,0,115282,,no,1776,yes,matches
87843,44958,C,5,closed,"2026-05-10 00:00:00",22:30:00,"2026-05-10 00:00:00",22:30:00,0,9627,0,yes,1952,yes,matches
4686,44973,U,5,closed,"2026-05-11 00:00:00",17:06:31,"2026-05-11 00:00:00",17:06:31,0,40591,0,yes,1860,yes,matches
87875,45003,C,5,closed,"2026-05-12 00:00:00",23:30:00,"2026-05-12 00:00:00",23:30:00,0,16555,0,yes,1921,yes,matches
4716,45092,U,5,closed,"2026-05-16 00:00:00",21:55:00,"2026-05-16 00:00:00",21:55:00,0,41769,0,yes,1870,yes,matches
87950,45106,C,5,closed,"2026-05-17 00:00:00",18:30:00,"2026-05-17 00:00:00",18:30:00,0,79039,0,yes,1897,yes,matches
87944,45097,C,5,closed,"2026-05-17 00:00:00",10:30:00,"2026-05-17 00:00:00",10:30:00,0,81779,0,yes,1911,yes,matches
87941,45094,C,5,closed,"2026-05-17 00:00:00",08:15:00,"2026-05-17 00:00:00",08:15:00,0,79380,0,yes,1959,yes,matches
87964,45122,C,5,closed,"2026-05-18 00:00:00",13:00:00,"2026-05-18 00:00:00",13:00:00,0,79380,0,yes,1959,yes,matches
87958,45116,C,5,closed,"2026-05-18 00:00:00",10:30:00,"2026-05-18 00:00:00",10:30:00,0,17458,0,yes,1927,yes,matches
87977,45136,C,5,closed,"2026-05-19 00:00:00",10:30:00,"2026-05-19 00:00:00",10:30:00,0,10658,0,yes,1963,yes,matches
87983,45147,C,5,closed,"2026-05-20 00:00:00",12:00:00,"2026-05-20 00:00:00",12:00:00,0,79380,0,yes,1959,yes,matches
88021,45203,C,5,closed,"2026-05-21 00:00:00",19:30:00,"2026-05-21 00:00:00",19:30:00,0,42093,0,yes,1870,yes,matches
88027,45214,C,5,closed,"2026-05-22 00:00:00",09:00:00,"2026-05-22 00:00:00",09:00:00,0,42525,0,yes,1910,yes,matches
88058,45257,C,5,closed,"2026-05-23 00:00:00",22:30:00,"2026-05-23 00:00:00",22:30:00,0,10779,0,yes,1952,yes,matches
88047,45244,C,5,closed,"2026-05-23 00:00:00",13:10:00,"2026-05-23 00:00:00",13:10:00,0,41475,0,yes,1864,yes,matches
4769,45273,U,5,closed,"2026-05-24 00:00:00",13:46:00,"2026-05-24 00:00:00",13:46:00,0,90427,0,yes,1781,yes,matches
88087,45299,C,5,closed,"2026-05-25 00:00:00",22:30:00,"2026-05-25 00:00:00",22:30:00,0,65852,0,yes,1812,yes,matches
88120,45336,C,5,closed,"2026-05-26 00:00:00",21:50:00,"2026-05-26 00:00:00",21:50:00,0,26569,0,yes,1877,yes,matches
88118,45334,C,5,closed,"2026-05-26 00:00:00",21:00:00,"2026-05-26 00:00:00",21:00:00,0,67952,0,yes,1887,yes,matches
88110,45324,C,5,closed,"2026-05-26 00:00:00",18:00:00,"2026-05-26 00:00:00",18:00:00,0,1,0,yes,1814,yes,matches
88108,45322,C,5,closed,"2026-05-26 00:00:00",22:00:00,"2026-05-26 00:00:00",22:00:00,0,56425,0,yes,1839,yes,matches
88131,45348,C,5,closed,"2026-05-27 00:00:00",11:00:00,"2026-05-27 00:00:00",11:00:00,0,8124,0,yes,1950,yes,matches
88180,45405,C,5,closed,"2026-05-28 00:00:00",20:15:00,"2026-05-28 00:00:00",20:15:00,0,93469,0,yes,1814,yes,matches
88169,45392,C,5,closed,"2026-05-28 00:00:00",16:00:00,"2026-05-28 00:00:00",16:00:00,0,111139,0,yes,1837,yes,matches
88165,45386,C,5,closed,"2026-05-28 00:00:00",10:00:00,"2026-05-28 00:00:00",10:00:00,0,93469,0,yes,1814,yes,matches
88233,45485,C,5,closed,"2026-05-31 00:00:00",18:30:00,"2026-05-31 00:00:00",18:30:00,0,22034,0,yes,1908,yes,matches
88249,45505,C,5,closed,"2026-06-01 00:00:00",18:00:00,"2026-06-01 00:00:00",18:00:00,0,11244,0,yes,1952,yes,matches
4825,45536,U,5,closed,"2026-06-02 00:00:00",16:53:59,"2026-06-02 00:00:00",16:53:59,0,10978,0,yes,1957,yes,matches
88322,45610,C,5,closed,"2026-06-04 00:00:00",23:00:00,"2026-06-04 00:00:00",23:00:00,0,127468,0,yes,1741,yes,matches
88340,45633,C,5,closed,"2026-06-06 00:00:00",11:00:00,"2026-06-06 00:00:00",11:00:00,0,127468,0,yes,1741,yes,matches
88343,44206,C,5,closed,"2026-06-06 00:00:00",11:00:00,"2026-06-06 00:00:00",11:00:00,0,127468,,no,1741,yes,matches
88378,45688,C,5,closed,"2026-06-08 00:00:00",14:15:00,"2026-06-08 00:00:00",14:15:00,0,27068,0,yes,1876,yes,matches
88388,45699,C,5,closed,"2026-06-09 00:00:00",07:32:48,"2026-06-09 00:00:00",07:32:48,0,11516,0,yes,1963,yes,matches
88410,45734,C,5,closed,"2026-06-10 00:00:00",20:30:00,"2026-06-10 00:00:00",20:30:00,0,38243,0,yes,1889,yes,matches
88412,45737,C,5,closed,"2026-06-11 00:00:00",01:20:00,"2026-06-11 00:00:00",01:20:00,0,22660,0,yes,1908,yes,matches
88434,45772,C,5,closed,"2026-06-13 00:00:00",07:50:00,"2026-06-13 00:00:00",07:50:00,0,73466,0,yes,1843,yes,matches
88476,45833,C,5,closed,"2026-06-15 00:00:00",12:50:00,"2026-06-15 00:00:00",12:50:00,0,92472,0,yes,1781,yes,matches
88471,45826,C,5,closed,"2026-06-15 00:00:00",09:30:00,"2026-06-15 00:00:00",09:30:00,0,84214,0,yes,1790,yes,matches
88490,45849,C,5,closed,"2026-06-16 00:00:00",09:30:00,"2026-06-16 00:00:00",09:30:00,0,56816,0,yes,1819,yes,matches
88546,45924,C,5,closed,"2026-06-18 00:00:00",19:00:00,"2026-06-18 00:00:00",19:00:00,0,11788,0,yes,1957,yes,matches
88577,45960,C,5,closed,"2026-06-19 00:00:00",22:30:00,"2026-06-19 00:00:00",22:30:00,0,58298,0,yes,1830,yes,matches
88574,45957,C,5,closed,"2026-06-19 00:00:00",21:00:00,"2026-06-19 00:00:00",21:00:00,0,92746,0,yes,1781,yes,matches
88566,45948,C,5,closed,"2026-06-19 00:00:00",15:00:00,"2026-06-19 00:00:00",15:00:00,0,28294,0,yes,1877,yes,matches
4950,45989,U,5,closed,"2026-06-21 00:00:00",11:47:53,"2026-06-21 00:00:00",11:47:53,0,85597,0,yes,1850,yes,matches
