contract_no,contract_serial,contract_status_no,state,out_date,out_time,in_date,in_time,days,vehicle_id,same_date_and_time,is_status_5,has_linked_maintenance_info
2,13229,2,closed,"2021-07-08 00:00:00",20:15:00,"2021-07-12 00:00:00",11:55,4,1731,no,no,"no (EMPTY)"
1,13221,2,closed,"2021-07-08 00:00:00",15:19:53,"2021-07-22 00:00:00",19:32,15,1733,no,no,"no (EMPTY)"
3,13245,2,closed,"2021-07-13 00:00:00",19:20:00,"2021-07-14 00:00:00",18:39,1,1709,no,no,"no (EMPTY)"
4,13254,2,closed,"2021-07-14 00:00:00",20:55:00,"2021-07-15 00:00:00",22:33,1,1720,no,no,"no (EMPTY)"
6,13276,2,closed,"2021-07-20 00:00:00",18:20:00,"2021-07-21 00:00:00",21:14,2,1738,no,no,"no (EMPTY)"
5,13272,2,closed,"2021-07-20 00:00:00",00:18:56,"2021-07-20 00:00:00",21:20,1,1742,no,no,"no (EMPTY)"
7,13310,2,closed,"2021-07-25 00:00:00",15:20:00,"2021-08-03 00:00:00",12:32,9,1716,no,no,"no (EMPTY)"
8,13322,2,closed,"2021-07-28 00:00:00",16:20:00,"2021-07-30 00:00:00",17:38,2,1730,no,no,"no (EMPTY)"
9,13401,2,closed,"2021-08-18 00:00:00",18:20:00,"2021-08-19 00:00:00",23:10,2,1704,no,no,"no (EMPTY)"
10,13404,2,closed,"2021-08-19 00:00:00",22:40,"2021-08-20 00:00:00",14:56,1,1709,no,no,"no (EMPTY)"
11,13861,2,closed,"2021-10-15 00:00:00",20:20:00,"2021-10-16 00:00:00",18:14,1,1709,no,no,"no (EMPTY)"
12,13878,2,closed,"2021-10-16 00:00:00",19:08,"2021-10-18 00:00:00",14:43,24,1742,no,no,"no (EMPTY)"
15,22316,2,closed,"2023-05-30 00:00:00",18:17:03,"2023-05-31 00:00:00",15:49,1,1743,no,no,"no (EMPTY)"
14,22315,2,closed,"2023-05-30 00:00:00",17:44:13,"2023-05-31 00:00:00",13:28,1,1757,no,no,"no (EMPTY)"
13,22313,2,closed,"2023-05-30 00:00:00",15:06:31,"2023-05-31 00:00:00",10:21,1,1760,no,no,"no (EMPTY)"
17,22331,2,closed,"2023-05-31 00:00:00",17:44:50,"2023-06-03 00:00:00",14:24,3,1781,no,no,"no (EMPTY)"
16,22329,2,closed,"2023-05-31 00:00:00",16:10:41,"2023-06-02 00:00:00",21:24,2,1729,no,no,"no (EMPTY)"
21,22381,2,closed,"2023-06-04 00:00:00",19:05:13,"2023-06-04 00:00:00",21:00,0,1714,no,no,"no (EMPTY)"
20,22379,2,closed,"2023-06-04 00:00:00",16:36:00,"2023-06-04 00:00:00",21:10,1,1763,no,no,"no (EMPTY)"
19,22374,2,closed,"2023-06-04 00:00:00",14:17:58,"2023-06-04 00:00:00",16:20,2,1782,no,no,"no (EMPTY)"
18,22373,2,closed,"2023-06-04 00:00:00",12:20:00,"2023-06-06 00:00:00",15:10,2,1787,no,no,"no (EMPTY)"
23,22393,2,closed,"2023-06-05 00:00:00",18:30:14,"2023-06-06 00:00:00",21:32,2,1776,no,no,"no (EMPTY)"
22,22387,2,closed,"2023-06-05 00:00:00",11:40:05,"2023-06-06 00:00:00",21:26,2,1759,no,no,"no (EMPTY)"
24,22401,2,closed,"2023-06-06 00:00:00",20:54:50,"2023-06-16 00:00:00",11:54,10,1808,no,no,"no (EMPTY)"
30,22418,2,closed,"2023-06-07 00:00:00",21:43:59,"2023-06-12 00:00:00",21:43,5,1821,no,no,"no (EMPTY)"
29,22416,2,closed,"2023-06-07 00:00:00",21:29:04,"2023-06-12 00:00:00",14:32,5,1754,no,no,"no (EMPTY)"
28,22413,2,closed,"2023-06-07 00:00:00",17:41:43,"2023-06-07 00:00:00",20:39,1,1792,no,no,"no (EMPTY)"
27,22408,2,closed,"2023-06-07 00:00:00",13:21:00,"2023-06-13 00:00:00",23:24,7,1706,no,no,"no (EMPTY)"
26,22407,2,closed,"2023-06-07 00:00:00",11:26:32,"2023-06-07 00:00:00",13:11,0,1750,no,no,"no (EMPTY)"
25,22406,2,closed,"2023-06-07 00:00:00",11:14:52,"2023-06-08 00:00:00",11:58,1,1769,no,no,"no (EMPTY)"
32,22429,2,closed,"2023-06-08 00:00:00",15:07:19,"2023-06-11 00:00:00",11:27,3,1739,no,no,"no (EMPTY)"
31,22423,2,closed,"2023-06-08 00:00:00",11:57:06,"2023-06-08 00:00:00",15:10,1,1787,no,no,"no (EMPTY)"
34,22441,2,closed,"2023-06-08 00:00:00",08:56:00,"2023-06-09 00:00:00",12:06,2,1756,no,no,"no (EMPTY)"
38,22455,2,closed,"2023-06-09 00:00:00",23:38:15,"2023-06-10 00:00:00",13:50,1,1737,no,no,"no (EMPTY)"
37,22454,2,closed,"2023-06-09 00:00:00",23:22:34,"2023-06-10 00:00:00",00:08,1,1708,no,no,"no (EMPTY)"
36,22444,2,closed,"2023-06-09 00:00:00",12:54:29,"2023-06-09 00:00:00",15:00,1,1793,no,no,"no (EMPTY)"
35,22442,2,closed,"2023-06-09 00:00:00",12:13:00,"2023-06-10 00:00:00",01:51,1,1784,no,no,"no (EMPTY)"
33,22439,2,closed,"2023-06-09 00:00:00",11:43:49,"2023-06-09 00:00:00",12:35,0,1772,no,no,"no (EMPTY)"
41,22470,2,closed,"2023-06-10 00:00:00",22:32:07,"2023-06-11 00:00:00",13:56,1,1826,no,no,"no (EMPTY)"
40,22467,2,closed,"2023-06-10 00:00:00",16:05:42,"2023-06-14 00:00:00",15:39,4,1729,no,no,"no (EMPTY)"
39,22462,2,closed,"2023-06-10 00:00:00",12:17:15,"2023-06-14 00:00:00",20:46,4,1734,no,no,"no (EMPTY)"
43,22482,2,closed,"2023-06-11 00:00:00",20:19:09,"2023-06-13 00:00:00",22:58,2,1787,no,no,"no (EMPTY)"
42,22480,2,closed,"2023-06-11 00:00:00",14:20:14,"2023-06-11 00:00:00",17:52,1,1777,no,no,"no (EMPTY)"
44,22492,2,closed,"2023-06-12 00:00:00",15:09:24,"2023-06-13 00:00:00",15:55,1,1762,no,no,"no (EMPTY)"
46,22501,2,closed,"2023-06-13 00:00:00",21:48:23,"2023-06-16 00:00:00",15:39,3,1758,no,no,"no (EMPTY)"
45,22500,2,closed,"2023-06-13 00:00:00",17:03:10,"2023-06-13 00:00:00",21:36,1,1711,no,no,"no (EMPTY)"
50,22514,2,closed,"2023-06-14 00:00:00",18:05:49,"2023-06-27 00:00:00",22:04,14,1773,no,no,"no (EMPTY)"
49,22512,2,closed,"2023-06-14 00:00:00",18:01:03,"2023-06-16 00:00:00",15:36,2,1826,no,no,"no (EMPTY)"
48,22510,2,closed,"2023-06-14 00:00:00",16:31:42,"2023-06-17 00:00:00",11:54,3,1763,no,no,"no (EMPTY)"
47,22509,2,closed,"2023-06-14 00:00:00",15:43:26,"2023-06-15 00:00:00",18:57,2,1825,no,no,"no (EMPTY)"
53,22537,2,closed,"2023-06-16 00:00:00",15:54:08,"2023-06-17 00:00:00",11:19,1,1771,no,no,"no (EMPTY)"
52,22535,2,closed,"2023-06-16 00:00:00",15:47:36,"2023-06-16 00:00:00",19:04,1,1760,no,no,"no (EMPTY)"
51,22534,2,closed,"2023-06-16 00:00:00",12:10:28,"2023-06-20 00:00:00",14:43,4,1793,no,no,"no (EMPTY)"
55,22550,2,closed,"2023-06-17 00:00:00",12:34:37,"2023-06-23 00:00:00",13:02,6,1829,no,no,"no (EMPTY)"
54,22547,2,closed,"2023-06-17 00:00:00",11:23:19,"2023-06-21 00:00:00",18:46,5,1697,no,no,"no (EMPTY)"
58,22565,2,closed,"2023-06-18 00:00:00",20:20:56,"2023-06-20 00:00:00",14:40,2,1795,no,no,"no (EMPTY)"
57,22564,2,closed,"2023-06-18 00:00:00",18:46:43,"2023-06-24 00:00:00",11:16,6,1756,no,no,"no (EMPTY)"
56,22561,2,closed,"2023-06-18 00:00:00",16:04:46,"2023-06-18 00:00:00",20:15,1,1792,no,no,"no (EMPTY)"
59,22570,2,closed,"2023-06-19 00:00:00",11:42:53,"2023-06-22 00:00:00",13:53,3,1763,no,no,"no (EMPTY)"
62,22586,2,closed,"2023-06-20 00:00:00",15:58:20,"2023-06-22 00:00:00",22:04,3,1794,no,no,"no (EMPTY)"
61,22584,2,closed,"2023-06-20 00:00:00",14:27:23,"2023-06-20 00:00:00",15:55,0,1759,no,no,"no (EMPTY)"
60,22581,2,closed,"2023-06-20 00:00:00",11:44:53,"2023-06-23 00:00:00",13:05,3,1784,no,no,"no (EMPTY)"
63,22595,2,closed,"2023-06-21 00:00:00",17:27:42,"2023-06-23 00:00:00",23:33,2,1738,no,no,"no (EMPTY)"
64,22611,2,closed,"2023-06-22 00:00:00",18:28:00,"2023-06-22 00:00:00",20:57,0,1755,no,no,"no (EMPTY)"
65,22620,2,closed,"2023-06-23 00:00:00",13:18:01,"2023-06-24 00:00:00",14:08,1,1771,no,no,"no (EMPTY)"
69,22637,2,closed,"2023-06-24 00:00:00",11:31:00,"2023-06-28 00:00:00",11:58,4,1729,no,no,"no (EMPTY)"
68,22636,2,closed,"2023-06-24 00:00:00",11:29:24,"2023-06-25 00:00:00",14:20,2,1748,no,no,"no (EMPTY)"
67,22635,2,closed,"2023-06-24 00:00:00",11:28:18,"2023-06-24 00:00:00",22:25,1,1829,no,no,"no (EMPTY)"
66,22634,2,closed,"2023-06-24 00:00:00",11:25:44,"2023-06-27 00:00:00",01:35,3,1703,no,no,"no (EMPTY)"
71,22661,2,closed,"2023-06-25 00:00:00",18:36:20,"2023-06-26 00:00:00",11:28,1,1758,no,no,"no (EMPTY)"
70,22660,2,closed,"2023-06-25 00:00:00",18:34:13,"2023-07-02 00:00:00",15:40,7,1816,no,no,"no (EMPTY)"
73,22669,2,closed,"2023-06-26 00:00:00",14:18:33,"2023-06-28 00:00:00",21:20,3,1767,no,no,"no (EMPTY)"
72,22668,2,closed,"2023-06-26 00:00:00",14:04:29,"2023-06-28 00:00:00",14:41,2,1712,no,no,"no (EMPTY)"
74,22693,2,closed,"2023-06-27 00:00:00",20:03:14,"2023-07-08 00:00:00",12:27,11,1784,no,no,"no (EMPTY)"
75,22703,2,closed,"2023-06-28 00:00:00",16:13:07,"2023-07-03 00:00:00",11:47,5,1756,no,no,"no (EMPTY)"
78,22727,2,closed,"2023-06-29 00:00:00",23:07:19,"2023-07-05 00:00:00",23:17,6,1720,no,no,"no (EMPTY)"
77,22726,2,closed,"2023-06-29 00:00:00",23:05:09,"2023-07-05 00:00:00",14:25,6,1735,no,no,"no (EMPTY)"
76,22725,2,closed,"2023-06-29 00:00:00",23:02:23,"2023-06-30 00:00:00",14:01,1,1729,no,no,"no (EMPTY)"
79,22754,2,closed,"2023-07-01 00:00:00",17:11:25,"2023-07-06 00:00:00",13:48,5,1802,no,no,"no (EMPTY)"
80,22761,2,closed,"2023-07-02 00:00:00",14:18:53,"2023-07-05 00:00:00",14:48,3,1753,no,no,"no (EMPTY)"
83,22772,2,closed,"2023-07-03 00:00:00",14:41:47,"2023-07-05 00:00:00",21:27,2,1771,no,no,"no (EMPTY)"
82,22771,2,closed,"2023-07-03 00:00:00",14:40:57,"2023-07-04 00:00:00",18:02,2,1817,no,no,"no (EMPTY)"
81,22770,2,closed,"2023-07-03 00:00:00",14:39:20,"2023-07-04 00:00:00",12:58,1,1757,no,no,"no (EMPTY)"
87,22793,2,closed,"2023-07-05 00:00:00",15:05:23,"2023-07-08 00:00:00",12:43,3,1740,no,no,"no (EMPTY)"
86,22791,2,closed,"2023-07-05 00:00:00",14:44:08,"2023-07-08 00:00:00",12:33,3,1697,no,no,"no (EMPTY)"
85,22790,2,closed,"2023-07-05 00:00:00",14:41:38,"2023-07-06 00:00:00",13:52,1,1756,no,no,"no (EMPTY)"
84,22789,2,closed,"2023-07-05 00:00:00",14:39:06,"2023-07-05 00:00:00",15:58,0,1743,no,no,"no (EMPTY)"
89,22806,2,closed,"2023-07-06 00:00:00",14:07:45,"2023-07-07 00:00:00",12:58,1,1831,no,no,"no (EMPTY)"
88,22805,2,closed,"2023-07-06 00:00:00",14:05:59,"2023-07-08 00:00:00",12:44,2,1743,no,no,"no (EMPTY)"
98,22840,2,closed,"2023-07-08 00:00:00",13:14:55,"2023-07-09 00:00:00",19:44,2,1752,no,no,"no (EMPTY)"
97,22839,2,closed,"2023-07-08 00:00:00",13:13:21,"2023-07-10 00:00:00",21:24,3,1718,no,no,"no (EMPTY)"
96,22838,2,closed,"2023-07-08 00:00:00",13:11:06,"2023-07-08 00:00:00",22:14,1,1763,no,no,"no (EMPTY)"
95,22837,2,closed,"2023-07-08 00:00:00",13:02:09,"2023-07-08 00:00:00",22:54,1,1799,no,no,"no (EMPTY)"
94,22836,2,closed,"2023-07-08 00:00:00",13:00:45,"2023-07-22 00:00:00",12:34,14,1761,no,no,"no (EMPTY)"
93,22835,2,closed,"2023-07-08 00:00:00",12:58:49,"2023-07-11 00:00:00",11:51,3,1729,no,no,"no (EMPTY)"
92,22834,2,closed,"2023-07-08 00:00:00",12:54:34,"2023-07-10 00:00:00",20:44,2,1738,no,no,"no (EMPTY)"
91,22833,2,closed,"2023-07-08 00:00:00",12:52:42,"2023-07-16 00:00:00",19:51,9,1780,no,no,"no (EMPTY)"
90,22832,2,closed,"2023-07-08 00:00:00",12:51:06,"2023-07-10 00:00:00",14:28,2,1808,no,no,"no (EMPTY)"
100,22926,2,closed,"2023-07-15 00:00:00",17:28:50,"2023-07-16 00:00:00",12:04,1,1773,no,no,"no (EMPTY)"
99,22925,2,closed,"2023-07-15 00:00:00",16:28:29,"2023-07-18 00:00:00",13:50,3,1831,no,no,"no (EMPTY)"
102,22935,2,closed,"2023-07-16 00:00:00",13:41:37,"2023-07-23 00:00:00",13:57,7,1796,no,no,"no (EMPTY)"
101,22934,2,closed,"2023-07-16 00:00:00",13:39:22,"2023-07-18 00:00:00",13:47,2,1813,no,no,"no (EMPTY)"
103,22936,2,closed,"2023-07-16 00:00:00",13:44:21,"2023-07-22 00:00:00",12:41,6,1704,no,no,"no (EMPTY)"
108,22954,2,closed,"2023-07-17 00:00:00",16:53:05,"2023-07-22 00:00:00",12:30,5,1802,no,no,"no (EMPTY)"
107,22950,2,closed,"2023-07-17 00:00:00",12:50:48,"2023-07-17 00:00:00",15:02,1,1816,no,no,"no (EMPTY)"
106,22949,2,closed,"2023-07-17 00:00:00",12:49:21,"2023-07-22 00:00:00",11:36,5,1825,no,no,"no (EMPTY)"
105,22948,2,closed,"2023-07-17 00:00:00",12:46:54,"2023-07-17 00:00:00",15:52,1,1749,no,no,"no (EMPTY)"
104,22947,2,closed,"2023-07-17 00:00:00",12:44:19,"2023-07-18 00:00:00",13:41,1,1729,no,no,"no (EMPTY)"
112,22969,2,closed,"2023-07-18 00:00:00",18:48:11,"2023-07-28 00:00:00",13:05,10,1815,no,no,"no (EMPTY)"
111,22967,2,closed,"2023-07-18 00:00:00",17:39:08,"2023-07-19 00:00:00",12:28,1,1780,no,no,"no (EMPTY)"
110,22966,2,closed,"2023-07-18 00:00:00",17:36:56,"2023-07-22 00:00:00",12:43,4,1741,no,no,"no (EMPTY)"
109,22961,2,closed,"2023-07-18 00:00:00",14:24:29,"2023-07-27 00:00:00",17:34,10,1742,no,no,"no (EMPTY)"
117,22980,2,closed,"2023-07-19 00:00:00",13:31:07,"2023-07-19 00:00:00",18:49,1,1783,no,no,"no (EMPTY)"
116,22979,5,closed,"2023-07-19 00:00:00",13:27:02,"2023-07-19 00:00:00",13:27:02,0,1783,yes,yes,"no (EMPTY)"
115,22978,2,closed,"2023-07-19 00:00:00",13:04:30,"2023-07-22 00:00:00",12:29,3,1731,no,no,"no (EMPTY)"
114,22977,2,closed,"2023-07-19 00:00:00",13:02:40,"2023-07-24 00:00:00",15:17,5,1824,no,no,"no (EMPTY)"
113,22973,2,closed,"2023-07-19 00:00:00",11:13:59,"2023-07-22 00:00:00",12:36,3,1743,no,no,"no (EMPTY)"
121,23009,2,closed,"2023-07-21 00:00:00",13:20:00,"2023-07-22 00:00:00",13:22,1,1758,no,no,"no (EMPTY)"
118,23005,2,closed,"2023-07-21 00:00:00",12:45:00,"2023-07-27 00:00:00",17:38,7,1768,no,no,"no (EMPTY)"
124,23013,2,closed,"2023-07-22 00:00:00",14:36:25,"2023-07-23 00:00:00",11:22,1,1836,no,no,"no (EMPTY)"
123,23012,2,closed,"2023-07-22 00:00:00",14:21:49,"2023-07-23 00:00:00",17:51,2,1776,no,no,"no (EMPTY)"
122,23011,2,closed,"2023-07-22 00:00:00",14:19:31,"2023-07-27 00:00:00",17:47,6,1767,no,no,"no (EMPTY)"
120,23007,2,closed,"2023-07-22 00:00:00",12:50:01,"2023-07-30 00:00:00",11:57,8,1792,no,no,"no (EMPTY)"
119,23006,2,closed,"2023-07-22 00:00:00",12:47:45,"2023-07-23 00:00:00",13:51,1,1794,no,no,"no (EMPTY)"
125,23024,2,closed,"2023-07-23 00:00:00",15:45:48,"2023-07-24 00:00:00",15:26,1,1741,no,no,"no (EMPTY)"
129,23040,2,closed,"2023-07-24 00:00:00",15:36:21,"2023-07-25 00:00:00",12:46,1,1720,no,no,"no (EMPTY)"
128,23039,2,closed,"2023-07-24 00:00:00",15:34:41,"2023-07-27 00:00:00",17:51,3,1780,no,no,"no (EMPTY)"
127,23038,2,closed,"2023-07-24 00:00:00",15:31:50,"2023-07-26 00:00:00",12:54,2,1715,no,no,"no (EMPTY)"
126,23037,2,closed,"2023-07-24 00:00:00",15:16:09,"2023-07-24 00:00:00",18:37,1,1795,no,no,"no (EMPTY)"
133,23054,2,closed,"2023-07-25 00:00:00",18:40:37,"2023-07-28 00:00:00",13:04,3,1790,no,no,"no (EMPTY)"
132,23052,2,closed,"2023-07-25 00:00:00",18:18:25,"2023-07-27 00:00:00",08:17,2,1703,no,no,"no (EMPTY)"
131,23050,2,closed,"2023-07-25 00:00:00",15:12:31,"2023-08-09 00:00:00",11:37,15,1800,no,no,"no (EMPTY)"
130,23049,2,closed,"2023-07-25 00:00:00",15:06:41,"2023-07-27 00:00:00",17:55,2,1807,no,no,"no (EMPTY)"
140,23102,2,closed,"2023-07-27 00:00:00",11:45:00,"2023-08-05 00:00:00",14:15,10,1817,no,no,"no (EMPTY)"
134,23078,2,closed,"2023-07-27 00:00:00",18:09:00,"2023-08-05 00:00:00",14:14,9,1755,no,no,"no (EMPTY)"
139,23096,2,closed,"2023-07-29 00:00:00",18:04:44,"2023-07-30 00:00:00",11:50,1,1836,no,no,"no (EMPTY)"
138,23093,2,closed,"2023-07-29 00:00:00",15:28:13,"2023-08-01 00:00:00",14:14,3,1787,no,no,"no (EMPTY)"
137,23092,2,closed,"2023-07-29 00:00:00",14:06:28,"2023-07-29 00:00:00",18:03,1,1790,no,no,"no (EMPTY)"
136,23091,2,closed,"2023-07-29 00:00:00",14:00:44,"2023-07-30 00:00:00",11:51,1,1796,no,no,"no (EMPTY)"
135,23090,2,closed,"2023-07-29 00:00:00",13:41:18,"2023-08-08 00:00:00",13:33,10,1763,no,no,"no (EMPTY)"
142,23106,2,closed,"2023-07-30 00:00:00",17:26:01,"2023-07-31 00:00:00",10:30,1,1697,no,no,"no (EMPTY)"
141,23103,2,closed,"2023-07-30 00:00:00",12:34:10,"2023-08-05 00:00:00",14:16,6,1828,no,no,"no (EMPTY)"
143,23114,2,closed,"2023-07-31 00:00:00",14:08:31,"2023-08-05 00:00:00",14:12,5,1759,no,no,"no (EMPTY)"
144,23130,2,closed,"2023-08-01 00:00:00",14:16:40,"2023-08-03 00:00:00",20:00:00,3,1749,no,no,"no (EMPTY)"
146,23177,2,closed,"2023-08-02 00:00:00",16:51:00,"2023-08-07 00:00:00",17:58,5,1741,no,no,"no (EMPTY)"
147,23178,2,closed,"2023-08-05 00:00:00",16:56:04,"2023-08-07 00:00:00",16:41,2,1713,no,no,"no (EMPTY)"
145,23176,2,closed,"2023-08-05 00:00:00",16:49:10,"2023-08-06 00:00:00",11:02,1,1796,no,no,"no (EMPTY)"
148,23183,2,closed,"2023-08-06 00:00:00",11:15:56,"2023-08-10 00:00:00",12:09,4,1742,no,no,"no (EMPTY)"
150,23200,2,closed,"2023-08-07 00:00:00",17:13:29,"2023-08-07 00:00:00",18:11,0,1732,no,no,"no (EMPTY)"
149,23199,2,closed,"2023-08-07 00:00:00",17:09:38,"2023-08-11 00:00:00",13:10,4,1830,no,no,"no (EMPTY)"
153,23219,2,closed,"2023-08-08 00:00:00",18:23,"2023-08-10 00:00:00",12:10,2,1825,no,no,"no (EMPTY)"
152,23212,2,closed,"2023-08-08 00:00:00",16:19:34,"2023-08-09 00:00:00",16:22,1,1729,no,no,"no (EMPTY)"
151,23207,2,closed,"2023-08-08 00:00:00",13:37:17,"2023-08-09 00:00:00",11:35,1,1792,no,no,"no (EMPTY)"
156,23226,2,closed,"2023-08-09 00:00:00",16:24:48,"2023-08-10 00:00:00",12:13,1,1748,no,no,"no (EMPTY)"
155,23225,2,closed,"2023-08-09 00:00:00",16:23:09,"2023-08-10 00:00:00",21:56,2,1807,no,no,"no (EMPTY)"
154,23220,2,closed,"2023-08-09 00:00:00",11:47:26,"2023-08-10 00:00:00",12:12,1,1761,no,no,"no (EMPTY)"
157,23234,2,closed,"2023-08-10 00:00:00",12:24:32,"2023-08-11 00:00:00",13:07,1,1767,no,no,"no (EMPTY)"
161,23260,2,closed,"2023-08-11 00:00:00",18:08:08,"2023-08-13 00:00:00",16:36,2,1800,no,no,"no (EMPTY)"
160,23259,2,closed,"2023-08-11 00:00:00",18:04:15,"2023-08-13 00:00:00",14:14,2,1770,no,no,"no (EMPTY)"
159,23258,2,closed,"2023-08-11 00:00:00",17:43:09,"2023-08-13 00:00:00",14:09,2,1763,no,no,"no (EMPTY)"
158,23252,2,closed,"2023-08-11 00:00:00",13:20:48,"2023-08-16 00:00:00",12:01,5,1737,no,no,"no (EMPTY)"
169,23287,2,closed,"2023-08-13 00:00:00",12:36:00,"2023-08-15 00:00:00",11:05,2,1762,no,no,"no (EMPTY)"
168,23286,2,closed,"2023-08-13 00:00:00",12:34:00,"2023-08-25 00:00:00",20:19,12,1801,no,no,"no (EMPTY)"
167,23285,2,closed,"2023-08-13 00:00:00",20:53,"2023-08-23 00:00:00",16:47,10,1795,no,no,"no (EMPTY)"
166,23281,2,closed,"2023-08-13 00:00:00",18:03:08,"2023-08-13 00:00:00",18:45,0,1815,no,no,"no (EMPTY)"
165,23276,2,closed,"2023-08-13 00:00:00",16:46:00,"2023-08-15 00:00:00",17:06,2,1824,no,no,"no (EMPTY)"
164,23274,2,closed,"2023-08-13 00:00:00",15:04:27,"2023-08-13 00:00:00",16:32,0,1773,no,no,"no (EMPTY)"
163,23273,2,closed,"2023-08-13 00:00:00",15:01:33,"2023-08-22 00:00:00",13:45,9,1828,no,no,"no (EMPTY)"
162,23271,2,closed,"2023-08-13 00:00:00",14:41:45,"2023-08-13 00:00:00",16:35,0,1792,no,no,"no (EMPTY)"
172,23310,2,closed,"2023-08-15 00:00:00",12:03:00,"2023-08-16 00:00:00",15:21,2,1698,no,no,"no (EMPTY)"
171,23308,2,closed,"2023-08-15 00:00:00",18:15:46,"2023-08-16 00:00:00",12:01,1,1809,no,no,"no (EMPTY)"
170,23307,2,closed,"2023-08-15 00:00:00",18:14:09,"2023-08-19 00:00:00",15:01,4,1730,no,no,"no (EMPTY)"
175,23318,2,closed,"2023-08-16 00:00:00",18:11:48,"2023-08-19 00:00:00",14:59,3,1704,no,no,"no (EMPTY)"
174,23315,2,closed,"2023-08-16 00:00:00",14:55:05,"2023-08-25 00:00:00",17:17,10,1758,no,no,"no (EMPTY)"
173,23311,2,closed,"2023-08-16 00:00:00",12:29:36,"2023-08-19 00:00:00",15:00,4,1718,no,no,"no (EMPTY)"
177,23331,2,closed,"2023-08-17 00:00:00",18:49:29,"2023-08-19 00:00:00",14:57,2,1802,no,no,"no (EMPTY)"
176,23330,2,closed,"2023-08-17 00:00:00",18:41:31,"2023-08-19 00:00:00",14:59,2,1787,no,no,"no (EMPTY)"
181,23349,2,closed,"2023-08-19 00:00:00",15:28:57,"2023-09-15 00:00:00",19:59,28,1834,no,no,"no (EMPTY)"
180,23348,2,closed,"2023-08-19 00:00:00",15:04:53,"2023-08-21 00:00:00",11:36,2,1729,no,no,"no (EMPTY)"
179,23347,2,closed,"2023-08-19 00:00:00",15:03:25,"2023-08-19 00:00:00",17:08,0,1810,no,no,"no (EMPTY)"
178,23346,2,closed,"2023-08-19 00:00:00",15:01:52,"2023-08-20 00:00:00",13:13,1,1757,no,no,"no (EMPTY)"
183,23363,2,closed,"2023-08-20 00:00:00",11:43:00,"2023-09-01 00:00:00",21:51,13,1808,no,no,"no (EMPTY)"
182,23352,2,closed,"2023-08-20 00:00:00",13:15:05,"2023-08-22 00:00:00",13:46,2,1697,no,no,"no (EMPTY)"
186,23370,2,closed,"2023-08-21 00:00:00",13:58:00,"2023-08-25 00:00:00",16:36,4,1794,no,no,"no (EMPTY)"
185,23367,2,closed,"2023-08-21 00:00:00",17:12:14,"2023-08-22 00:00:00",13:52,1,1818,no,no,"no (EMPTY)"
184,23365,2,closed,"2023-08-21 00:00:00",14:31:01,"2023-08-22 00:00:00",13:50,1,1775,no,no,"no (EMPTY)"
188,23373,2,closed,"2023-08-22 00:00:00",15:22:11,"2023-08-23 00:00:00",16:48,1,1731,no,no,"no (EMPTY)"
187,23372,2,closed,"2023-08-22 00:00:00",14:14:31,"2023-08-22 00:00:00",17:24,1,1704,no,no,"no (EMPTY)"
189,23391,2,closed,"2023-08-23 00:00:00",17:08:00,"2023-08-26 00:00:00",18:42,3,1802,no,no,"no (EMPTY)"
191,23405,2,closed,"2023-08-25 00:00:00",17:22:54,"2023-08-30 00:00:00",11:04,5,1742,no,no,"no (EMPTY)"
190,23404,2,closed,"2023-08-25 00:00:00",17:20:22,"2023-08-26 00:00:00",11:54,1,1804,no,no,"no (EMPTY)"
194,23426,2,closed,"2023-08-26 00:00:00",19:03:25,"2023-08-27 00:00:00",16:03,1,1757,no,no,"no (EMPTY)"
193,23425,2,closed,"2023-08-26 00:00:00",17:41:20,"2023-08-28 00:00:00",16:14,2,1784,no,no,"no (EMPTY)"
192,23423,2,closed,"2023-08-26 00:00:00",16:18:44,"2023-08-26 00:00:00",18:43,0,1777,no,no,"no (EMPTY)"
198,23444,2,closed,"2023-08-27 00:00:00",19:05:03,"2023-08-28 00:00:00",13:14,1,1776,no,no,"no (EMPTY)"
197,23442,2,closed,"2023-08-27 00:00:00",17:58:22,"2023-08-27 00:00:00",18:56,0,1780,no,no,"no (EMPTY)"
196,23440,2,closed,"2023-08-27 00:00:00",16:32:45,"2023-08-28 00:00:00",13:18,1,1821,no,no,"no (EMPTY)"
195,23439,2,closed,"2023-08-27 00:00:00",15:51:39,"2023-08-28 00:00:00",13:22,1,1763,no,no,"no (EMPTY)"
201,23454,2,closed,"2023-08-28 00:00:00",18:45:49,"2023-08-28 00:00:00",21:56,1,1799,no,no,"no (EMPTY)"
200,23452,2,closed,"2023-08-28 00:00:00",16:53:44,"2023-08-28 00:00:00",21:43,1,1760,no,no,"no (EMPTY)"
199,23449,2,closed,"2023-08-28 00:00:00",13:39:49,"2023-08-28 00:00:00",22:27,1,1828,no,no,"no (EMPTY)"
205,23465,2,closed,"2023-08-29 00:00:00",20:05:23,"2023-08-29 00:00:00",21:49,0,1803,no,no,"no (EMPTY)"
204,23462,2,closed,"2023-08-29 00:00:00",14:36:27,"2023-08-31 00:00:00",18:47,2,1736,no,no,"no (EMPTY)"
203,23460,2,closed,"2023-08-29 00:00:00",12:58:37,"2023-08-29 00:00:00",21:27,1,1829,no,no,"no (EMPTY)"
202,23459,2,closed,"2023-08-29 00:00:00",12:15:45,"2023-08-29 00:00:00",14:38,0,1781,no,no,"no (EMPTY)"
213,23477,2,closed,"2023-08-30 00:00:00",18:41:22,"2023-08-30 00:00:00",20:03,0,1818,no,no,"no (EMPTY)"
212,23476,2,closed,"2023-08-30 00:00:00",18:19:01,"2023-09-01 00:00:00",01:14,2,1762,no,no,"no (EMPTY)"
211,23474,2,closed,"2023-08-30 00:00:00",17:26:28,"2023-09-02 00:00:00",12:27:00,3,1814,no,no,"no (EMPTY)"
210,23472,2,closed,"2023-08-30 00:00:00",16:43:53,"2023-09-04 00:00:00",15:25,5,1787,no,no,"no (EMPTY)"
208,23469,2,closed,"2023-08-30 00:00:00",14:21:54,"2023-08-30 00:00:00",19:04,1,1793,no,no,"no (EMPTY)"
207,23468,2,closed,"2023-08-30 00:00:00",13:57:09,"2023-08-30 00:00:00",18:11,1,1702,no,no,"no (EMPTY)"
206,23467,2,closed,"2023-08-30 00:00:00",13:55:43,"2023-09-01 00:00:00",01:16,2,1697,no,no,"no (EMPTY)"
216,23487,2,closed,"2023-08-31 00:00:00",17:31:05,"2023-09-01 00:00:00",01:12,1,1794,no,no,"no (EMPTY)"
215,23484,2,closed,"2023-08-31 00:00:00",14:25:57,"2023-09-08 00:00:00",00:36,8,1771,no,no,"no (EMPTY)"
214,23480,2,closed,"2023-08-31 00:00:00",10:37:23,"2023-09-04 00:00:00",10:42,4,1802,no,no,"no (EMPTY)"
224,23506,2,closed,"2023-09-01 00:00:00",21:49:41,"2023-09-01 00:00:00",22:31,0,1737,no,no,"no (EMPTY)"
223,23505,2,closed,"2023-09-01 00:00:00",21:47:14,"2023-09-01 00:00:00",22:07,0,1717,no,no,"no (EMPTY)"
222,23504,2,closed,"2023-09-01 00:00:00",21:38:23,"2023-09-06 00:00:00",13:55,5,1792,no,no,"no (EMPTY)"
221,23503,2,closed,"2023-09-01 00:00:00",21:35:07,"2023-09-01 00:00:00",22:07,0,1713,no,no,"no (EMPTY)"
220,23499,2,closed,"2023-09-01 00:00:00",14:53:33,"2023-09-01 00:00:00",21:57,1,1776,no,no,"no (EMPTY)"
219,23498,2,closed,"2023-09-01 00:00:00",12:10:54,"2023-09-04 00:00:00",17:18,4,1813,no,no,"no (EMPTY)"
218,23496,2,closed,"2023-09-01 00:00:00",01:10:33,"2023-09-01 00:00:00",21:54,1,1801,no,no,"no (EMPTY)"
217,23495,2,closed,"2023-09-01 00:00:00",01:08:42,"2023-09-01 00:00:00",22:00,1,1827,no,no,"no (EMPTY)"
228,23521,2,closed,"2023-09-02 00:00:00",15:47:20,"2023-09-02 00:00:00",18:37,1,1783,no,no,"no (EMPTY)"
227,23520,2,closed,"2023-09-02 00:00:00",15:46:04,"2023-09-02 00:00:00",18:38,1,1836,no,no,"no (EMPTY)"
226,23519,2,closed,"2023-09-02 00:00:00",15:26:11,"2023-09-09 00:00:00",12:32,7,1748,no,no,"no (EMPTY)"
225,23518,2,closed,"2023-09-02 00:00:00",15:23:58,"2023-09-03 00:00:00",23:01,2,1698,no,no,"no (EMPTY)"
230,23540,2,closed,"2023-09-03 00:00:00",21:12:11,"2023-09-03 00:00:00",21:22,0,1780,no,no,"no (EMPTY)"
229,23533,2,closed,"2023-09-03 00:00:00",12:20:42,"2023-09-03 00:00:00",18:18,1,1740,no,no,"no (EMPTY)"
234,23552,2,closed,"2023-09-04 00:00:00",18:02:43,"2023-09-05 00:00:00",10:38,1,1745,no,no,"no (EMPTY)"
233,23545,2,closed,"2023-09-04 00:00:00",13:33:08,"2023-09-05 00:00:00",10:32,1,1823,no,no,"no (EMPTY)"
232,23544,2,closed,"2023-09-04 00:00:00",12:02:20,"2023-09-04 00:00:00",15:49,1,1775,no,no,"no (EMPTY)"
231,23543,2,closed,"2023-09-04 00:00:00",12:00:50,"2023-09-07 00:00:00",10:44,3,1732,no,no,"no (EMPTY)"
240,23572,2,closed,"2023-09-05 00:00:00",18:25:05,"2023-09-09 00:00:00",17:44,4,1817,no,no,"no (EMPTY)"
239,23571,2,closed,"2023-09-05 00:00:00",17:32:24,"2023-09-05 00:00:00",18:36,0,1795,no,no,"no (EMPTY)"
238,23570,2,closed,"2023-09-05 00:00:00",16:23:46,"2023-09-05 00:00:00",21:38,1,1830,no,no,"no (EMPTY)"
237,23564,2,closed,"2023-09-05 00:00:00",13:27:57,"2023-09-05 00:00:00",20:55,1,1720,no,no,"no (EMPTY)"
236,23562,2,closed,"2023-09-05 00:00:00",12:57:10,"2023-09-21 00:00:00",10:30:00,16,1708,no,no,"no (EMPTY)"
235,23561,2,closed,"2023-09-05 00:00:00",12:54:24,"2023-09-05 00:00:00",15:48,1,1714,no,no,"no (EMPTY)"
244,23589,2,closed,"2023-09-06 00:00:00",17:54:06,"2023-09-08 00:00:00",00:43,2,1795,no,no,"no (EMPTY)"
243,23583,2,closed,"2023-09-06 00:00:00",12:07:32,"2023-09-06 00:00:00",14:15,0,1761,no,no,"no (EMPTY)"
242,23582,2,closed,"2023-09-06 00:00:00",11:49:59,"2023-09-08 00:00:00",00:42,2,1799,no,no,"no (EMPTY)"
241,23581,2,closed,"2023-09-06 00:00:00",11:35:07,"2023-09-10 00:00:00",10:44,4,1720,no,no,"no (EMPTY)"
248,23602,2,closed,"2023-09-07 00:00:00",12:48:52,"2023-09-07 00:00:00",17:22,1,1801,no,no,"no (EMPTY)"
247,23601,2,closed,"2023-09-07 00:00:00",12:23:33,"2023-09-07 00:00:00",14:11,0,1777,no,no,"no (EMPTY)"
246,23600,2,closed,"2023-09-07 00:00:00",12:05:01,"2023-09-09 00:00:00",11:20,2,1715,no,no,"no (EMPTY)"
245,23599,2,closed,"2023-09-07 00:00:00",11:17:08,"2023-09-07 00:00:00",12:21,0,1717,no,no,"no (EMPTY)"
253,23634,2,closed,"2023-09-09 00:00:00",16:07:39,"2023-09-10 00:00:00",10:46,1,1814,no,no,"no (EMPTY)"
252,23633,2,closed,"2023-09-09 00:00:00",15:24:16,"2023-09-09 00:00:00",16:52,0,1697,no,no,"no (EMPTY)"
251,23630,2,closed,"2023-09-09 00:00:00",14:12:55,"2023-09-09 00:00:00",15:23,0,1697,no,no,"no (EMPTY)"
250,23629,2,closed,"2023-09-09 00:00:00",13:36:29,"2023-09-10 00:00:00",10:45,1,1758,no,no,"no (EMPTY)"
249,23626,2,closed,"2023-09-09 00:00:00",12:30:54,"2023-09-09 00:00:00",13:30,0,1737,no,no,"no (EMPTY)"
254,23639,2,closed,"2023-09-10 00:00:00",11:23:34,"2023-09-10 00:00:00",13:42,0,1817,no,no,"no (EMPTY)"
256,23648,2,closed,"2023-09-10 00:00:00",18:04:07,"2023-09-11 00:00:00",10:37,1,1763,no,no,"no (EMPTY)"
255,23644,2,closed,"2023-09-10 00:00:00",16:10:15,"2023-09-10 00:00:00",18:06,0,1731,no,no,"no (EMPTY)"
262,23675,2,closed,"2023-09-11 00:00:00",16:05,"2023-09-11 00:00:00",11:37:00,0,1714,no,no,"no (EMPTY)"
260,23666,2,closed,"2023-09-11 00:00:00",18:20:47,"2023-09-11 00:00:00",22:06,1,1780,no,no,"no (EMPTY)"
259,23665,2,closed,"2023-09-11 00:00:00",17:43:42,"2023-09-12 00:00:00",11:09:00,2,1761,no,no,"no (EMPTY)"
258,23664,2,closed,"2023-09-11 00:00:00",17:41:14,"2023-09-21 00:00:00",16:16,10,1775,no,no,"no (EMPTY)"
257,23655,2,closed,"2023-09-11 00:00:00",11:19:27,"2023-09-15 00:00:00",11:18,4,1698,no,no,"no (EMPTY)"
270,23694,2,closed,"2023-09-12 00:00:00",19:53,"2023-09-13 00:00:00",10:41:00,1,1780,no,no,"no (EMPTY)"
269,23693,2,closed,"2023-09-12 00:00:00",17:47,"2023-09-13 00:00:00",11:20,1,1759,no,no,"no (EMPTY)"
268,23692,2,closed,"2023-09-12 00:00:00",14:20,"2023-09-12 00:00:00",11:20:00,0,1733,no,no,"no (EMPTY)"
267,23691,2,closed,"2023-09-12 00:00:00",11:06:00,"2023-09-12 00:00:00",11:11:00,0,1736,no,no,"no (EMPTY)"
266,23690,2,closed,"2023-09-12 00:00:00",11:05:00,"2023-09-12 00:00:00",11:27:00,0,1826,no,no,"no (EMPTY)"
265,23684,2,closed,"2023-09-12 00:00:00",17:26:18,"2023-09-16 00:00:00",16:39,4,1808,no,no,"no (EMPTY)"
264,23683,2,closed,"2023-09-12 00:00:00",15:58:58,"2023-09-14 00:00:00",13:10,2,1788,no,no,"no (EMPTY)"
263,23681,2,closed,"2023-09-12 00:00:00",15:17:35,"2023-09-12 00:00:00",15:24,0,1789,no,no,"no (EMPTY)"
261,23674,2,closed,"2023-09-12 00:00:00",11:28:26,"2023-09-12 00:00:00",11:29,0,1736,no,no,"no (EMPTY)"
275,23712,2,closed,"2023-09-13 00:00:00",11:16,"2023-09-17 00:00:00",18:53,5,1757,no,no,"no (EMPTY)"
274,23706,2,closed,"2023-09-13 00:00:00",18:41:25,"2023-09-14 00:00:00",10:52,1,1716,no,no,"no (EMPTY)"
273,23705,2,closed,"2023-09-13 00:00:00",18:39:05,"2023-09-16 00:00:00",10:38,3,1828,no,no,"no (EMPTY)"
272,23698,2,closed,"2023-09-13 00:00:00",12:45:29,"2023-09-13 00:00:00",16:06,1,1776,no,no,"no (EMPTY)"
271,23697,2,closed,"2023-09-13 00:00:00",12:43:58,"2023-09-15 00:00:00",10:41:00,2,1741,no,no,"no (EMPTY)"
278,23727,2,closed,"2023-09-14 00:00:00",18:05:00,"2023-09-19 00:00:00",12:27,5,1777,no,no,"no (EMPTY)"
277,23722,2,closed,"2023-09-14 00:00:00",13:42:55,"2023-09-14 00:00:00",16:59,1,1734,no,no,"no (EMPTY)"
276,23716,2,closed,"2023-09-14 00:00:00",11:48:49,"2023-09-20 00:00:00",12:01:00,7,1772,no,no,"no (EMPTY)"
280,23753,2,closed,"2023-09-15 00:00:00",10:38:00,"2023-09-15 00:00:00",10:39:00,1,1740,no,no,"no (EMPTY)"
284,23771,2,closed,"2023-09-16 00:00:00",18:51:59,"2023-09-17 00:00:00",10:50:00,1,1731,no,no,"no (EMPTY)"
283,23765,2,closed,"2023-09-16 00:00:00",17:17:11,"2023-09-17 00:00:00",16:58,1,1787,no,no,"no (EMPTY)"
282,23760,2,closed,"2023-09-16 00:00:00",14:06:18,"2023-09-16 00:00:00",18:16,1,1729,no,no,"no (EMPTY)"
281,23759,2,closed,"2023-09-16 00:00:00",11:53:30,"2023-09-16 00:00:00",15:24,1,1781,no,no,"no (EMPTY)"
288,23792,2,closed,"2023-09-17 00:00:00",14:09,"2023-09-27 00:00:00",16:12,10,1792,no,no,"no (EMPTY)"
287,23791,2,closed,"2023-09-17 00:00:00",18:11,"2023-09-20 00:00:00",12:03:00,4,1780,no,no,"no (EMPTY)"
286,23779,2,closed,"2023-09-17 00:00:00",16:25:25,"2023-09-18 00:00:00",09:56,1,1732,no,no,"no (EMPTY)"
285,23778,2,closed,"2023-09-17 00:00:00",15:05:26,"2023-09-17 00:00:00",18:41,1,1797,no,no,"no (EMPTY)"
293,23807,2,closed,"2023-09-18 00:00:00",20:44,"2023-09-27 00:00:00",20:37:00,9,1742,no,no,"no (EMPTY)"
292,23802,2,closed,"2023-09-18 00:00:00",18:20:53,"2023-09-29 00:00:00",14:37,11,1834,no,no,"no (EMPTY)"
291,23797,2,closed,"2023-09-18 00:00:00",15:03:19,"2023-09-18 00:00:00",18:19,1,1714,no,no,"no (EMPTY)"
290,23796,2,closed,"2023-09-18 00:00:00",14:09:02,"2023-09-18 00:00:00",18:18,1,1730,no,no,"no (EMPTY)"
289,23795,2,closed,"2023-09-18 00:00:00",13:16:08,"2023-09-19 00:00:00",11:51,1,1735,no,no,"no (EMPTY)"
297,23815,2,closed,"2023-09-19 00:00:00",16:37:21,"2023-09-20 00:00:00",14:20,1,1758,no,no,"no (EMPTY)"
296,23813,2,closed,"2023-09-19 00:00:00",14:51,"2023-09-20 00:00:00",10:30,1,1762,no,no,"no (EMPTY)"
295,23812,2,closed,"2023-09-19 00:00:00",14:32:56,"2023-09-19 00:00:00",16:10,0,1815,no,no,"no (EMPTY)"
294,23809,2,closed,"2023-09-19 00:00:00",12:28:29,"2023-09-20 00:00:00",10:58,1,1760,no,no,"no (EMPTY)"
299,23827,2,closed,"2023-09-20 00:00:00",15:33:21,"2023-09-20 00:00:00",18:29:00,1,1713,no,no,"no (EMPTY)"
298,23824,2,closed,"2023-09-20 00:00:00",15:40:00,"2023-09-21 00:00:00",20:10:00,2,1761,no,no,"no (EMPTY)"
300,23844,2,closed,"2023-09-21 00:00:00",12:27:49,"2023-09-21 00:00:00",21:50,1,1794,no,no,"no (EMPTY)"
304,23874,2,closed,"2023-09-22 00:00:00",12:14:00,"2023-09-23 00:00:00",11:08:00,2,1831,no,no,"no (EMPTY)"
303,23873,2,closed,"2023-09-22 00:00:00",11:13:00,"2023-09-23 00:00:00",13:47,1,1815,no,no,"no (EMPTY)"
302,23871,2,closed,"2023-09-22 00:00:00",11:06:00,"2023-09-23 00:00:00",15:56,2,1828,no,no,"no (EMPTY)"
301,23870,2,closed,"2023-09-22 00:00:00",10:56:00,"2023-09-22 00:00:00",12:15:00,1,1820,no,no,"no (EMPTY)"
308,23889,2,closed,"2023-09-23 00:00:00",11:06:00,"2023-09-26 00:00:00",10:55,3,1825,no,no,"no (EMPTY)"
307,23881,2,closed,"2023-09-23 00:00:00",17:24:24,"2023-09-23 00:00:00",22:11:00,1,1708,no,no,"no (EMPTY)"
306,23880,2,closed,"2023-09-23 00:00:00",16:11:06,"2023-09-23 00:00:00",18:17,0,1717,no,no,"no (EMPTY)"
305,23877,2,closed,"2023-09-23 00:00:00",16:46:00,"2023-09-23 00:00:00",23:09:00,1,1757,no,no,"no (EMPTY)"
312,23899,2,closed,"2023-09-24 00:00:00",18:10:17,"2023-09-24 00:00:00",23:12,1,1782,no,no,"no (EMPTY)"
309,23892,2,closed,"2023-09-24 00:00:00",12:04:31,"2023-09-24 00:00:00",18:40,1,1776,no,no,"no (EMPTY)"
314,23914,2,closed,"2023-09-25 00:00:00",13:58:15,"2023-09-26 00:00:00",20:25,2,1763,no,no,"no (EMPTY)"
313,23908,2,closed,"2023-09-25 00:00:00",11:52:56,"2023-09-25 00:00:00",13:48,0,1787,no,no,"no (EMPTY)"
316,23943,2,closed,"2023-09-26 00:00:00",20:27:46,"2023-09-30 00:00:00",19:32:00,4,1788,no,no,"no (EMPTY)"
315,23932,2,closed,"2023-09-26 00:00:00",13:16:11,"2023-09-27 00:00:00",10:59,1,1762,no,no,"no (EMPTY)"
320,23964,2,closed,"2023-09-27 00:00:00",20:40:00,"2023-09-27 00:00:00",22:14:00,0,1771,no,no,"no (EMPTY)"
319,23952,2,closed,"2023-09-27 00:00:00",17:55:43,"2023-09-28 00:00:00",21:13,2,1735,no,no,"no (EMPTY)"
318,23951,2,closed,"2023-09-27 00:00:00",16:40:40,"2023-09-27 00:00:00",21:38:00,1,1729,no,no,"no (EMPTY)"
317,23950,2,closed,"2023-09-27 00:00:00",16:13:15,"2023-09-28 00:00:00",00:14,1,1780,no,no,"no (EMPTY)"
321,23976,2,closed,"2023-09-28 00:00:00",21:21:44,"2023-09-29 00:00:00",00:16,1,1828,no,no,"no (EMPTY)"
325,23991,2,closed,"2023-09-29 00:00:00",14:49:00,"2023-10-01 00:00:00",17:43,3,1712,no,no,"no (EMPTY)"
323,23985,2,closed,"2023-09-29 00:00:00",13:20:45,"2023-09-29 00:00:00",17:23,1,1737,no,no,"no (EMPTY)"
322,23981,2,closed,"2023-09-29 00:00:00",10:14:00,"2023-10-02 00:00:00",17:46,4,1741,no,no,"no (EMPTY)"
329,24015,2,closed,"2023-09-30 00:00:00",22:00:00,"2023-10-02 00:00:00",16:09,2,1795,no,no,"no (EMPTY)"
328,24014,2,closed,"2023-09-30 00:00:00",21:34:00,"2023-10-02 00:00:00",12:40,2,1742,no,no,"no (EMPTY)"
327,24009,2,closed,"2023-09-30 00:00:00",20:58:34,"2023-09-30 00:00:00",19:34:00,1,1776,no,no,"no (EMPTY)"
326,24000,2,closed,"2023-09-30 00:00:00",12:27:23,"2023-09-30 00:00:00",14:28,0,1797,no,no,"no (EMPTY)"
324,23986,2,closed,"2023-09-30 00:00:00",10:15:00,"2023-09-30 00:00:00",22:39:00,1,1809,no,no,"no (EMPTY)"
331,24034,2,closed,"2023-10-01 00:00:00",19:29:55,"2023-10-01 00:00:00",23:05,1,1775,no,no,"no (EMPTY)"
330,24030,2,closed,"2023-10-01 00:00:00",14:41:00,"2023-10-01 00:00:00",19:35,1,1831,no,no,"no (EMPTY)"
337,24054,2,closed,"2023-10-02 00:00:00",19:13:00,"2023-10-02 00:00:00",23:41:00,1,1767,no,no,"no (EMPTY)"
336,24053,2,closed,"2023-10-02 00:00:00",19:31:00,"2023-10-04 00:00:00",18:50,2,1792,no,no,"no (EMPTY)"
335,24049,2,closed,"2023-10-02 00:00:00",16:32:57,"2023-10-06 00:00:00",19:41,5,1715,no,no,"no (EMPTY)"
334,24045,2,closed,"2023-10-02 00:00:00",14:25:01,"2023-10-02 00:00:00",19:58,1,1758,no,no,"no (EMPTY)"
333,24043,2,closed,"2023-10-02 00:00:00",12:58:05,"2023-10-03 00:00:00",13:02,1,1762,no,no,"no (EMPTY)"
332,24042,2,closed,"2023-10-02 00:00:00",11:34:10,"2023-10-03 00:00:00",18:56,2,1821,no,no,"no (EMPTY)"
340,24070,2,closed,"2023-10-03 00:00:00",17:27:00,"2023-10-04 00:00:00",18:11,1,1740,no,no,"no (EMPTY)"
339,24068,2,closed,"2023-10-03 00:00:00",16:30:32,"2023-10-04 00:00:00",20:42,2,1795,no,no,"no (EMPTY)"
338,24063,2,closed,"2023-10-03 00:00:00",12:14:00,"2023-10-03 00:00:00",17:59,1,1776,no,no,"no (EMPTY)"
346,24094,2,closed,"2023-10-04 00:00:00",19:45:00,"2023-10-05 00:00:00",23:45,2,1762,no,no,"no (EMPTY)"
345,24087,2,closed,"2023-10-04 00:00:00",17:01:00,"2023-10-04 00:00:00",19:48:00,0,1759,no,no,"no (EMPTY)"
344,24086,2,closed,"2023-10-04 00:00:00",17:37:29,"2023-10-04 00:00:00",21:33,1,1748,no,no,"no (EMPTY)"
343,24085,2,closed,"2023-10-04 00:00:00",16:45:02,"2023-10-06 00:00:00",19:00,3,1790,no,no,"no (EMPTY)"
342,24081,2,closed,"2023-10-04 00:00:00",13:13:00,"2023-10-13 00:00:00",17:51:00,10,1743,no,no,"no (EMPTY)"
341,24078,2,closed,"2023-10-04 00:00:00",10:16:00,"2023-10-05 00:00:00",18:36,2,1799,no,no,"no (EMPTY)"
348,24115,2,closed,"2023-10-05 00:00:00",03:41:00,"2023-10-06 00:00:00",18:59,2,1816,no,no,"no (EMPTY)"
347,24101,2,closed,"2023-10-05 00:00:00",10:49:00,"2023-10-05 00:00:00",16:10,1,1777,no,no,"no (EMPTY)"
352,24130,2,closed,"2023-10-06 00:00:00",21:49:20,"2023-10-07 00:00:00",21:53,1,1738,no,no,"no (EMPTY)"
351,24127,2,closed,"2023-10-06 00:00:00",20:09:09,"2023-10-13 00:00:00",13:02,7,1755,no,no,"no (EMPTY)"
350,24123,2,closed,"2023-10-06 00:00:00",17:13:55,"2023-10-27 00:00:00",18:35,21,1703,no,no,"no (EMPTY)"
349,24119,2,closed,"2023-10-06 00:00:00",16:37:00,"2023-10-08 00:00:00",22:46:00,3,1758,no,no,"no (EMPTY)"
355,24142,2,closed,"2023-10-07 00:00:00",18:23:36,"2023-10-11 00:00:00",13:56,4,1816,no,no,"no (EMPTY)"
354,24140,2,closed,"2023-10-07 00:00:00",16:07:48,"2023-10-13 00:00:00",21:57:00,7,1773,no,no,"no (EMPTY)"
353,24139,2,closed,"2023-10-07 00:00:00",16:06:22,"2023-10-07 00:00:00",21:50,1,1775,no,no,"no (EMPTY)"
358,24150,2,closed,"2023-10-08 00:00:00",18:37:35,"2023-10-08 00:00:00",23:44:00,1,1836,no,no,"no (EMPTY)"
357,24147,2,closed,"2023-10-08 00:00:00",12:05:18,"2023-10-10 00:00:00",15:44,3,1733,no,no,"no (EMPTY)"
356,24146,2,closed,"2023-10-08 00:00:00",10:48:07,"2023-10-09 00:00:00",16:52,2,1737,no,no,"no (EMPTY)"
361,24170,2,closed,"2023-10-09 00:00:00",19:36:00,"2023-10-09 00:00:00",21:24:00,0,1735,no,no,"no (EMPTY)"
360,24169,2,closed,"2023-10-09 00:00:00",16:55:00,"2023-10-09 00:00:00",19:26:00,1,1801,no,no,"no (EMPTY)"
359,24160,2,closed,"2023-10-09 00:00:00",15:25:44,"2023-10-11 00:00:00",20:51,2,1762,no,no,"no (EMPTY)"
366,24182,2,closed,"2023-10-10 00:00:00",16:42:00,"2023-10-10 00:00:00",23:33:00,1,1756,no,no,"no (EMPTY)"
365,24181,2,closed,"2023-10-10 00:00:00",21:50:00,"2023-10-14 00:00:00",13:29,4,1783,no,no,"no (EMPTY)"
364,24179,2,closed,"2023-10-10 00:00:00",15:45:45,"2023-10-10 00:00:00",23:34:00,1,1697,no,no,"no (EMPTY)"
363,24176,2,closed,"2023-10-10 00:00:00",12:10:00,"2023-10-11 00:00:00",17:11,2,1831,no,no,"no (EMPTY)"
362,24175,2,closed,"2023-10-10 00:00:00",10:25:00,"2023-10-10 00:00:00",23:31:00,1,1804,no,no,"no (EMPTY)"
372,24204,2,closed,"2023-10-11 00:00:00",23:16:00,"2023-10-15 00:00:00",11:02,4,1826,no,no,"no (EMPTY)"
370,24201,2,closed,"2023-10-11 00:00:00",20:38:00,"2023-10-13 00:00:00",13:26:00,2,1702,no,no,"no (EMPTY)"
369,24200,2,closed,"2023-10-11 00:00:00",19:14:00,"2023-10-11 00:00:00",20:25:00,0,1807,no,no,"no (EMPTY)"
368,24190,2,closed,"2023-10-11 00:00:00",15:45:20,"2023-10-12 00:00:00",12:28,1,1748,no,no,"no (EMPTY)"
367,24189,2,closed,"2023-10-11 00:00:00",14:09:14,"2023-10-11 00:00:00",17:59,1,1792,no,no,"no (EMPTY)"
375,24211,2,closed,"2023-10-12 00:00:00",14:09:49,"2023-10-12 00:00:00",17:29,1,1716,no,no,"no (EMPTY)"
374,24210,2,closed,"2023-10-12 00:00:00",14:07:10,"2023-10-12 00:00:00",17:44,1,1767,no,no,"no (EMPTY)"
373,24206,2,closed,"2023-10-12 00:00:00",10:31:00,"2023-10-13 00:00:00",18:37,2,1711,no,no,"no (EMPTY)"
371,24202,2,closed,"2023-10-12 00:00:00",21:16:00,"2023-10-14 00:00:00",19:22:00,2,1697,no,no,"no (EMPTY)"
394,24317,2,closed,"2023-10-13 00:00:00",22:18:00,"2023-10-18 00:00:00",10:21:00,5,1711,no,no,"no (EMPTY)"
376,24237,2,closed,"2023-10-13 00:00:00",12:57:00,"2023-10-15 00:00:00",18:20:00,3,1761,no,no,"no (EMPTY)"
380,24256,2,closed,"2023-10-14 00:00:00",22:05:00,"2023-10-16 00:00:00",18:29:00,2,1718,no,no,"no (EMPTY)"
379,24249,2,closed,"2023-10-14 00:00:00",16:22:00,"2023-10-15 00:00:00",22:25:00,2,1748,no,no,"no (EMPTY)"
378,24241,2,closed,"2023-10-14 00:00:00",13:33:00,"2023-10-15 00:00:00",13:30,1,1780,no,no,"no (EMPTY)"
377,24239,2,closed,"2023-10-14 00:00:00",11:49:00,"2023-10-15 00:00:00",10:57,1,1776,no,no,"no (EMPTY)"
387,24273,2,closed,"2023-10-15 00:00:00",18:26:00,"2023-10-16 00:00:00",13:35,1,1813,no,no,"no (EMPTY)"
386,24272,2,closed,"2023-10-15 00:00:00",17:20:00,"2023-10-16 00:00:00",20:05:00,2,1789,no,no,"no (EMPTY)"
385,24271,2,closed,"2023-10-15 00:00:00",17:00:00,"2023-10-18 00:00:00",01:05:00,3,1716,no,no,"no (EMPTY)"
384,24264,2,closed,"2023-10-15 00:00:00",14:21:00,"2023-10-15 00:00:00",21:36:00,1,1750,no,no,"no (EMPTY)"
383,24263,2,closed,"2023-10-15 00:00:00",14:01:00,"2023-10-18 00:00:00",01:02:00,3,1715,no,no,"no (EMPTY)"
382,24260,2,closed,"2023-10-15 00:00:00",11:20:00,"2023-10-15 00:00:00",16:57,1,1757,no,no,"no (EMPTY)"
381,24259,2,closed,"2023-10-15 00:00:00",11:44:04,"2023-10-16 00:00:00",15:24,2,1767,no,no,"no (EMPTY)"
392,24285,2,closed,"2023-10-16 00:00:00",10:00:00,"2023-10-20 00:00:00",10:46:00,5,1706,no,no,"no (EMPTY)"
391,24284,2,closed,"2023-10-16 00:00:00",16:10:00,"2023-10-16 00:00:00",19:48:00,1,1777,no,no,"no (EMPTY)"
390,24280,2,closed,"2023-10-16 00:00:00",13:18:00,"2023-10-19 00:00:00",18:39:00,4,1771,no,no,"no (EMPTY)"
389,24279,2,closed,"2023-10-16 00:00:00",11:56:00,"2023-10-16 00:00:00",20:26:00,1,1720,no,no,"no (EMPTY)"
388,24278,2,closed,"2023-10-16 00:00:00",10:40:00,"2023-10-16 00:00:00",16:43,1,1802,no,no,"no (EMPTY)"
395,24318,2,closed,"2023-10-17 00:00:00",21:39:00,"2023-10-19 00:00:00",23:50,2,1826,no,no,"no (EMPTY)"
393,24297,2,closed,"2023-10-17 00:00:00",10:55:00,"2023-10-17 00:00:00",16:56:00,1,1746,no,no,"no (EMPTY)"
397,24336,2,closed,"2023-10-18 00:00:00",18:34:00,"2023-10-19 00:00:00",12:48:00,1,1773,no,no,"no (EMPTY)"
396,24329,2,closed,"2023-10-18 00:00:00",17:44:35,"2023-10-19 00:00:00",10:00,1,1743,no,no,"no (EMPTY)"
400,24350,2,closed,"2023-10-19 00:00:00",18:54:00,"2023-10-21 00:00:00",14:22,2,1736,no,no,"no (EMPTY)"
399,24345,2,closed,"2023-10-19 00:00:00",15:39:00,"2023-10-20 00:00:00",11:13:00,1,1767,no,no,"no (EMPTY)"
398,24343,2,closed,"2023-10-19 00:00:00",14:39:00,"2023-10-19 00:00:00",21:31,1,1782,no,no,"no (EMPTY)"
402,24371,2,closed,"2023-10-20 00:00:00",15:50:00,"2023-10-20 00:00:00",20:59:00,1,1743,no,no,"no (EMPTY)"
401,24370,2,closed,"2023-10-20 00:00:00",13:49:00,"2023-10-21 00:00:00",17:51,2,1697,no,no,"no (EMPTY)"
403,24375,2,closed,"2023-10-21 00:00:00",13:10:52,"2023-10-21 00:00:00",22:03:00,1,1782,no,no,"no (EMPTY)"
404,24391,2,closed,"2023-10-22 00:00:00",13:15:42,"2023-10-22 00:00:00",18:51:00,1,1737,no,no,"no (EMPTY)"
407,24408,2,closed,"2023-10-23 00:00:00",17:06:51,"2023-10-25 00:00:00",23:59:00,3,1771,no,no,"no (EMPTY)"
406,24404,2,closed,"2023-10-23 00:00:00",13:43:46,"2023-10-23 00:00:00",17:40,1,1821,no,no,"no (EMPTY)"
405,24402,2,closed,"2023-10-23 00:00:00",11:52:38,"2023-10-27 00:00:00",10:32,4,1795,no,no,"no (EMPTY)"
408,24409,2,closed,"2023-10-23 00:00:00",17:46:52,"2023-10-24 00:00:00",16:01,1,1788,no,no,"no (EMPTY)"
414,24436,2,closed,"2023-10-24 00:00:00",21:51:00,"2023-10-25 00:00:00",14:02,1,1833,no,no,"no (EMPTY)"
412,24424,2,closed,"2023-10-24 00:00:00",15:36:00,"2023-10-25 00:00:00",19:45:00,2,1793,no,no,"no (EMPTY)"
411,24423,2,closed,"2023-10-24 00:00:00",16:17:05,"2023-10-25 00:00:00",09:38,1,1736,no,no,"no (EMPTY)"
410,24418,2,closed,"2023-10-24 00:00:00",13:47:00,"2023-10-24 00:00:00",16:29,1,1740,no,no,"no (EMPTY)"
409,24417,2,closed,"2023-10-24 00:00:00",14:17:42,"2023-10-24 00:00:00",22:05:00,1,1737,no,no,"no (EMPTY)"
416,24459,2,closed,"2023-10-25 00:00:00",22:30:00,"2023-10-26 00:00:00",14:39,1,1817,no,no,"no (EMPTY)"
415,24447,2,closed,"2023-10-25 00:00:00",16:45:31,"2023-10-27 00:00:00",14:49:00,2,1830,no,no,"no (EMPTY)"
413,24435,2,closed,"2023-10-25 00:00:00",18:45:00,"2023-10-26 00:00:00",11:37,1,1757,no,no,"no (EMPTY)"
418,24490,2,closed,"2023-10-27 00:00:00",19:10:00,"2023-10-29 00:00:00",00:18:00,2,1718,no,no,"no (EMPTY)"
417,24489,2,closed,"2023-10-27 00:00:00",12:51,"2023-10-31 00:00:00",15:06,5,1757,no,no,"no (EMPTY)"
422,24498,2,closed,"2023-10-28 00:00:00",16:03:31,"2023-11-09 00:00:00",16:56:00,12,1748,no,no,"no (EMPTY)"
421,24497,2,closed,"2023-10-28 00:00:00",15:59:28,"2023-10-28 00:00:00",22:42,1,1746,no,no,"no (EMPTY)"
420,24494,2,closed,"2023-10-28 00:00:00",15:14:44,"2023-10-28 00:00:00",17:43,0,1736,no,no,"no (EMPTY)"
419,24493,2,closed,"2023-10-28 00:00:00",13:34:00,"2023-10-28 00:00:00",16:09,1,1768,no,no,"no (EMPTY)"
426,24527,2,closed,"2023-10-29 00:00:00",21:37:00,"2023-11-03 00:00:00",10:47,5,1760,no,no,"no (EMPTY)"
425,24526,2,closed,"2023-10-29 00:00:00",15:24:00,"2023-11-02 00:00:00",19:10,4,1715,no,no,"no (EMPTY)"
424,24525,2,closed,"2023-10-29 00:00:00",14:18:00,"2023-10-30 00:00:00",13:06,1,1776,no,no,"no (EMPTY)"
423,24524,2,closed,"2023-10-29 00:00:00",11:19:00,"2023-10-29 00:00:00",13:20:00,0,1706,no,no,"no (EMPTY)"
431,24548,2,closed,"2023-10-30 00:00:00",20:55:00,"2023-12-15 00:00:00",01:08:00,46,1745,no,no,"no (EMPTY)"
430,24547,2,closed,"2023-10-30 00:00:00",19:54:00,"2023-10-31 00:00:00",23:57:00,2,1823,no,no,"no (EMPTY)"
429,24536,2,closed,"2023-10-30 00:00:00",17:28:00,"2023-10-31 00:00:00",19:13:00,1,1781,no,no,"no (EMPTY)"
428,24535,2,closed,"2023-10-30 00:00:00",16:39:00,"2023-11-01 00:00:00",18:58,2,1734,no,no,"no (EMPTY)"
427,24531,2,closed,"2023-10-30 00:00:00",11:46:00,"2023-11-01 00:00:00",20:58:00,3,1742,no,no,"no (EMPTY)"
437,24566,2,closed,"2023-10-31 00:00:00",12:16:00,"2023-11-15 00:00:00",17:58:00,16,1768,no,no,"no (EMPTY)"
436,24565,2,closed,"2023-10-31 00:00:00",18:12,"2023-11-11 00:00:00",21:33:00,12,1795,no,no,"no (EMPTY)"
435,24562,2,closed,"2023-10-31 00:00:00",17:33,"2023-10-31 00:00:00",21:52:00,1,1718,no,no,"no (EMPTY)"
434,24561,2,closed,"2023-10-31 00:00:00",17:00:00,"2023-11-02 00:00:00",14:51,2,1743,no,no,"no (EMPTY)"
433,24555,2,closed,"2023-10-31 00:00:00",14:27:00,"2023-10-31 00:00:00",16:52:00,0,1794,no,no,"no (EMPTY)"
432,24554,2,closed,"2023-10-31 00:00:00",13:38:00,"2023-11-01 00:00:00",16:34:00,2,1818,no,no,"no (EMPTY)"
438,24568,2,closed,"2023-11-01 00:00:00",12:02:00,"2023-11-11 00:00:00",23:35:00,11,1717,no,no,"no (EMPTY)"
441,24584,2,closed,"2023-11-02 00:00:00",13:20:00,"2023-11-03 00:00:00",10:36,1,1720,no,no,"no (EMPTY)"
440,24583,2,closed,"2023-11-02 00:00:00",10:33:00,"2023-11-02 00:00:00",15:49,1,1789,no,no,"no (EMPTY)"
439,24582,2,closed,"2023-11-02 00:00:00",11:28:00,"2023-11-02 00:00:00",13:10:00,0,1794,no,no,"no (EMPTY)"
445,24596,2,closed,"2023-11-02 00:00:00",19:31:00,"2023-11-04 00:00:00",09:46,2,1777,no,no,"no (EMPTY)"
444,24595,2,closed,"2023-11-02 00:00:00",17:15:00,"2023-11-04 00:00:00",22:12:00,3,1803,no,no,"no (EMPTY)"
443,24594,2,closed,"2023-11-02 00:00:00",15:03:00,"2023-11-05 00:00:00",17:28:00,3,1737,no,no,"no (EMPTY)"
442,24587,2,closed,"2023-11-02 00:00:00",15:03:00,"2023-11-12 00:00:00",17:12,10,1731,no,no,"no (EMPTY)"
449,24610,2,closed,"2023-11-03 00:00:00",14:28:00,"2023-11-03 00:00:00",21:26:00,1,1834,no,no,"no (EMPTY)"
448,24609,2,closed,"2023-11-03 00:00:00",12:37:00,"2023-11-04 00:00:00",21:12:00,3,1755,no,no,"no (EMPTY)"
447,24608,2,closed,"2023-11-03 00:00:00",12:20:00,"2023-11-04 00:00:00",11:53:00,1,1784,no,no,"no (EMPTY)"
446,24607,2,closed,"2023-11-03 00:00:00",10:51:00,"2023-11-03 00:00:00",20:04:00,1,1802,no,no,"no (EMPTY)"
450,24616,2,closed,"2023-11-04 00:00:00",10:50:00,"2023-11-04 00:00:00",15:58,1,1809,no,no,"no (EMPTY)"
451,24631,2,closed,"2023-11-05 00:00:00",11:55:00,"2023-11-06 00:00:00",12:50:00,1,1794,no,no,"no (EMPTY)"
457,24659,2,closed,"2023-11-06 00:00:00",19:00:00,"2023-11-11 00:00:00",21:15:00,5,1829,no,no,"no (EMPTY)"
456,24647,2,closed,"2023-11-06 00:00:00",16:11:42,"2023-11-07 00:00:00",13:11:00,1,1733,no,no,"no (EMPTY)"
455,24646,2,closed,"2023-11-06 00:00:00",13:10:00,"2023-11-08 00:00:00",23:23:00,3,1704,no,no,"no (EMPTY)"
454,24645,2,closed,"2023-11-06 00:00:00",12:57:00,"2023-11-07 00:00:00",21:03:00,2,1817,no,no,"no (EMPTY)"
453,24644,2,closed,"2023-11-06 00:00:00",11:08:00,"2023-11-08 00:00:00",18:21,3,1828,no,no,"no (EMPTY)"
452,24643,2,closed,"2023-11-06 00:00:00",11:00:00,"2023-11-07 00:00:00",10:06,1,1799,no,no,"no (EMPTY)"
460,24672,2,closed,"2023-11-07 00:00:00",19:48:00,"2023-11-08 00:00:00",00:18:00,1,1702,no,no,"no (EMPTY)"
459,24661,2,closed,"2023-11-07 00:00:00",14:58:00,"2023-11-09 00:00:00",16:05,2,1834,no,no,"no (EMPTY)"
458,24660,2,closed,"2023-11-07 00:00:00",13:52:00,"2023-11-08 00:00:00",11:11,1,1742,no,no,"no (EMPTY)"
463,24687,2,closed,"2023-11-08 00:00:00",21:35:00,"2023-11-10 00:00:00",14:37:00,2,1746,no,no,"no (EMPTY)"
462,24686,2,closed,"2023-11-08 00:00:00",19:02:00,"2023-11-09 00:00:00",16:20:00,1,1760,no,no,"no (EMPTY)"
461,24675,2,closed,"2023-11-08 00:00:00",11:29:00,"2023-11-09 00:00:00",13:05:00,1,1740,no,no,"no (EMPTY)"
465,24695,2,closed,"2023-11-09 00:00:00",13:22:04,"2023-11-10 00:00:00",01:19,1,1762,no,no,"no (EMPTY)"
464,24694,2,closed,"2023-11-09 00:00:00",13:15:42,"2023-11-09 00:00:00",17:05,1,1831,no,no,"no (EMPTY)"
467,24713,2,closed,"2023-11-10 00:00:00",17:47:00,"2023-11-10 00:00:00",21:04:00,1,1823,no,no,"no (EMPTY)"
466,24712,2,closed,"2023-11-10 00:00:00",12:46:00,"2023-11-11 00:00:00",15:33:00,2,1776,no,no,"no (EMPTY)"
472,24736,2,closed,"2023-11-11 00:00:00",21:49:00,"2023-11-12 00:00:00",14:16:00,1,1738,no,no,"no (EMPTY)"
471,24721,2,closed,"2023-11-11 00:00:00",14:43:50,"2023-11-14 00:00:00",16:47:00,3,1803,no,no,"no (EMPTY)"
470,24720,2,closed,"2023-11-11 00:00:00",14:38:02,"2023-11-11 00:00:00",16:07:00,0,1763,no,no,"no (EMPTY)"
469,24719,2,closed,"2023-11-11 00:00:00",12:52:00,"2023-11-15 00:00:00",01:22:00,4,1743,no,no,"no (EMPTY)"
468,24718,2,closed,"2023-11-11 00:00:00",11:51:00,"2023-11-11 00:00:00",12:49:00,0,1720,no,no,"no (EMPTY)"
473,24745,2,closed,"2023-11-12 00:00:00",13:32:00,"2023-11-13 00:00:00",19:52:00,2,1742,no,no,"no (EMPTY)"
477,24761,2,closed,"2023-11-13 00:00:00",17:55:11,"2023-11-14 00:00:00",20:39:00,2,1784,no,no,"no (EMPTY)"
476,24757,2,closed,"2023-11-13 00:00:00",15:02:00,"2023-11-13 00:00:00",17:12:00,0,1697,no,no,"no (EMPTY)"
475,24756,2,closed,"2023-11-13 00:00:00",12:06:27,"2023-11-13 00:00:00",14:59:00,0,1793,no,no,"no (EMPTY)"
474,24755,2,closed,"2023-11-13 00:00:00",11:29:00,"2023-11-18 00:00:00",20:22:00,6,1718,no,no,"no (EMPTY)"
485,24803,2,closed,"2023-11-14 00:00:00",23:59:00,"2023-11-27 00:00:00",21:05:00,13,1848,no,no,"no (EMPTY)"
484,24802,2,closed,"2023-11-14 00:00:00",18:09:00,"2023-11-18 00:00:00",00:33:00,4,1812,no,no,"no (EMPTY)"
575,25201,2,closed,"2023-11-14 00:00:00",17:33:00,"2024-02-10 00:00:00",21:55,89,1835,no,no,"no (EMPTY)"
480,24785,2,closed,"2023-11-14 00:00:00",21:19,"2023-11-15 00:00:00",16:13,1,1733,no,no,"no (EMPTY)"
479,24784,2,closed,"2023-11-14 00:00:00",20:08:00,"2023-11-15 00:00:00",19:22:00,1,1750,no,no,"no (EMPTY)"
478,24767,2,closed,"2023-11-14 00:00:00",00:29:00,"2023-11-15 00:00:00",15:30,2,1809,no,no,"no (EMPTY)"
483,24800,2,closed,"2023-11-15 00:00:00",19:24:00,"2023-11-16 00:00:00",00:52:00,1,1702,no,no,"no (EMPTY)"
482,24799,2,closed,"2023-11-15 00:00:00",18:18:00,"2023-11-15 00:00:00",21:45:00,1,1833,no,no,"no (EMPTY)"
481,24788,2,closed,"2023-11-15 00:00:00",12:35:00,"2023-11-15 00:00:00",18:05,0,1748,no,no,"no (EMPTY)"
577,25204,2,closed,"2023-11-15 00:00:00",17:39:00,"2023-12-09 00:00:00",23:30:00,25,1843,no,no,"no (EMPTY)"
501,24894,2,closed,"2023-11-15 00:00:00",11:24:00,"2023-12-08 00:00:00",09:47:00,23,1841,no,no,"no (EMPTY)"
489,24818,2,closed,"2023-11-16 00:00:00",18:39:00,"2023-11-17 00:00:00",12:32,1,1836,no,no,"no (EMPTY)"
488,24810,2,closed,"2023-11-16 00:00:00",17:08:00,"2023-11-16 00:00:00",21:00:00,1,1704,no,no,"no (EMPTY)"
487,24806,2,closed,"2023-11-16 00:00:00",11:25:00,"2023-11-17 00:00:00",10:29,1,1801,no,no,"no (EMPTY)"
486,24804,2,closed,"2023-11-16 00:00:00",00:57:00,"2023-11-29 00:00:00",22:54,13,1837,no,no,"no (EMPTY)"
517,24940,2,closed,"2023-11-16 00:00:00",10:04:00,"2023-11-27 00:00:00",19:56,12,1839,no,no,"no (EMPTY)"
491,24832,2,closed,"2023-11-17 00:00:00",11:19:00,"2023-11-17 00:00:00",13:50:00,0,1833,no,no,"no (EMPTY)"
490,24830,2,closed,"2023-11-17 00:00:00",15:09:00,"2023-11-18 00:00:00",19:18:00,2,1731,no,no,"no (EMPTY)"
495,24849,2,closed,"2023-11-18 00:00:00",18:02:35,"2023-11-18 00:00:00",23:40:00,1,1794,no,no,"no (EMPTY)"
494,24846,2,closed,"2023-11-18 00:00:00",17:40:53,"2023-11-18 00:00:00",19:28:00,0,1697,no,no,"no (EMPTY)"
493,24843,2,closed,"2023-11-18 00:00:00",13:56:00,"2023-11-18 00:00:00",16:14,1,1761,no,no,"no (EMPTY)"
492,24842,2,closed,"2023-11-18 00:00:00",12:40:01,"2023-11-18 00:00:00",18:48:00,1,1782,no,no,"no (EMPTY)"
497,24869,2,closed,"2023-11-19 00:00:00",21:00:00,"2023-11-20 00:00:00",02:06,1,1817,no,no,"no (EMPTY)"
496,24861,2,closed,"2023-11-19 00:00:00",16:44:00,"2023-11-19 00:00:00",20:40:00,1,1833,no,no,"no (EMPTY)"
498,24871,2,closed,"2023-11-20 00:00:00",11:08:00,"2023-11-20 00:00:00",13:16:00,0,1750,no,no,"no (EMPTY)"
500,24892,2,closed,"2023-11-20 00:00:00",21:35:00,"2023-11-21 00:00:00",22:30:00,1,1733,no,no,"no (EMPTY)"
499,24879,2,closed,"2023-11-20 00:00:00",15:47:00,"2023-11-20 00:00:00",19:15:00,1,1763,no,no,"no (EMPTY)"
511,24917,2,closed,"2023-11-21 00:00:00",21:24:00,"2023-11-29 00:00:00",13:46,8,1736,no,no,"no (EMPTY)"
510,24916,2,closed,"2023-11-21 00:00:00",20:18:00,"2023-11-24 00:00:00",16:55,3,1814,no,no,"no (EMPTY)"
509,24915,2,closed,"2023-11-21 00:00:00",22:43:00,"2023-11-24 00:00:00",03:02:00,3,1755,no,no,"no (EMPTY)"
508,24906,2,closed,"2023-11-21 00:00:00",18:07:32,"2023-11-23 00:00:00",14:00,2,1746,no,no,"no (EMPTY)"
507,24905,2,closed,"2023-11-21 00:00:00",17:27:00,"2023-11-24 00:00:00",01:24,3,1829,no,no,"no (EMPTY)"
506,24904,2,closed,"2023-11-21 00:00:00",16:26:00,"2023-11-21 00:00:00",18:02,0,1720,no,no,"no (EMPTY)"
505,24903,2,closed,"2023-11-21 00:00:00",16:06:00,"2023-11-28 00:00:00",19:53:00,8,1758,no,no,"no (EMPTY)"
504,24901,2,closed,"2023-11-21 00:00:00",15:21:00,"2023-11-21 00:00:00",21:01:00,1,1793,no,no,"no (EMPTY)"
503,24900,2,closed,"2023-11-21 00:00:00",13:19:00,"2023-11-22 00:00:00",19:42,2,1834,no,no,"no (EMPTY)"
502,24899,2,closed,"2023-11-21 00:00:00",13:45:00,"2023-11-21 00:00:00",17:13,1,1836,no,no,"no (EMPTY)"
518,24941,2,closed,"2023-11-22 00:00:00",23:00:00,"2023-11-27 00:00:00",10:40,5,1812,no,no,"no (EMPTY)"
514,24930,2,closed,"2023-11-22 00:00:00",19:38:00,"2023-11-24 00:00:00",13:08:00,2,1717,no,no,"no (EMPTY)"
513,24920,2,closed,"2023-11-22 00:00:00",11:27:00,"2023-11-22 00:00:00",14:42,1,1749,no,no,"no (EMPTY)"
512,24919,2,closed,"2023-11-22 00:00:00",13:19:16,"2023-11-22 00:00:00",21:24:00,1,1776,no,no,"no (EMPTY)"
516,24939,2,closed,"2023-11-23 00:00:00",14:17:00,"2023-11-28 00:00:00",21:34:00,6,1743,no,no,"no (EMPTY)"
515,24936,2,closed,"2023-11-23 00:00:00",10:49:00,"2023-11-23 00:00:00",17:54,1,1729,no,no,"no (EMPTY)"
523,24972,2,closed,"2023-11-24 00:00:00",21:35:00,"2023-11-27 00:00:00",15:39,3,1784,no,no,"no (EMPTY)"
522,24971,2,closed,"2023-11-24 00:00:00",18:15:00,"2023-11-27 00:00:00",15:07,3,1769,no,no,"no (EMPTY)"
521,24970,2,closed,"2023-11-24 00:00:00",14:44:00,"2023-11-24 00:00:00",16:42:00,0,1820,no,no,"no (EMPTY)"
520,24969,2,closed,"2023-11-24 00:00:00",14:32:00,"2023-11-24 00:00:00",20:16:00,1,1742,no,no,"no (EMPTY)"
519,24968,2,closed,"2023-11-24 00:00:00",10:35:00,"2023-11-25 00:00:00",23:55:00,2,1731,no,no,"no (EMPTY)"
576,25202,2,closed,"2023-11-25 00:00:00",17:36:00,"2023-12-23 00:00:00",15:04:00,28,1840,no,no,"no (EMPTY)"
574,25200,2,closed,"2023-11-25 00:00:00",17:16:00,"2023-12-31 00:00:00",14:12,36,1791,no,no,"no (EMPTY)"
525,24996,2,closed,"2023-11-26 00:00:00",17:57:19,"2023-11-28 00:00:00",15:08,2,1788,no,no,"no (EMPTY)"
524,24993,2,closed,"2023-11-26 00:00:00",13:56:00,"2023-11-26 00:00:00",23:23,1,1780,no,no,"no (EMPTY)"
529,25020,2,closed,"2023-11-27 00:00:00",20:20:00,"2023-11-28 00:00:00",18:35:00,1,1820,no,no,"no (EMPTY)"
528,25019,2,closed,"2023-11-27 00:00:00",18:37:00,"2023-11-28 00:00:00",13:42,1,1794,no,no,"no (EMPTY)"
527,25008,2,closed,"2023-11-27 00:00:00",14:35:02,"2023-11-27 00:00:00",19:57:00,1,1767,no,no,"no (EMPTY)"
526,25007,2,closed,"2023-11-27 00:00:00",13:54:00,"2023-11-27 00:00:00",19:06:00,1,1804,no,no,"no (EMPTY)"
535,25030,2,closed,"2023-11-28 00:00:00",16:59:12,"2023-12-01 00:00:00",21:08:00,4,1754,no,no,"no (EMPTY)"
534,25029,2,closed,"2023-11-28 00:00:00",16:47:28,"2023-11-30 00:00:00",12:57,2,1755,no,no,"no (EMPTY)"
533,25028,2,closed,"2023-11-28 00:00:00",16:05:00,"2023-11-30 00:00:00",10:37,2,1742,no,no,"no (EMPTY)"
532,25027,2,closed,"2023-11-28 00:00:00",15:01:08,"2023-12-01 00:00:00",21:48,3,1776,no,no,"no (EMPTY)"
531,25026,2,closed,"2023-11-28 00:00:00",12:51:00,"2023-11-28 00:00:00",19:00:00,1,1737,no,no,"no (EMPTY)"
530,25023,2,closed,"2023-11-28 00:00:00",11:16:00,"2023-11-28 00:00:00",19:49:00,1,1729,no,no,"no (EMPTY)"
540,25055,2,closed,"2023-11-29 00:00:00",20:37:00,"2023-11-30 00:00:00",20:22:00,1,1828,no,no,"no (EMPTY)"
539,25045,2,closed,"2023-11-29 00:00:00",15:39:00,"2023-12-02 00:00:00",19:57:00,4,1829,no,no,"no (EMPTY)"
538,25044,2,closed,"2023-11-29 00:00:00",13:15:00,"2023-11-30 00:00:00",21:58:00,2,1801,no,no,"no (EMPTY)"
537,25040,2,closed,"2023-11-29 00:00:00",11:27:00,"2023-11-29 00:00:00",17:24:00,1,1795,no,no,"no (EMPTY)"
536,25037,2,closed,"2023-11-29 00:00:00",10:22:00,"2023-11-30 00:00:00",10:35,1,1834,no,no,"no (EMPTY)"
546,25094,2,closed,"2023-11-30 00:00:00",21:33:00,"2023-12-02 00:00:00",14:29,2,1704,no,no,"no (EMPTY)"
545,25065,2,closed,"2023-11-30 00:00:00",16:54:36,"2023-12-01 00:00:00",23:38:00,2,1749,no,no,"no (EMPTY)"
544,25062,2,closed,"2023-11-30 00:00:00",14:45:25,"2023-11-30 00:00:00",20:25:00,1,1762,no,no,"no (EMPTY)"
543,25060,2,closed,"2023-11-30 00:00:00",13:36:00,"2023-11-30 00:00:00",16:46,1,1717,no,no,"no (EMPTY)"
542,25059,2,closed,"2023-11-30 00:00:00",12:57:54,"2023-12-01 00:00:00",12:37,1,1799,no,no,"no (EMPTY)"
541,25058,2,closed,"2023-11-30 00:00:00",10:47:00,"2023-12-01 00:00:00",16:57,2,1775,no,no,"no (EMPTY)"
551,25099,2,closed,"2023-12-01 00:00:00",21:20:00,"2023-12-02 00:00:00",22:49:00,1,1833,no,no,"no (EMPTY)"
550,25098,2,closed,"2023-12-01 00:00:00",15:24:00,"2023-12-01 00:00:00",16:46:00,0,1817,no,no,"no (EMPTY)"
549,25097,2,closed,"2023-12-01 00:00:00",14:51:00,"2023-12-06 00:00:00",23:28:00,6,1755,no,no,"no (EMPTY)"
548,25096,2,closed,"2023-12-01 00:00:00",12:15:00,"2023-12-01 00:00:00",23:35:00,1,1821,no,no,"no (EMPTY)"
547,25095,2,closed,"2023-12-01 00:00:00",10:35:00,"2023-12-01 00:00:00",23:30:00,1,1717,no,no,"no (EMPTY)"
557,25120,2,closed,"2023-12-02 00:00:00",22:58:00,"2023-12-05 00:00:00",21:20:00,3,1848,no,no,"no (EMPTY)"
556,25119,2,closed,"2023-12-02 00:00:00",23:29:00,"2023-12-20 00:00:00",22:04:00,18,1844,no,no,"no (EMPTY)"
555,25110,2,closed,"2023-12-02 00:00:00",17:10:05,"2023-12-02 00:00:00",21:54:00,1,1809,no,no,"no (EMPTY)"
554,25105,2,closed,"2023-12-02 00:00:00",14:44:33,"2023-12-02 00:00:00",22:48:00,1,1837,no,no,"no (EMPTY)"
553,25104,2,closed,"2023-12-02 00:00:00",14:42:36,"2023-12-02 00:00:00",18:20:00,1,1815,no,no,"no (EMPTY)"
552,25103,2,closed,"2023-12-02 00:00:00",14:28:55,"2023-12-03 00:00:00",21:58:00,2,1836,no,no,"no (EMPTY)"
564,25148,2,closed,"2023-12-04 00:00:00",21:36:00,"2023-12-09 00:00:00",10:52:00,5,1706,no,no,"no (EMPTY)"
563,25147,2,closed,"2023-12-04 00:00:00",20:22:00,"2023-12-05 00:00:00",21:11:00,1,1839,no,no,"no (EMPTY)"
562,25146,2,closed,"2023-12-04 00:00:00",19:21:00,"2023-12-04 00:00:00",21:08:00,0,1775,no,no,"no (EMPTY)"
561,25140,2,closed,"2023-12-04 00:00:00",16:08:09,"2023-12-04 00:00:00",21:18:00,1,1780,no,no,"no (EMPTY)"
560,25139,2,closed,"2023-12-04 00:00:00",15:13:00,"2023-12-04 00:00:00",18:39:00,1,1812,no,no,"no (EMPTY)"
559,25137,2,closed,"2023-12-04 00:00:00",14:05:44,"2023-12-06 00:00:00",12:56,2,1808,no,no,"no (EMPTY)"
558,25132,2,closed,"2023-12-04 00:00:00",10:19:00,"2023-12-04 00:00:00",13:56,1,1698,no,no,"no (EMPTY)"
578,25205,2,closed,"2023-12-05 00:00:00",17:41:00,"2024-02-13 00:00:00",20:58,71,1806,no,no,"no (EMPTY)"
566,25151,2,closed,"2023-12-05 00:00:00",16:38:05,"2023-12-10 00:00:00",16:12:00,5,1763,no,no,"no (EMPTY)"
565,25150,2,closed,"2023-12-05 00:00:00",14:56:00,"2023-12-10 00:00:00",18:44:00,6,1796,no,no,"no (EMPTY)"
569,25173,2,closed,"2023-12-06 00:00:00",20:11:00,"2023-12-26 00:00:00",23:03:00,21,1829,no,no,"no (EMPTY)"
568,25162,2,closed,"2023-12-06 00:00:00",14:29:00,"2023-12-07 00:00:00",09:58,1,1736,no,no,"no (EMPTY)"
567,25157,2,closed,"2023-12-06 00:00:00",10:59:00,"2023-12-06 00:00:00",14:00,1,1795,no,no,"no (EMPTY)"
573,25183,2,closed,"2023-12-07 00:00:00",17:37:51,"2023-12-08 00:00:00",20:23:00,2,1758,no,no,"no (EMPTY)"
572,25179,2,closed,"2023-12-07 00:00:00",14:13:37,"2023-12-11 00:00:00",15:53:00,4,1765,no,no,"no (EMPTY)"
571,25178,2,closed,"2023-12-07 00:00:00",12:15:00,"2023-12-09 00:00:00",23:15:00,3,1740,no,no,"no (EMPTY)"
570,25177,2,closed,"2023-12-07 00:00:00",11:10:00,"2023-12-08 00:00:00",12:17:00,1,1830,no,no,"no (EMPTY)"
583,25214,2,closed,"2023-12-08 00:00:00",20:24:00,"2023-12-09 00:00:00",01:49:00,1,1817,no,no,"no (EMPTY)"
582,25213,2,closed,"2023-12-08 00:00:00",15:48:00,"2023-12-10 00:00:00",21:41:00,3,1833,no,no,"no (EMPTY)"
581,25212,2,closed,"2023-12-08 00:00:00",17:20:00,"2023-12-09 00:00:00",17:53,1,1823,no,no,"no (EMPTY)"
580,25211,2,closed,"2023-12-08 00:00:00",12:55:00,"2023-12-08 00:00:00",17:01:00,1,1777,no,no,"no (EMPTY)"
579,25210,2,closed,"2023-12-08 00:00:00",11:20:00,"2023-12-12 00:00:00",13:44,4,1841,no,no,"no (EMPTY)"
585,25221,2,closed,"2023-12-09 00:00:00",16:11:00,"2023-12-09 00:00:00",23:22:00,1,1737,no,no,"no (EMPTY)"
584,25220,2,closed,"2023-12-09 00:00:00",16:26:28,"2023-12-10 00:00:00",17:13,1,1789,no,no,"no (EMPTY)"
587,25242,2,closed,"2023-12-10 00:00:00",18:20:00,"2023-12-10 00:00:00",21:43:00,1,1781,no,no,"no (EMPTY)"
586,25232,2,closed,"2023-12-10 00:00:00",14:50:00,"2023-12-10 00:00:00",20:05:00,1,1784,no,no,"no (EMPTY)"
597,25266,2,closed,"2023-12-11 00:00:00",22:20:00,"2023-12-12 00:00:00",13:19,1,1743,no,no,"no (EMPTY)"
594,25260,2,closed,"2023-12-11 00:00:00",23:59:00,"2023-12-28 00:00:00",14:09,17,1834,no,no,"no (EMPTY)"
593,25254,2,closed,"2023-12-11 00:00:00",16:50:00,"2023-12-11 00:00:00",23:45:00,1,1801,no,no,"no (EMPTY)"
592,25253,2,closed,"2023-12-11 00:00:00",23:46,"2023-12-11 00:00:00",17:50,0,1801,no,no,"no (EMPTY)"
591,25252,2,closed,"2023-12-11 00:00:00",16:32:19,"2023-12-12 00:00:00",16:40:00,1,1697,no,no,"no (EMPTY)"
590,25250,2,closed,"2023-12-11 00:00:00",14:27:00,"2023-12-11 00:00:00",16:19,0,1812,no,no,"no (EMPTY)"
589,25246,2,closed,"2023-12-11 00:00:00",12:27:00,"2023-12-11 00:00:00",13:58,0,1733,no,no,"no (EMPTY)"
588,25243,2,closed,"2023-12-11 00:00:00",10:25:00,"2023-12-11 00:00:00",11:55,0,1712,no,no,"no (EMPTY)"
603,25276,2,closed,"2023-12-12 00:00:00",18:02:23,"2023-12-14 00:00:00",13:38,2,1704,no,no,"no (EMPTY)"
602,25275,2,closed,"2023-12-12 00:00:00",17:33:45,"2023-12-19 00:00:00",13:15,7,1796,no,no,"no (EMPTY)"
601,25274,2,closed,"2023-12-12 00:00:00",16:56:41,"2023-12-14 00:00:00",13:29,2,1799,no,no,"no (EMPTY)"
600,25273,2,closed,"2023-12-12 00:00:00",16:54:56,"2023-12-13 00:00:00",21:11,2,1776,no,no,"no (EMPTY)"
599,25271,2,closed,"2023-12-12 00:00:00",14:45:41,"2023-12-12 00:00:00",17:52,1,1702,no,no,"no (EMPTY)"
598,25267,2,closed,"2023-12-12 00:00:00",18:31,"2023-12-14 00:00:00",17:40,3,1736,no,no,"no (EMPTY)"
596,25262,2,closed,"2023-12-12 00:00:00",11:50:00,"2023-12-13 00:00:00",15:00,2,1734,no,no,"no (EMPTY)"
595,25261,2,closed,"2023-12-12 00:00:00",11:08:03,"2023-12-13 00:00:00",02:07,1,1802,no,no,"no (EMPTY)"
609,25306,2,closed,"2023-12-13 00:00:00",18:55:00,"2023-12-16 00:00:00",21:13,3,1758,no,no,"no (EMPTY)"
608,25296,2,closed,"2023-12-13 00:00:00",17:40:15,"2023-12-15 00:00:00",01:25:00,2,1763,no,no,"no (EMPTY)"
607,25293,2,closed,"2023-12-13 00:00:00",15:22:00,"2023-12-16 00:00:00",01:41:00,3,1748,no,no,"no (EMPTY)"
606,25289,2,closed,"2023-12-13 00:00:00",13:52:42,"2023-12-14 00:00:00",10:42,1,1757,no,no,"no (EMPTY)"
605,25288,5,closed,"2023-12-13 00:00:00",13:25:00,"2023-12-13 00:00:00",13:25:00,0,1754,yes,yes,"no (EMPTY)"
604,25284,2,closed,"2023-12-13 00:00:00",10:38:42,"2023-12-15 00:00:00",17:37:00,3,1697,no,no,"no (EMPTY)"
614,25317,2,closed,"2023-12-14 00:00:00",15:33:00,"2023-12-17 00:00:00",18:45:00,4,1733,no,no,"no (EMPTY)"
613,25315,2,closed,"2023-12-14 00:00:00",15:42:50,"2023-12-21 00:00:00",22:59,7,1706,no,no,"no (EMPTY)"
612,25313,2,closed,"2023-12-14 00:00:00",14:43:00,"2023-12-15 00:00:00",21:55:00,2,1738,no,no,"no (EMPTY)"
611,25312,2,closed,"2023-12-14 00:00:00",15:19:00,"2023-12-14 00:00:00",17:37,0,1720,no,no,"no (EMPTY)"
610,25310,2,closed,"2023-12-14 00:00:00",11:50:53,"2023-12-15 00:00:00",15:41:00,2,1767,no,no,"no (EMPTY)"
616,25342,2,closed,"2023-12-15 00:00:00",16:12:00,"2023-12-17 00:00:00",14:03:00,2,1833,no,no,"no (EMPTY)"
615,25326,2,closed,"2023-12-15 00:00:00",10:13:00,"2023-12-20 00:00:00",20:58:00,6,1754,no,no,"no (EMPTY)"
621,25350,2,closed,"2023-12-16 00:00:00",15:17:27,"2023-12-17 00:00:00",17:14,1,1772,no,no,"no (EMPTY)"
620,25348,2,closed,"2023-12-16 00:00:00",13:47:21,"2023-12-19 00:00:00",14:46,3,1730,no,no,"no (EMPTY)"
619,25347,2,closed,"2023-12-16 00:00:00",11:42:00,"2023-12-16 00:00:00",16:17:00,1,1740,no,no,"no (EMPTY)"
618,25346,2,closed,"2023-12-16 00:00:00",12:26:00,"2023-12-17 00:00:00",01:04:00,1,1760,no,no,"no (EMPTY)"
617,25345,2,closed,"2023-12-16 00:00:00",12:15:00,"2023-12-18 00:00:00",00:46:00,2,1802,no,no,"no (EMPTY)"
625,25376,2,closed,"2023-12-17 00:00:00",18:15:00,"2023-12-17 00:00:00",21:49:00,1,1848,no,no,"no (EMPTY)"
624,25363,2,closed,"2023-12-17 00:00:00",17:44:02,"2023-12-19 00:00:00",12:12:00,2,1789,no,no,"no (EMPTY)"
623,25361,2,closed,"2023-12-17 00:00:00",13:44:24,"2023-12-17 00:00:00",21:51,1,1787,no,no,"no (EMPTY)"
622,25360,2,closed,"2023-12-17 00:00:00",11:41:00,"2023-12-17 00:00:00",13:13,0,1715,no,no,"no (EMPTY)"
627,25379,2,closed,"2023-12-18 00:00:00",12:17:00,"2023-12-18 00:00:00",15:18,1,1799,no,no,"no (EMPTY)"
626,25378,2,closed,"2023-12-18 00:00:00",10:51:00,"2023-12-18 00:00:00",13:26:00,1,1798,no,no,"no (EMPTY)"
629,25394,2,closed,"2023-12-18 00:00:00",18:17:00,"2023-12-18 00:00:00",20:15:00,1,1759,no,no,"no (EMPTY)"
628,25388,2,closed,"2023-12-18 00:00:00",10:51:00,"2023-12-18 00:00:00",18:11:00,1,1760,no,no,"no (EMPTY)"
636,25412,2,closed,"2023-12-19 00:00:00",17:35:00,"2023-12-21 00:00:00",13:12,2,1730,no,no,"no (EMPTY)"
635,25410,2,closed,"2023-12-19 00:00:00",15:50:51,"2023-12-24 00:00:00",13:58,5,1760,no,no,"no (EMPTY)"
634,25409,2,closed,"2023-12-19 00:00:00",15:44:31,"2023-12-22 00:00:00",19:34:00,4,1796,no,no,"no (EMPTY)"
633,25408,2,closed,"2023-12-19 00:00:00",13:50:00,"2023-12-20 00:00:00",20:08:00,2,1720,no,no,"no (EMPTY)"
632,25407,2,closed,"2023-12-19 00:00:00",13:42,"2023-12-19 00:00:00",15:27,0,1784,no,no,"no (EMPTY)"
631,25405,2,closed,"2023-12-19 00:00:00",12:50:00,"2023-12-20 00:00:00",15:36,2,1817,no,no,"no (EMPTY)"
630,25402,2,closed,"2023-12-19 00:00:00",10:41:00,"2023-12-20 00:00:00",17:10:00,2,1733,no,no,"no (EMPTY)"
642,25438,2,closed,"2023-12-20 00:00:00",21:09:00,"2023-12-20 00:00:00",23:03:00,0,1848,no,no,"no (EMPTY)"
641,25434,2,closed,"2023-12-20 00:00:00",16:15:00,"2023-12-21 00:00:00",22:30:00,2,1752,no,no,"no (EMPTY)"
640,25433,2,closed,"2023-12-20 00:00:00",17:50:00,"2023-12-22 00:00:00",20:07:00,3,1805,no,no,"no (EMPTY)"
639,25432,2,closed,"2023-12-20 00:00:00",17:50:23,"2023-12-21 00:00:00",17:03,1,1748,no,no,"no (EMPTY)"
638,25428,2,closed,"2023-12-20 00:00:00",15:40:19,"2023-12-21 00:00:00",20:13,2,1810,no,no,"no (EMPTY)"
637,25423,2,closed,"2023-12-20 00:00:00",13:13:00,"2023-12-21 00:00:00",10:11:00,1,1819,no,no,"no (EMPTY)"
646,25472,2,closed,"2023-12-21 00:00:00",21:33:00,"2023-12-22 00:00:00",00:18:00,1,1736,no,no,"no (EMPTY)"
645,25449,2,closed,"2023-12-21 00:00:00",13:15:27,"2023-12-21 00:00:00",22:22:00,1,1713,no,no,"no (EMPTY)"
644,25448,2,closed,"2023-12-21 00:00:00",13:11:00,"2023-12-21 00:00:00",23:40,1,1812,no,no,"no (EMPTY)"
643,25446,2,closed,"2023-12-21 00:00:00",11:19:00,"2023-12-21 00:00:00",16:14,1,1762,no,no,"no (EMPTY)"
649,25480,2,closed,"2023-12-22 00:00:00",20:47:38,"2023-12-22 00:00:00",22:13:00,0,1730,no,no,"no (EMPTY)"
648,25479,2,closed,"2023-12-22 00:00:00",17:40:00,"2023-12-22 00:00:00",21:53:00,1,1809,no,no,"no (EMPTY)"
647,25477,2,closed,"2023-12-22 00:00:00",17:19:00,"2023-12-22 00:00:00",21:37:00,1,1844,no,no,"no (EMPTY)"
654,25507,2,closed,"2023-12-23 00:00:00",22:04:00,"2023-12-30 00:00:00",17:50,7,1758,no,no,"no (EMPTY)"
653,25497,2,closed,"2023-12-23 00:00:00",16:12:02,"2023-12-23 00:00:00",22:10:00,1,1840,no,no,"no (EMPTY)"
652,25496,2,closed,"2023-12-23 00:00:00",16:05:00,"2023-12-23 00:00:00",22:17:00,1,1756,no,no,"no (EMPTY)"
651,25492,2,closed,"2023-12-23 00:00:00",13:31:00,"2023-12-24 00:00:00",14:20,1,1770,no,no,"no (EMPTY)"
650,25490,2,closed,"2023-12-23 00:00:00",11:12:00,"2023-12-23 00:00:00",16:03,1,1821,no,no,"no (EMPTY)"
657,25522,2,closed,"2023-12-24 00:00:00",18:41:00,"2024-01-03 00:00:00",00:37:00,10,1770,no,no,"no (EMPTY)"
663,25541,2,closed,"2023-12-25 00:00:00",21:50:44,"2023-12-26 00:00:00",14:10,1,1809,no,no,"no (EMPTY)"
662,25535,2,closed,"2023-12-25 00:00:00",17:59:14,"2023-12-25 00:00:00",22:30,1,1787,no,no,"no (EMPTY)"
661,25533,2,closed,"2023-12-25 00:00:00",16:15:00,"2023-12-26 00:00:00",16:08,1,1743,no,no,"no (EMPTY)"
660,25530,2,closed,"2023-12-25 00:00:00",14:54:09,"2023-12-25 00:00:00",21:10:00,1,1823,no,no,"no (EMPTY)"
659,25528,2,closed,"2023-12-25 00:00:00",13:38:55,"2023-12-25 00:00:00",23:22:00,1,1776,no,no,"no (EMPTY)"
658,25527,5,closed,"2023-12-25 00:00:00",13:07:31,"2023-12-25 00:00:00",13:07:31,0,1746,yes,yes,"no (EMPTY)"
656,25521,2,closed,"2023-12-25 00:00:00",10:50:00,"2023-12-25 00:00:00",13:05,1,1833,no,no,"no (EMPTY)"
655,25520,2,closed,"2023-12-25 00:00:00",10:34:00,"2023-12-25 00:00:00",14:33,1,1734,no,no,"no (EMPTY)"
666,25564,2,closed,"2023-12-26 00:00:00",22:10:54,"2023-12-31 00:00:00",23:32,5,1748,no,no,"no (EMPTY)"
665,25551,2,closed,"2023-12-26 00:00:00",14:58:00,"2023-12-26 00:00:00",21:45:00,1,1817,no,no,"no (EMPTY)"
664,25546,2,closed,"2023-12-26 00:00:00",10:51:00,"2023-12-27 00:00:00",18:51:00,3,1787,no,no,"no (EMPTY)"
671,25582,2,closed,"2023-12-27 00:00:00",21:32:00,"2023-12-28 00:00:00",22:04:00,1,1812,no,no,"no (EMPTY)"
670,25579,2,closed,"2023-12-27 00:00:00",17:32:00,"2023-12-27 00:00:00",19:36:00,0,1718,no,no,"no (EMPTY)"
669,25578,2,closed,"2023-12-27 00:00:00",17:37:08,"2023-12-27 00:00:00",20:03:00,1,1749,no,no,"no (EMPTY)"
668,25577,2,closed,"2023-12-27 00:00:00",17:09:00,"2023-12-28 00:00:00",13:01,1,1817,no,no,"no (EMPTY)"
667,25575,2,closed,"2023-12-27 00:00:00",15:03:41,"2023-12-27 00:00:00",17:15,0,1765,no,no,"no (EMPTY)"
677,25636,2,closed,"2023-12-28 00:00:00",21:29:00,"2024-01-01 00:00:00",12:47:00,4,1784,no,no,"no (EMPTY)"
674,25616,2,closed,"2023-12-28 00:00:00",19:21:00,"2023-12-28 00:00:00",21:10:00,0,1819,no,no,"no (EMPTY)"
673,25592,2,closed,"2023-12-28 00:00:00",15:31:01,"2023-12-29 00:00:00",16:32,1,1834,no,no,"no (EMPTY)"
672,25587,2,closed,"2023-12-28 00:00:00",12:19:00,"2023-12-28 00:00:00",18:51,1,1765,no,no,"no (EMPTY)"
676,25620,2,closed,"2023-12-29 00:00:00",14:19:08,"2023-12-29 00:00:00",21:06,1,1731,no,no,"no (EMPTY)"
675,25619,2,closed,"2023-12-29 00:00:00",13:47:00,"2023-12-29 00:00:00",18:13,1,1733,no,no,"no (EMPTY)"
680,25649,5,closed,"2023-12-30 00:00:00",16:31:11,"2023-12-30 00:00:00",16:31:11,0,1712,yes,yes,"no (EMPTY)"
679,25642,2,closed,"2023-12-30 00:00:00",13:12,"2023-12-30 00:00:00",16:42,1,1819,no,no,"no (EMPTY)"
678,25637,2,closed,"2023-12-30 00:00:00",10:54:00,"2023-12-30 00:00:00",13:41,1,1716,no,no,"no (EMPTY)"
683,25666,2,closed,"2023-12-31 00:00:00",00:00:00,"2024-01-07 00:00:00",17:12,8,1758,no,no,"no (EMPTY)"
682,25659,2,closed,"2023-12-31 00:00:00",12:30:00,"2024-01-04 00:00:00",11:20,4,1742,no,no,"no (EMPTY)"
681,25657,2,closed,"2023-12-31 00:00:00",10:50:00,"2023-12-31 00:00:00",14:42,1,1730,no,no,"no (EMPTY)"
687,25678,2,closed,"2024-01-01 00:00:00",18:20:00,"2024-01-02 00:00:00",15:48,1,1743,no,no,"no (EMPTY)"
686,25673,2,closed,"2024-01-01 00:00:00",13:43:00,"2024-01-01 00:00:00",22:05:00,2,1780,no,no,"no (EMPTY)"
685,25672,2,closed,"2024-01-01 00:00:00",11:14:00,"2024-01-01 00:00:00",16:59:00,1,1819,no,no,"no (EMPTY)"
684,25671,2,closed,"2024-01-01 00:00:00",11:55:00,"2024-01-01 00:00:00",15:06:00,1,1776,no,no,"no (EMPTY)"
693,25707,2,closed,"2024-01-02 00:00:00",18:54:00,"2024-01-02 00:00:00",22:57:00,1,1749,no,no,"no (EMPTY)"
692,25703,2,closed,"2024-01-02 00:00:00",21:42:00,"2024-01-03 00:00:00",14:38,1,1736,no,no,"no (EMPTY)"
691,25698,2,closed,"2024-01-02 00:00:00",16:46:50,"2024-01-07 00:00:00",17:45,5,1711,no,no,"no (EMPTY)"
690,25696,2,closed,"2024-01-02 00:00:00",16:06:00,"2024-01-03 00:00:00",17:49,1,1712,no,no,"no (EMPTY)"
689,25686,2,closed,"2024-01-02 00:00:00",12:41:00,"2024-01-08 00:00:00",22:08:00,7,1756,no,no,"no (EMPTY)"
688,25683,2,closed,"2024-01-02 00:00:00",11:37:00,"2024-01-02 00:00:00",12:45,0,1772,no,no,"no (EMPTY)"
699,25721,2,closed,"2024-01-03 00:00:00",17:27:12,"2024-01-04 00:00:00",08:20,1,1762,no,no,"no (EMPTY)"
698,25719,2,closed,"2024-01-03 00:00:00",14:50:00,"2024-01-04 00:00:00",13:15,1,1757,no,no,"no (EMPTY)"
697,25718,2,closed,"2024-01-03 00:00:00",11:30:00,"2024-01-04 00:00:00",08:19,1,1844,no,no,"no (EMPTY)"
696,25716,2,closed,"2024-01-03 00:00:00",13:01,"2024-01-23 00:00:00",22:46,21,1791,no,no,"no (EMPTY)"
695,25709,2,closed,"2024-01-03 00:00:00",10:53,"2024-01-03 00:00:00",21:54,1,1840,no,no,"no (EMPTY)"
694,25708,2,closed,"2024-01-03 00:00:00",10:50:00,"2024-01-11 00:00:00",21:24:00,9,1834,no,no,"no (EMPTY)"
704,25758,2,closed,"2024-01-04 00:00:00",18:35:00,"2024-01-05 00:00:00",15:31:00,1,1836,no,no,"no (EMPTY)"
703,25743,2,closed,"2024-01-04 00:00:00",15:37:56,"2024-01-04 00:00:00",23:49,1,1736,no,no,"no (EMPTY)"
702,25738,2,closed,"2024-01-04 00:00:00",14:01:34,"2024-01-04 00:00:00",15:39,0,1777,no,no,"no (EMPTY)"
701,25736,2,closed,"2024-01-04 00:00:00",12:07:07,"2024-01-09 00:00:00",18:19,6,1814,no,no,"no (EMPTY)"
700,25735,2,closed,"2024-01-04 00:00:00",02:17:00,"2024-01-04 00:00:00",18:55,1,1821,no,no,"no (EMPTY)"
707,25774,5,closed,"2024-01-05 00:00:00",20:33:00,"2024-01-05 00:00:00",20:33:00,0,1784,yes,yes,"no (EMPTY)"
706,25763,2,closed,"2024-01-05 00:00:00",14:20:00,"2024-01-05 00:00:00",20:52:00,1,1717,no,no,"no (EMPTY)"
705,25759,2,closed,"2024-01-05 00:00:00",11:07:00,"2024-01-05 00:00:00",20:43,1,1831,no,no,"no (EMPTY)"
709,25779,2,closed,"2024-01-05 00:00:00",20:00:00,"2024-01-07 00:00:00",14:54,2,1753,no,no,"no (EMPTY)"
708,25775,2,closed,"2024-01-06 00:00:00",10:00:00,"2024-01-07 00:00:00",20:09:00,2,1784,no,no,"no (EMPTY)"
713,25792,2,closed,"2024-01-06 00:00:00",17:51:21,"2024-01-06 00:00:00",23:11:00,1,1767,no,no,"no (EMPTY)"
712,25788,2,closed,"2024-01-06 00:00:00",15:00,"2024-01-06 00:00:00",20:01:00,1,1718,no,no,"no (EMPTY)"
711,25784,2,closed,"2024-01-06 00:00:00",12:05:00,"2024-01-11 00:00:00",17:09,6,1807,no,no,"no (EMPTY)"
710,25783,2,closed,"2024-01-06 00:00:00",11:58:00,"2024-01-06 00:00:00",15:00,1,1805,no,no,"no (EMPTY)"
716,25815,2,closed,"2024-01-07 00:00:00",18:29:00,"2024-01-08 00:00:00",00:23:00,1,1740,no,no,"no (EMPTY)"
715,25811,2,closed,"2024-01-07 00:00:00",15:19:01,"2024-01-09 00:00:00",15:32:00,2,1840,no,no,"no (EMPTY)"
714,25804,2,closed,"2024-01-07 00:00:00",12:28:00,"2024-01-11 00:00:00",18:41,5,1763,no,no,"no (EMPTY)"
717,25821,2,closed,"2024-01-08 00:00:00",10:33:00,"2024-01-11 00:00:00",20:36:00,4,1714,no,no,"no (EMPTY)"
725,25859,2,closed,"2024-01-09 00:00:00",21:36:00,"2024-01-11 00:00:00",23:25:00,2,1713,no,no,"no (EMPTY)"
724,25858,2,closed,"2024-01-09 00:00:00",21:33:00,"2024-01-11 00:00:00",18:00,2,1697,no,no,"no (EMPTY)"
723,25857,2,closed,"2024-01-09 00:00:00",19:38:00,"2024-01-09 00:00:00",21:30:00,0,1762,no,no,"no (EMPTY)"
722,25852,2,closed,"2024-01-09 00:00:00",17:44:00,"2024-01-09 00:00:00",21:21,1,1761,no,no,"no (EMPTY)"
721,25850,2,closed,"2024-01-09 00:00:00",17:18:00,"2024-01-13 00:00:00",14:40,4,1758,no,no,"no (EMPTY)"
720,25847,2,closed,"2024-01-09 00:00:00",16:13:00,"2024-01-10 00:00:00",21:20:00,2,1784,no,no,"no (EMPTY)"
719,25843,2,closed,"2024-01-09 00:00:00",13:40:00,"2024-01-10 00:00:00",15:44,1,1848,no,no,"no (EMPTY)"
718,25841,2,closed,"2024-01-09 00:00:00",09:44:00,"2024-01-09 00:00:00",16:17,1,1788,no,no,"no (EMPTY)"
728,25868,2,closed,"2024-01-10 00:00:00",15:49:00,"2024-01-15 00:00:00",12:39:00,5,1703,no,no,"no (EMPTY)"
727,25865,2,closed,"2024-01-10 00:00:00",13:16:00,"2024-01-16 00:00:00",16:13,6,1755,no,no,"no (EMPTY)"
726,25864,2,closed,"2024-01-10 00:00:00",10:25:00,"2024-01-10 00:00:00",13:00:00,1,1829,no,no,"no (EMPTY)"
732,25887,2,closed,"2024-01-11 00:00:00",16:23:06,"2024-01-12 00:00:00",14:49,1,1717,no,no,"no (EMPTY)"
731,25882,2,closed,"2024-01-11 00:00:00",14:03:38,"2024-02-02 00:00:00",21:28,22,1846,no,no,"no (EMPTY)"
730,25881,2,closed,"2024-01-11 00:00:00",13:59:52,"2024-02-02 00:00:00",20:57,22,1853,no,no,"no (EMPTY)"
729,25878,2,closed,"2024-01-11 00:00:00",11:44:00,"2024-01-22 00:00:00",17:49:00,12,1847,no,no,"no (EMPTY)"
737,25921,2,closed,"2024-01-12 00:00:00",22:16:23,"2024-01-15 00:00:00",10:28:00,3,1713,no,no,"no (EMPTY)"
736,25913,2,closed,"2024-01-12 00:00:00",19:28:00,"2024-01-12 00:00:00",21:55:00,0,1780,no,no,"no (EMPTY)"
735,25912,2,closed,"2024-01-12 00:00:00",19:00:42,"2024-01-19 00:00:00",01:33:00,7,1775,no,no,"no (EMPTY)"
734,25911,2,closed,"2024-01-12 00:00:00",17:00:00,"2024-01-18 00:00:00",22:00,7,1730,no,no,"no (EMPTY)"
733,25904,2,closed,"2024-01-12 00:00:00",14:20:36,"2024-01-13 00:00:00",19:43,2,1817,no,no,"no (EMPTY)"
740,25943,2,closed,"2024-01-13 00:00:00",20:00:00,"2024-01-31 00:00:00",23:17,19,1736,no,no,"no (EMPTY)"
739,25937,2,closed,"2024-01-13 00:00:00",18:56:16,"2024-01-14 00:00:00",00:29:00,1,1794,no,no,"no (EMPTY)"
738,25933,2,closed,"2024-01-13 00:00:00",16:07:12,"2024-01-13 00:00:00",23:50:00,1,1706,no,no,"no (EMPTY)"
744,25959,2,closed,"2024-01-14 00:00:00",19:56:00,"2024-01-16 00:00:00",23:26,3,1817,no,no,"no (EMPTY)"
743,25958,2,closed,"2024-01-14 00:00:00",19:32:00,"2024-01-15 00:00:00",13:29:00,1,1718,no,no,"no (EMPTY)"
742,25957,2,closed,"2024-01-14 00:00:00",18:01:00,"2024-01-14 00:00:00",19:56,0,1715,no,no,"no (EMPTY)"
741,25950,2,closed,"2024-01-14 00:00:00",12:34:00,"2024-01-24 00:00:00",22:18,11,1830,no,no,"no (EMPTY)"
749,25970,2,closed,"2024-01-15 00:00:00",21:50:53,"2024-01-16 00:00:00",13:18,1,1820,no,no,"no (EMPTY)"
748,25969,2,closed,"2024-01-15 00:00:00",20:38:00,"2024-01-15 00:00:00",21:55,0,1759,no,no,"no (EMPTY)"
747,25966,2,closed,"2024-01-15 00:00:00",13:45:51,"2024-01-16 00:00:00",23:28,2,1800,no,no,"no (EMPTY)"
746,25965,2,closed,"2024-01-15 00:00:00",11:36:13,"2024-01-15 00:00:00",22:08,1,1761,no,no,"no (EMPTY)"
745,25963,2,closed,"2024-01-15 00:00:00",10:34:32,"2024-01-15 00:00:00",11:47:00,0,1720,no,no,"no (EMPTY)"
753,25988,2,closed,"2024-01-16 00:00:00",16:28:00,"2024-01-17 00:00:00",16:53:00,1,1757,no,no,"no (EMPTY)"
752,25987,2,closed,"2024-01-16 00:00:00",16:27:00,"2024-01-18 00:00:00",14:35:00,2,1752,no,no,"no (EMPTY)"
751,25983,2,closed,"2024-01-16 00:00:00",14:12:38,"2024-01-17 00:00:00",12:42,1,1758,no,no,"no (EMPTY)"
750,25982,2,closed,"2024-01-16 00:00:00",13:53:42,"2024-01-17 00:00:00",23:57:00,2,1765,no,no,"no (EMPTY)"
757,26002,2,closed,"2024-01-17 00:00:00",17:02:00,"2024-01-17 00:00:00",19:54,0,1715,no,no,"no (EMPTY)"
756,25998,2,closed,"2024-01-17 00:00:00",15:04:08,"2024-01-18 00:00:00",13:06:00,1,1797,no,no,"no (EMPTY)"
755,25997,2,closed,"2024-01-17 00:00:00",12:33:59,"2024-01-17 00:00:00",15:01,1,1831,no,no,"no (EMPTY)"
754,25994,2,closed,"2024-01-17 00:00:00",10:45:18,"2024-01-20 00:00:00",20:05,4,1704,no,no,"no (EMPTY)"
764,26038,2,closed,"2024-01-18 00:00:00",19:55:00,"2024-01-19 00:00:00",13:40,1,1804,no,no,"no (EMPTY)"
763,26034,2,closed,"2024-01-18 00:00:00",18:50:00,"2024-01-19 00:00:00",15:30,1,1781,no,no,"no (EMPTY)"
762,26033,2,closed,"2024-01-18 00:00:00",18:49:00,"2024-01-18 00:00:00",18:48,3,1781,no,no,"no (EMPTY)"
761,26022,2,closed,"2024-01-18 00:00:00",14:24:10,"2024-01-19 00:00:00",23:41,2,1740,no,no,"no (EMPTY)"
760,26021,2,closed,"2024-01-18 00:00:00",13:44:43,"2024-01-26 00:00:00",02:15:00,8,1715,no,no,"no (EMPTY)"
759,26020,2,closed,"2024-01-18 00:00:00",13:43:46,"2024-01-20 00:00:00",20:04,3,1738,no,no,"no (EMPTY)"
758,26008,2,closed,"2024-01-18 00:00:00",11:45:00,"2024-01-18 00:00:00",16:30:00,1,1833,no,no,"no (EMPTY)"
770,26064,2,closed,"2024-01-19 00:00:00",21:50:00,"2024-01-21 00:00:00",21:50,2,1763,no,no,"no (EMPTY)"
769,26058,2,closed,"2024-01-19 00:00:00",18:05:00,"2024-01-29 00:00:00",11:55,10,1776,no,no,"no (EMPTY)"
768,26055,2,closed,"2024-01-19 00:00:00",16:43:47,"2024-01-20 00:00:00",17:31:00,1,1771,no,no,"no (EMPTY)"
767,26054,2,closed,"2024-01-19 00:00:00",16:18:00,"2024-01-19 00:00:00",21:42:00,1,1837,no,no,"no (EMPTY)"
766,26046,2,closed,"2024-01-19 00:00:00",13:11:00,"2024-01-20 00:00:00",17:43,1,1803,no,no,"no (EMPTY)"
765,26044,2,closed,"2024-01-19 00:00:00",12:16:46,"2024-01-19 00:00:00",13:42:00,0,1802,no,no,"no (EMPTY)"
774,26078,2,closed,"2024-01-20 00:00:00",16:47:01,"2024-01-20 00:00:00",19:11:00,1,1713,no,no,"no (EMPTY)"
773,26077,2,closed,"2024-01-20 00:00:00",14:33:27,"2024-01-20 00:00:00",20:56,1,1758,no,no,"no (EMPTY)"
772,26074,2,closed,"2024-01-20 00:00:00",12:32:10,"2024-01-21 00:00:00",01:09,1,1786,no,no,"no (EMPTY)"
771,26069,2,closed,"2024-01-20 00:00:00",10:56:15,"2024-01-21 00:00:00",01:12:00,1,1799,no,no,"no (EMPTY)"
777,26084,2,closed,"2024-01-20 00:00:00",19:44:00,"2024-01-20 00:00:00",22:11,1,1780,no,no,"no (EMPTY)"
776,26081,2,closed,"2024-01-20 00:00:00",17:49:00,"2024-01-21 00:00:00",20:20:00,2,1796,no,no,"no (EMPTY)"
775,26080,2,closed,"2024-01-20 00:00:00",17:43:00,"2024-01-21 00:00:00",19:03,1,1787,no,no,"no (EMPTY)"
781,26108,2,closed,"2024-01-21 00:00:00",20:34:00,"2024-01-24 00:00:00",22:19,3,1748,no,no,"no (EMPTY)"
780,26106,2,closed,"2024-01-21 00:00:00",20:35:00,"2024-01-22 00:00:00",14:45:00,1,1803,no,no,"no (EMPTY)"
779,26101,2,closed,"2024-01-21 00:00:00",16:42,"2024-01-23 00:00:00",23:31,3,1730,no,no,"no (EMPTY)"
778,26093,2,closed,"2024-01-21 00:00:00",14:25:49,"2024-01-27 00:00:00",13:16:00,6,1826,no,no,"no (EMPTY)"
783,26130,2,closed,"2024-01-22 00:00:00",18:13:00,"2024-01-23 00:00:00",18:24,1,1770,no,no,"no (EMPTY)"
782,26118,2,closed,"2024-01-22 00:00:00",14:33:03,"2024-01-24 00:00:00",14:44,2,1746,no,no,"no (EMPTY)"
787,26156,2,closed,"2024-01-23 00:00:00",22:07:55,"2024-01-30 00:00:00",19:36:00,8,1735,no,no,"no (EMPTY)"
785,26153,2,closed,"2024-01-23 00:00:00",19:10:00,"2024-01-25 00:00:00",17:10,2,1793,no,no,"no (EMPTY)"
784,26145,2,closed,"2024-01-23 00:00:00",16:44:39,"2024-01-24 00:00:00",19:46,1,1775,no,no,"no (EMPTY)"
793,26182,2,closed,"2024-01-24 00:00:00",21:45:00,"2024-01-25 00:00:00",22:31:00,2,1757,no,no,"no (EMPTY)"
792,26178,2,closed,"2024-01-24 00:00:00",20:49:00,"2024-01-25 00:00:00",16:56,1,1817,no,no,"no (EMPTY)"
791,26177,2,closed,"2024-01-24 00:00:00",10:11:00,"2024-01-24 00:00:00",11:48:00,0,1781,no,no,"no (EMPTY)"
790,26176,2,closed,"2024-01-24 00:00:00",16:45:00,"2024-01-29 00:00:00",12:53:00,5,1847,no,no,"no (EMPTY)"
789,26171,2,closed,"2024-01-24 00:00:00",16:07:39,"2024-01-24 00:00:00",22:08,1,1733,no,no,"no (EMPTY)"
788,26165,2,closed,"2024-01-24 00:00:00",12:22:19,"2024-01-24 00:00:00",22:20,1,1804,no,no,"no (EMPTY)"
786,26155,2,closed,"2024-01-24 00:00:00",08:04:00,"2024-01-24 00:00:00",23:56:00,1,1767,no,no,"no (EMPTY)"
796,26210,2,closed,"2024-01-25 00:00:00",22:45:26,"2024-01-28 00:00:00",20:27,3,1737,no,no,"no (EMPTY)"
795,26199,2,closed,"2024-01-25 00:00:00",16:56:28,"2024-01-26 00:00:00",23:10,2,1718,no,no,"no (EMPTY)"
794,26198,2,closed,"2024-01-25 00:00:00",15:00:00,"2024-01-27 00:00:00",21:17:00,3,1801,no,no,"no (EMPTY)"
801,26232,2,closed,"2024-01-26 00:00:00",21:18:08,"2024-01-31 00:00:00",12:45,5,1844,no,no,"no (EMPTY)"
800,26226,2,closed,"2024-01-26 00:00:00",16:42:23,"2024-01-26 00:00:00",18:32,0,1715,no,no,"no (EMPTY)"
799,26221,2,closed,"2024-01-26 00:00:00",14:03:47,"2024-01-28 00:00:00",15:59,2,1697,no,no,"no (EMPTY)"
798,26219,2,closed,"2024-01-26 00:00:00",12:16:58,"2024-01-26 00:00:00",21:16,1,1829,no,no,"no (EMPTY)"
797,26215,2,closed,"2024-01-26 00:00:00",11:08:17,"2024-01-26 00:00:00",12:10,0,1795,no,no,"no (EMPTY)"
805,26258,2,closed,"2024-01-27 00:00:00",20:12:00,"2024-01-30 00:00:00",21:28,3,1730,no,no,"no (EMPTY)"
804,26251,2,closed,"2024-01-27 00:00:00",11:39:00,"2024-01-27 00:00:00",22:54:00,1,1738,no,no,"no (EMPTY)"
803,26250,2,closed,"2024-01-27 00:00:00",13:27:00,"2024-01-27 00:00:00",19:29:00,1,1831,no,no,"no (EMPTY)"
802,26241,2,closed,"2024-01-27 00:00:00",12:40:00,"2024-01-27 00:00:00",14:23,0,1840,no,no,"no (EMPTY)"
808,26281,2,closed,"2024-01-28 00:00:00",21:26:00,"2024-02-02 00:00:00",12:01,5,1742,no,no,"no (EMPTY)"
807,26271,2,closed,"2024-01-28 00:00:00",13:37:34,"2024-01-28 00:00:00",23:31:00,1,1826,no,no,"no (EMPTY)"
806,26269,2,closed,"2024-01-28 00:00:00",12:29:09,"2024-01-28 00:00:00",14:15,0,1767,no,no,"no (EMPTY)"
811,26303,2,closed,"2024-01-29 00:00:00",17:09:35,"2024-01-29 00:00:00",22:58:00,1,1829,no,no,"no (EMPTY)"
810,26293,2,closed,"2024-01-29 00:00:00",14:00:00,"2024-01-29 00:00:00",16:34:00,0,1729,no,no,"no (EMPTY)"
809,26287,2,closed,"2024-01-29 00:00:00",10:20:38,"2024-01-30 00:00:00",16:56,2,1746,no,no,"no (EMPTY)"
815,26335,2,closed,"2024-01-30 00:00:00",23:02:12,"2024-02-08 00:00:00",21:22:00,9,1749,no,no,"no (EMPTY)"
814,26327,2,closed,"2024-01-30 00:00:00",17:58:42,"2024-01-31 00:00:00",19:19,1,1803,no,no,"no (EMPTY)"
813,26323,2,closed,"2024-01-30 00:00:00",16:54:58,"2024-01-31 00:00:00",15:55:00,1,1714,no,no,"no (EMPTY)"
812,26314,2,closed,"2024-01-30 00:00:00",11:46:00,"2024-01-30 00:00:00",13:50:00,0,1796,no,no,"no (EMPTY)"
818,26355,2,closed,"2024-01-31 00:00:00",23:28:51,"2024-02-04 00:00:00",11:57,4,1758,no,no,"no (EMPTY)"
817,26345,2,closed,"2024-01-31 00:00:00",14:28:12,"2024-02-02 00:00:00",12:09,2,1757,no,no,"no (EMPTY)"
816,26344,2,closed,"2024-01-31 00:00:00",14:02:03,"2024-02-02 00:00:00",20:21,2,1780,no,no,"no (EMPTY)"
821,26369,2,closed,"2024-02-01 00:00:00",15:50:16,"2024-02-05 00:00:00",22:10,5,1797,no,no,"no (EMPTY)"
820,26366,2,closed,"2024-02-01 00:00:00",14:42:10,"2024-02-07 00:00:00",15:51,6,1715,no,no,"no (EMPTY)"
819,26365,2,closed,"2024-02-01 00:00:00",13:56:57,"2024-02-01 00:00:00",17:03:00,1,1740,no,no,"no (EMPTY)"
826,26410,2,closed,"2024-02-02 00:00:00",22:45:15,"2024-02-04 00:00:00",21:20,2,1829,no,no,"no (EMPTY)"
825,26405,2,closed,"2024-02-02 00:00:00",21:17:47,"2024-02-06 00:00:00",22:39,4,1759,no,no,"no (EMPTY)"
824,26396,2,closed,"2024-02-02 00:00:00",17:09:10,"2024-02-02 00:00:00",21:16,1,1796,no,no,"no (EMPTY)"
823,26390,2,closed,"2024-02-02 00:00:00",15:32:46,"2024-02-05 00:00:00",18:20,4,1718,no,no,"no (EMPTY)"
822,26382,2,closed,"2024-02-02 00:00:00",10:36:55,"2024-02-04 00:00:00",15:06,2,1703,no,no,"no (EMPTY)"
830,26440,2,closed,"2024-02-03 00:00:00",21:01:00,"2024-02-04 00:00:00",13:40,1,1787,no,no,"no (EMPTY)"
829,26438,2,closed,"2024-02-03 00:00:00",19:46:00,"2024-02-05 00:00:00",15:00,2,1814,no,no,"no (EMPTY)"
828,26422,2,closed,"2024-02-03 00:00:00",02:01:00,"2024-02-14 00:00:00",00:29,11,1778,no,no,"no (EMPTY)"
827,26414,2,closed,"2024-02-03 00:00:00",10:18:29,"2024-02-06 00:00:00",11:37,3,1802,no,no,"no (EMPTY)"
837,26474,2,closed,"2024-02-04 00:00:00",23:01:00,"2024-02-16 00:00:00",15:14,12,1758,no,no,"no (EMPTY)"
834,26459,2,closed,"2024-02-04 00:00:00",20:37:06,"2024-02-06 00:00:00",10:20,2,1776,no,no,"no (EMPTY)"
833,26451,2,closed,"2024-02-04 00:00:00",12:31:00,"2024-02-06 00:00:00",12:50:00,2,1757,no,no,"no (EMPTY)"
832,26445,2,closed,"2024-02-04 00:00:00",14:51:10,"2024-02-04 00:00:00",17:06,1,1848,no,no,"no (EMPTY)"
831,26443,2,closed,"2024-02-04 00:00:00",14:22:46,"2024-02-04 00:00:00",16:25,0,1801,no,no,"no (EMPTY)"
839,26476,2,closed,"2024-02-05 00:00:00",17:41:29,"2024-02-08 00:00:00",02:36,3,1730,no,no,"no (EMPTY)"
838,26475,2,closed,"2024-02-05 00:00:00",17:37:55,"2024-02-15 00:00:00",15:52,10,1787,no,no,"no (EMPTY)"
836,26472,2,closed,"2024-02-05 00:00:00",14:57:57,"2024-02-05 00:00:00",20:40:00,1,1831,no,no,"no (EMPTY)"
835,26464,2,closed,"2024-02-05 00:00:00",10:12:00,"2024-02-09 00:00:00",19:03,4,1853,no,no,"no (EMPTY)"
849,26526,2,closed,"2024-02-06 00:00:00",12:18,"2024-02-10 00:00:00",11:37,4,1716,no,no,"no (EMPTY)"
848,26523,2,closed,"2024-02-06 00:00:00",23:04:44,"2024-02-07 00:00:00",19:50,1,1776,no,no,"no (EMPTY)"
847,26510,2,closed,"2024-02-06 00:00:00",18:37:35,"2024-02-07 00:00:00",15:17,1,1840,no,no,"no (EMPTY)"
846,26506,5,closed,"2024-02-06 00:00:00",16:00:31,"2024-02-06 00:00:00",16:00:31,0,1847,yes,yes,"no (EMPTY)"
845,26503,2,closed,"2024-02-06 00:00:00",15:08:48,"2024-02-06 00:00:00",21:47,1,1731,no,no,"no (EMPTY)"
844,26498,2,closed,"2024-02-06 00:00:00",13:10:07,"2024-02-08 00:00:00",21:24:00,2,1711,no,no,"no (EMPTY)"
843,26497,2,closed,"2024-02-06 00:00:00",10:00:00,"2024-02-25 00:00:00",15:44,20,1851,no,no,"no (EMPTY)"
842,26495,2,closed,"2024-02-06 00:00:00",11:45:43,"2024-02-07 00:00:00",18:48,2,1807,no,no,"no (EMPTY)"
841,26494,2,closed,"2024-02-06 00:00:00",11:24:28,"2024-02-06 00:00:00",16:03:00,1,1841,no,no,"no (EMPTY)"
840,26488,2,closed,"2024-02-06 00:00:00",10:27:00,"2024-02-07 00:00:00",14:09,2,1772,no,no,"no (EMPTY)"
851,26539,2,closed,"2024-02-07 00:00:00",14:32:33,"2024-02-07 00:00:00",19:00:00,1,1789,no,no,"no (EMPTY)"
850,26529,2,closed,"2024-02-07 00:00:00",10:24:11,"2024-02-08 00:00:00",02:40,1,1763,no,no,"no (EMPTY)"
854,26556,2,closed,"2024-02-07 00:00:00",22:25:52,"2024-02-07 00:00:00",22:58:00,0,1733,no,no,"no (EMPTY)"
853,26555,2,closed,"2024-02-07 00:00:00",22:22:09,"2024-02-08 00:00:00",12:59,1,1767,no,no,"no (EMPTY)"
852,26544,2,closed,"2024-02-07 00:00:00",17:39:06,"2024-02-08 00:00:00",17:45,1,1697,no,no,"no (EMPTY)"
859,26581,2,closed,"2024-02-08 00:00:00",22:25:06,"2024-02-09 00:00:00",11:48,1,1776,no,no,"no (EMPTY)"
858,26577,2,closed,"2024-02-08 00:00:00",18:32:09,"2024-02-09 00:00:00",21:30,2,1737,no,no,"no (EMPTY)"
857,26572,2,closed,"2024-02-08 00:00:00",15:29:08,"2024-02-08 00:00:00",23:47:00,1,1784,no,no,"no (EMPTY)"
856,26569,2,closed,"2024-02-08 00:00:00",12:48:07,"2024-02-08 00:00:00",15:49,1,1812,no,no,"no (EMPTY)"
855,26565,2,closed,"2024-02-08 00:00:00",10:49:21,"2024-02-08 00:00:00",15:48,1,1762,no,no,"no (EMPTY)"
863,26602,2,closed,"2024-02-09 00:00:00",20:29:00,"2024-02-12 00:00:00",19:30,3,1704,no,no,"no (EMPTY)"
862,26596,2,closed,"2024-02-09 00:00:00",19:08:24,"2024-02-09 00:00:00",21:58,0,1844,no,no,"no (EMPTY)"
861,26590,2,closed,"2024-02-09 00:00:00",15:19:25,"2024-02-10 00:00:00",16:21,1,1775,no,no,"no (EMPTY)"
860,26586,2,closed,"2024-02-09 00:00:00",10:42:40,"2024-02-16 00:00:00",21:52,7,1742,no,no,"no (EMPTY)"
866,26617,2,closed,"2024-02-10 00:00:00",18:27:54,"2024-02-10 00:00:00",22:26:00,1,1853,no,no,"no (EMPTY)"
865,26613,2,closed,"2024-02-10 00:00:00",11:41:00,"2024-02-13 00:00:00",21:04:00,4,1749,no,no,"no (EMPTY)"
864,26612,2,closed,"2024-02-10 00:00:00",10:00:00,"2024-03-02 00:00:00",16:23,22,1852,no,no,"no (EMPTY)"
869,26638,2,closed,"2024-02-11 00:00:00",17:15:33,"2024-02-11 00:00:00",22:21:00,0,1801,no,no,"no (EMPTY)"
868,26635,2,closed,"2024-02-11 00:00:00",15:47:01,"2024-02-11 00:00:00",19:08:00,1,1837,no,no,"no (EMPTY)"
867,26631,2,closed,"2024-02-11 00:00:00",13:15:00,"2024-02-11 00:00:00",15:20,0,1805,no,no,"no (EMPTY)"
893,26757,2,closed,"2024-02-12 00:00:00",12:50:00,"2024-03-06 00:00:00",19:10,23,1771,no,no,"no (EMPTY)"
871,26654,2,closed,"2024-02-12 00:00:00",17:17:45,"2024-02-12 00:00:00",20:39,1,1768,no,no,"no (EMPTY)"
870,26651,2,closed,"2024-02-12 00:00:00",12:40:00,"2024-03-18 00:00:00",12:24,35,1720,no,no,"no (EMPTY)"
876,26686,2,closed,"2024-02-13 00:00:00",20:53:51,"2024-02-14 00:00:00",23:02,2,1831,no,no,"no (EMPTY)"
875,26683,2,closed,"2024-02-13 00:00:00",17:09:55,"2024-02-16 00:00:00",19:19:00,3,1769,no,no,"no (EMPTY)"
874,26677,2,closed,"2024-02-13 00:00:00",13:51:03,"2024-02-13 00:00:00",16:41,1,1846,no,no,"no (EMPTY)"
873,26668,2,closed,"2024-02-13 00:00:00",11:10:46,"2024-02-13 00:00:00",13:29,0,1716,no,no,"no (EMPTY)"
872,26664,2,closed,"2024-02-13 00:00:00",10:12:06,"2024-02-13 00:00:00",13:55,0,1743,no,no,"no (EMPTY)"
900,26784,2,closed,"2024-02-14 00:00:00",16:01:00,"2024-03-08 00:00:00",12:00:00,23,1759,no,no,"no (EMPTY)"
882,26714,2,closed,"2024-02-14 00:00:00",21:28:18,"2024-02-17 00:00:00",12:08:00,3,1756,no,no,"no (EMPTY)"
881,26713,2,closed,"2024-02-14 00:00:00",21:25:55,"2024-02-15 00:00:00",14:15,1,1778,no,no,"no (EMPTY)"
880,26702,2,closed,"2024-02-14 00:00:00",15:12:53,"2024-02-14 00:00:00",16:46,0,1780,no,no,"no (EMPTY)"
879,26700,2,closed,"2024-02-14 00:00:00",12:56:23,"2024-02-14 00:00:00",20:40,1,1737,no,no,"no (EMPTY)"
878,26698,2,closed,"2024-02-14 00:00:00",12:07:40,"2024-02-14 00:00:00",21:41,1,1840,no,no,"no (EMPTY)"
877,26694,2,closed,"2024-02-14 00:00:00",10:31:37,"2024-02-14 00:00:00",19:06,1,1763,no,no,"no (EMPTY)"
897,26776,2,closed,"2024-02-15 00:00:00",11:02:00,"2024-02-19 00:00:00",20:39:00,5,1802,no,no,"no (EMPTY)"
886,26741,2,closed,"2024-02-15 00:00:00",22:10:52,"2024-02-16 00:00:00",13:26,1,1748,no,no,"no (EMPTY)"
885,26737,2,closed,"2024-02-15 00:00:00",20:50:40,"2024-02-16 00:00:00",17:10,1,1740,no,no,"no (EMPTY)"
884,26729,2,closed,"2024-02-15 00:00:00",16:47:45,"2024-02-15 00:00:00",21:46,1,1809,no,no,"no (EMPTY)"
883,26722,2,closed,"2024-02-15 00:00:00",12:51:36,"2024-02-16 00:00:00",16:12,2,1697,no,no,"no (EMPTY)"
895,26765,2,closed,"2024-02-16 00:00:00",19:23:32,"2024-02-16 00:00:00",23:09:00,1,1834,no,no,"no (EMPTY)"
894,26760,2,closed,"2024-02-16 00:00:00",17:27:35,"2024-02-18 00:00:00",15:10,2,1743,no,no,"no (EMPTY)"
892,26756,2,closed,"2024-02-16 00:00:00",15:23:49,"2024-02-18 00:00:00",17:33,2,1731,no,no,"no (EMPTY)"
891,26753,2,closed,"2024-02-16 00:00:00",14:39:30,"2024-02-16 00:00:00",16:36,1,1835,no,no,"no (EMPTY)"
890,26750,2,closed,"2024-02-16 00:00:00",13:33:00,"2024-02-17 00:00:00",15:42,1,1715,no,no,"no (EMPTY)"
889,26747,2,closed,"2024-02-16 00:00:00",11:04:43,"2024-02-16 00:00:00",21:38:00,1,1735,no,no,"no (EMPTY)"
888,26746,2,closed,"2024-02-16 00:00:00",10:37:30,"2024-02-16 00:00:00",12:50,1,1797,no,no,"no (EMPTY)"
887,26745,2,closed,"2024-02-16 00:00:00",10:36:34,"2024-02-16 00:00:00",10:35,1,1797,no,no,"no (EMPTY)"
899,26780,2,closed,"2024-02-17 00:00:00",15:43:48,"2024-02-18 00:00:00",22:30:00,2,1840,no,no,"no (EMPTY)"
898,26779,2,closed,"2024-02-17 00:00:00",14:57:00,"2024-02-17 00:00:00",22:45,1,1844,no,no,"no (EMPTY)"
896,26774,2,closed,"2024-02-17 00:00:00",10:50:00,"2024-02-18 00:00:00",16:41,2,1813,no,no,"no (EMPTY)"
906,26818,2,closed,"2024-02-18 00:00:00",22:00:02,"2024-02-19 00:00:00",13:10:00,1,1714,no,no,"no (EMPTY)"
905,26812,2,closed,"2024-02-18 00:00:00",17:48,"2024-02-19 00:00:00",22:07,2,1748,no,no,"no (EMPTY)"
904,26811,2,closed,"2024-02-18 00:00:00",16:41:29,"2024-02-21 00:00:00",11:42,3,1814,no,no,"no (EMPTY)"
903,26805,2,closed,"2024-02-18 00:00:00",13:39:10,"2024-02-19 00:00:00",22:40:00,2,1762,no,no,"no (EMPTY)"
902,26803,2,closed,"2024-02-18 00:00:00",13:23:53,"2024-02-18 00:00:00",14:19,1,1703,no,no,"no (EMPTY)"
901,26801,2,closed,"2024-02-18 00:00:00",11:50:09,"2024-02-18 00:00:00",15:22,1,1746,no,no,"no (EMPTY)"
913,26838,2,closed,"2024-02-19 00:00:00",17:38:44,"2024-02-23 00:00:00",14:13,4,1826,no,no,"no (EMPTY)"
912,26837,2,closed,"2024-02-19 00:00:00",17:07:53,"2024-02-19 00:00:00",20:31:00,1,1765,no,no,"no (EMPTY)"
911,26836,2,closed,"2024-02-19 00:00:00",16:48:59,"2024-02-19 00:00:00",18:38,0,1819,no,no,"no (EMPTY)"
910,26831,2,closed,"2024-02-19 00:00:00",13:29:31,"2024-02-19 00:00:00",17:26,1,1735,no,no,"no (EMPTY)"
909,26829,2,closed,"2024-02-19 00:00:00",12:26:54,"2024-02-20 00:00:00",22:00,2,1844,no,no,"no (EMPTY)"
908,26828,2,closed,"2024-02-19 00:00:00",12:10:21,"2024-02-20 00:00:00",17:29:00,2,1697,no,no,"no (EMPTY)"
907,26822,2,closed,"2024-02-19 00:00:00",10:30:58,"2024-02-19 00:00:00",11:29,0,1793,no,no,"no (EMPTY)"
916,26854,2,closed,"2024-02-20 00:00:00",15:53:37,"2024-02-23 00:00:00",15:50,3,1729,no,no,"no (EMPTY)"
915,26845,2,closed,"2024-02-20 00:00:00",11:14:07,"2024-03-08 00:00:00",16:34:00,18,1761,no,no,"no (EMPTY)"
914,26843,2,closed,"2024-02-20 00:00:00",10:49:48,"2024-02-20 00:00:00",15:12,0,1828,no,no,"no (EMPTY)"
918,26878,2,closed,"2024-02-21 00:00:00",19:35:48,"2024-02-22 00:00:00",17:26,1,1756,no,no,"no (EMPTY)"
917,26871,2,closed,"2024-02-21 00:00:00",15:05:45,"2024-02-23 00:00:00",15:42,2,1737,no,no,"no (EMPTY)"
921,26902,2,closed,"2024-02-22 00:00:00",19:20:00,"2024-02-24 00:00:00",22:03,3,1821,no,no,"no (EMPTY)"
920,26893,2,closed,"2024-02-22 00:00:00",15:20:00,"2024-02-22 00:00:00",17:18,0,1776,no,no,"no (EMPTY)"
919,26892,2,closed,"2024-02-22 00:00:00",14:00:00,"2024-02-22 00:00:00",20:55,1,1807,no,no,"no (EMPTY)"
925,26919,2,closed,"2024-02-23 00:00:00",18:05:48,"2024-02-25 00:00:00",13:47,2,1698,no,no,"no (EMPTY)"
924,26916,2,closed,"2024-02-23 00:00:00",17:14:13,"2024-03-05 00:00:00",21:40,12,1770,no,no,"no (EMPTY)"
923,26912,2,closed,"2024-02-23 00:00:00",15:17:30,"2024-02-23 00:00:00",17:53,0,1835,no,no,"no (EMPTY)"
922,26906,2,closed,"2024-02-23 00:00:00",11:44:46,"2024-02-24 00:00:00",13:51,1,1812,no,no,"no (EMPTY)"
930,26936,2,closed,"2024-02-24 00:00:00",19:53:46,"2024-02-27 00:00:00",22:28,4,1787,no,no,"no (EMPTY)"
929,26935,2,closed,"2024-02-24 00:00:00",19:51:22,"2024-02-26 00:00:00",16:20,2,1733,no,no,"no (EMPTY)"
928,26931,2,closed,"2024-02-24 00:00:00",16:08:20,"2024-02-28 00:00:00",18:40,4,1773,no,no,"no (EMPTY)"
927,26930,2,closed,"2024-02-24 00:00:00",15:39:26,"2024-02-28 00:00:00",17:34,4,1823,no,no,"no (EMPTY)"
926,26925,2,closed,"2024-02-24 00:00:00",09:00:00,"2024-02-27 00:00:00",15:41,3,1854,no,no,"no (EMPTY)"
934,26960,2,closed,"2024-02-25 00:00:00",21:02:39,"2024-02-27 00:00:00",15:10:00,2,1801,no,no,"no (EMPTY)"
933,26959,2,closed,"2024-02-25 00:00:00",19:23:07,"2024-02-26 00:00:00",12:38,1,1844,no,no,"no (EMPTY)"
932,26953,2,closed,"2024-02-25 00:00:00",16:07:05,"2024-02-29 00:00:00",22:00,5,1768,no,no,"no (EMPTY)"
931,26949,2,closed,"2024-02-25 00:00:00",14:06:05,"2024-02-27 00:00:00",11:07,2,1780,no,no,"no (EMPTY)"
938,26977,2,closed,"2024-02-26 00:00:00",20:12:46,"2024-03-02 00:00:00",20:20,5,1776,no,no,"no (EMPTY)"
937,26972,2,closed,"2024-02-26 00:00:00",17:54:36,"2024-02-27 00:00:00",11:52,1,1848,no,no,"no (EMPTY)"
936,26970,2,closed,"2024-02-26 00:00:00",14:13:35,"2024-02-27 00:00:00",10:59,1,1836,no,no,"no (EMPTY)"
935,26969,2,closed,"2024-02-26 00:00:00",14:01:01,"2024-02-26 00:00:00",15:05,0,1729,no,no,"no (EMPTY)"
944,26999,2,closed,"2024-02-27 00:00:00",21:49:52,"2024-02-29 00:00:00",12:10,2,1712,no,no,"no (EMPTY)"
943,26994,2,closed,"2024-02-27 00:00:00",17:00:00,"2024-02-29 00:00:00",18:06,2,1778,no,no,"no (EMPTY)"
942,26992,2,closed,"2024-02-27 00:00:00",17:18:15,"2024-03-01 00:00:00",12:04,3,1749,no,no,"no (EMPTY)"
941,26991,2,closed,"2024-02-27 00:00:00",16:08:25,"2024-03-05 00:00:00",18:25,7,1799,no,no,"no (EMPTY)"
940,26990,2,closed,"2024-02-27 00:00:00",15:44:23,"2024-02-28 00:00:00",12:04:00,1,1840,no,no,"no (EMPTY)"
939,26984,2,closed,"2024-02-27 00:00:00",09:00:00,"2024-03-24 00:00:00",15:47,27,1850,no,no,"no (EMPTY)"
948,27021,2,closed,"2024-02-28 00:00:00",23:21:15,"2024-03-03 00:00:00",16:46,4,1810,no,no,"no (EMPTY)"
947,27014,2,closed,"2024-02-28 00:00:00",17:01:50,"2024-02-29 00:00:00",12:08,1,1809,no,no,"no (EMPTY)"
946,27013,2,closed,"2024-02-28 00:00:00",16:59:31,"2024-03-01 00:00:00",19:11,2,1777,no,no,"no (EMPTY)"
945,27007,2,closed,"2024-02-28 00:00:00",12:59:45,"2024-02-28 00:00:00",22:06,1,1835,no,no,"no (EMPTY)"
950,27035,2,closed,"2024-02-29 00:00:00",19:00:06,"2024-03-02 00:00:00",20:41,2,1846,no,no,"no (EMPTY)"
949,27028,2,closed,"2024-02-29 00:00:00",13:57:10,"2024-03-01 00:00:00",16:50,2,1793,no,no,"no (EMPTY)"
956,27060,2,closed,"2024-03-01 00:00:00",17:29:07,"2024-03-03 00:00:00",22:22,2,1737,no,no,"no (EMPTY)"
955,27059,2,closed,"2024-03-01 00:00:00",17:19:48,"2024-03-01 00:00:00",19:46,1,1827,no,no,"no (EMPTY)"
954,27057,2,closed,"2024-03-01 00:00:00",15:01:00,"2024-03-03 00:00:00",12:01,2,1835,no,no,"no (EMPTY)"
953,27056,2,closed,"2024-03-01 00:00:00",16:25:56,"2024-03-02 00:00:00",16:59,1,1746,no,no,"no (EMPTY)"
952,27047,2,closed,"2024-03-01 00:00:00",11:27:39,"2024-03-05 00:00:00",11:54,4,1778,no,no,"no (EMPTY)"
951,27044,2,closed,"2024-03-01 00:00:00",10:39:47,"2024-03-01 00:00:00",17:28,1,1697,no,no,"no (EMPTY)"
959,27075,2,closed,"2024-03-02 00:00:00",10:08:00,"2024-04-08 00:00:00",01:03,37,1849,no,no,"no (EMPTY)"
958,27072,2,closed,"2024-03-02 00:00:00",17:30:57,"2024-03-05 00:00:00",12:10,3,1794,no,no,"no (EMPTY)"
957,27070,2,closed,"2024-03-02 00:00:00",10:30:00,"2024-03-07 00:00:00",11:33:00,5,1845,no,no,"no (EMPTY)"
967,27102,2,closed,"2024-03-03 00:00:00",21:00:45,"2024-03-07 00:00:00",13:07,4,1716,no,no,"no (EMPTY)"
966,27097,2,closed,"2024-03-03 00:00:00",17:54:30,"2024-03-04 00:00:00",12:43,1,1827,no,no,"no (EMPTY)"
965,27094,2,closed,"2024-03-03 00:00:00",17:38:50,"2024-03-04 00:00:00",19:28,1,1756,no,no,"no (EMPTY)"
964,27092,2,closed,"2024-03-03 00:00:00",15:08:10,"2024-03-05 00:00:00",12:50,2,1826,no,no,"no (EMPTY)"
963,27091,2,closed,"2024-03-03 00:00:00",15:06:26,"2024-03-07 00:00:00",12:06,4,1772,no,no,"no (EMPTY)"
962,27090,2,closed,"2024-03-03 00:00:00",14:41:59,"2024-03-07 00:00:00",18:32:00,5,1814,no,no,"no (EMPTY)"
961,27085,2,closed,"2024-03-03 00:00:00",12:13:33,"2024-03-03 00:00:00",21:56:00,1,1754,no,no,"no (EMPTY)"
960,27084,2,closed,"2024-03-03 00:00:00",11:45:15,"2024-03-07 00:00:00",18:49,5,1852,no,no,"no (EMPTY)"
975,27133,2,closed,"2024-03-04 00:00:00",21:33:03,"2024-03-05 00:00:00",18:10:00,1,1793,no,no,"no (EMPTY)"
974,27129,2,closed,"2024-03-04 00:00:00",18:55:19,"2024-03-06 00:00:00",21:34,3,1758,no,no,"no (EMPTY)"
973,27128,2,closed,"2024-03-04 00:00:00",18:32:47,"2024-03-04 00:00:00",22:49:00,1,1729,no,no,"no (EMPTY)"
972,27122,2,closed,"2024-03-04 00:00:00",16:33:57,"2024-03-07 00:00:00",13:21,3,1787,no,no,"no (EMPTY)"
971,27115,2,closed,"2024-03-04 00:00:00",14:47:07,"2024-03-04 00:00:00",16:18,0,1848,no,no,"no (EMPTY)"
970,27113,2,closed,"2024-03-04 00:00:00",13:04:19,"2024-03-04 00:00:00",21:19,1,1703,no,no,"no (EMPTY)"
969,27112,2,closed,"2024-03-04 00:00:00",12:19:28,"2024-03-07 00:00:00",11:45,3,1730,no,no,"no (EMPTY)"
968,27105,2,closed,"2024-03-04 00:00:00",10:32:47,"2024-03-04 00:00:00",13:59,1,1757,no,no,"no (EMPTY)"
979,27145,2,closed,"2024-03-05 00:00:00",18:00:35,"2024-03-06 00:00:00",18:15,1,1703,no,no,"no (EMPTY)"
978,27142,2,closed,"2024-03-05 00:00:00",16:24:07,"2024-03-08 00:00:00",20:26,3,1823,no,no,"no (EMPTY)"
977,27140,2,closed,"2024-03-05 00:00:00",15:27:54,"2024-03-06 00:00:00",10:33,1,1742,no,no,"no (EMPTY)"
976,27138,2,closed,"2024-03-05 00:00:00",15:17:37,"2024-03-10 00:00:00",23:31:00,6,1711,no,no,"no (EMPTY)"
980,27154,2,closed,"2024-03-05 00:00:00",23:00:00,"2024-03-06 00:00:00",15:17,1,1835,no,no,"no (EMPTY)"
984,27165,2,closed,"2024-03-06 00:00:00",20:10:01,"2024-03-08 00:00:00",22:44,2,1734,no,no,"no (EMPTY)"
983,27159,2,closed,"2024-03-06 00:00:00",13:52:56,"2024-03-18 00:00:00",12:22,12,1834,no,no,"no (EMPTY)"
982,27158,2,closed,"2024-03-06 00:00:00",13:45:53,"2024-03-06 00:00:00",15:40,1,1844,no,no,"no (EMPTY)"
981,27155,2,closed,"2024-03-06 00:00:00",11:10:23,"2024-03-07 00:00:00",14:53,2,1765,no,no,"no (EMPTY)"
987,27188,2,closed,"2024-03-07 00:00:00",19:03:55,"2024-03-08 00:00:00",22:46,2,1782,no,no,"no (EMPTY)"
986,27184,2,closed,"2024-03-07 00:00:00",17:18:12,"2024-03-07 00:00:00",19:57,0,1825,no,no,"no (EMPTY)"
985,27179,2,closed,"2024-03-07 00:00:00",13:37:03,"2024-03-07 00:00:00",14:44,0,1715,no,no,"no (EMPTY)"
993,27206,2,closed,"2024-03-08 00:00:00",17:03:14,"2024-03-08 00:00:00",21:54,1,1797,no,no,"no (EMPTY)"
992,27204,2,closed,"2024-03-08 00:00:00",16:50:46,"2024-03-08 00:00:00",22:46,1,1742,no,no,"no (EMPTY)"
991,27203,2,closed,"2024-03-08 00:00:00",16:09:33,"2024-03-08 00:00:00",22:47,1,1854,no,no,"no (EMPTY)"
990,27202,2,closed,"2024-03-08 00:00:00",15:20:00,"2024-03-08 00:00:00",17:01,1,1846,no,no,"no (EMPTY)"
989,27201,2,closed,"2024-03-08 00:00:00",13:14:34,"2024-03-08 00:00:00",16:08,1,1714,no,no,"no (EMPTY)"
988,27197,2,closed,"2024-03-08 00:00:00",11:00:00,"2024-03-08 00:00:00",16:30:00,1,1783,no,no,"no (EMPTY)"
994,27218,2,closed,"2024-03-10 00:00:00",14:42:01,"2024-03-13 00:00:00",11:31,3,1851,no,no,"no (EMPTY)"
998,27237,2,closed,"2024-03-11 00:00:00",16:25:05,"2024-03-14 00:00:00",11:03,3,1748,no,no,"no (EMPTY)"
997,27235,2,closed,"2024-03-11 00:00:00",15:01:13,"2024-03-26 00:00:00",21:40,15,1756,no,no,"no (EMPTY)"
996,27232,2,closed,"2024-03-11 00:00:00",10:44:00,"2024-03-12 00:00:00",02:31,1,1828,no,no,"no (EMPTY)"
995,27231,2,closed,"2024-03-11 00:00:00",10:35:00,"2024-03-11 00:00:00",22:36,1,1812,no,no,"no (EMPTY)"
1002,27263,2,closed,"2024-03-12 00:00:00",21:15:05,"2024-03-13 00:00:00",12:32:00,1,1840,no,no,"no (EMPTY)"
1001,27258,2,closed,"2024-03-12 00:00:00",15:04:42,"2024-03-14 00:00:00",14:59,2,1823,no,no,"no (EMPTY)"
1000,27257,2,closed,"2024-03-12 00:00:00",14:55:37,"2024-03-18 00:00:00",12:27,6,1783,no,no,"no (EMPTY)"
999,27253,2,closed,"2024-03-12 00:00:00",11:38:15,"2024-03-13 00:00:00",20:51,2,1807,no,no,"no (EMPTY)"
1009,27287,2,closed,"2024-03-13 00:00:00",22:37:03,"2024-03-16 00:00:00",18:27,3,1740,no,no,"no (EMPTY)"
1008,27286,2,closed,"2024-03-13 00:00:00",21:49:10,"2024-03-14 00:00:00",14:10:00,1,1746,no,no,"no (EMPTY)"
1007,27284,2,closed,"2024-03-13 00:00:00",21:25:04,"2024-03-15 00:00:00",12:21:00,2,1839,no,no,"no (EMPTY)"
1006,27278,2,closed,"2024-03-13 00:00:00",16:47:06,"2024-03-14 00:00:00",21:14,2,1848,no,no,"no (EMPTY)"
1005,27276,2,closed,"2024-03-13 00:00:00",14:20:29,"2024-03-13 00:00:00",18:07:00,1,1843,no,no,"no (EMPTY)"
1004,27273,2,closed,"2024-03-13 00:00:00",12:28:20,"2024-03-15 00:00:00",12:32:00,2,1773,no,no,"no (EMPTY)"
1003,27271,2,closed,"2024-03-13 00:00:00",11:33:50,"2024-03-15 00:00:00",18:01:00,2,1795,no,no,"no (EMPTY)"
1012,27297,2,closed,"2024-03-14 00:00:00",14:25:53,"2024-03-15 00:00:00",13:49,1,1804,no,no,"no (EMPTY)"
1011,27294,2,closed,"2024-03-14 00:00:00",13:18:00,"2024-03-17 00:00:00",02:40:00,3,1853,no,no,"no (EMPTY)"
1010,27293,2,closed,"2024-03-14 00:00:00",12:53:27,"2024-03-18 00:00:00",13:50,4,1730,no,no,"no (EMPTY)"
1019,27323,2,closed,"2024-03-15 00:00:00",23:22:00,"2024-03-20 00:00:00",23:00:00,5,1757,no,no,"no (EMPTY)"
1018,27322,2,closed,"2024-03-15 00:00:00",23:02:34,"2024-03-16 00:00:00",15:06:00,1,1844,no,no,"no (EMPTY)"
1017,27321,5,closed,"2024-03-15 00:00:00",23:02:49,"2024-03-15 00:00:00",23:02:49,0,1844,yes,yes,"no (EMPTY)"
1016,27315,2,closed,"2024-03-15 00:00:00",20:08:13,"2024-03-16 00:00:00",23:41:00,2,1837,no,no,"no (EMPTY)"
1015,27313,2,closed,"2024-03-15 00:00:00",15:12:04,"2024-03-16 00:00:00",01:33:00,1,1833,no,no,"no (EMPTY)"
1014,27312,2,closed,"2024-03-15 00:00:00",13:21:42,"2024-03-22 00:00:00",16:24:00,8,1781,no,no,"no (EMPTY)"
1013,27311,2,closed,"2024-03-15 00:00:00",11:00:00,"2024-03-16 00:00:00",22:53:00,2,1789,no,no,"no (EMPTY)"
1023,27338,2,closed,"2024-03-16 00:00:00",23:12:50,"2024-03-24 00:00:00",13:16,8,1787,no,no,"no (EMPTY)"
1022,27331,2,closed,"2024-03-16 00:00:00",15:18:24,"2024-03-18 00:00:00",12:42:00,2,1776,no,no,"no (EMPTY)"
1021,27327,2,closed,"2024-03-16 00:00:00",12:30:02,"2024-03-19 00:00:00",02:02:00,3,1748,no,no,"no (EMPTY)"
1020,27324,2,closed,"2024-03-16 00:00:00",12:15:06,"2024-03-18 00:00:00",12:18,2,1771,no,no,"no (EMPTY)"
1026,27344,2,closed,"2024-03-17 00:00:00",14:23:51,"2024-03-19 00:00:00",23:33:00,3,1738,no,no,"no (EMPTY)"
1025,27343,2,closed,"2024-03-17 00:00:00",13:49:59,"2024-03-18 00:00:00",12:20,1,1753,no,no,"no (EMPTY)"
1024,27339,2,closed,"2024-03-17 00:00:00",00:13:09,"2024-03-20 00:00:00",13:36,4,1815,no,no,"no (EMPTY)"
1029,27358,2,closed,"2024-03-18 00:00:00",14:30:29,"2024-03-18 00:00:00",16:17:00,1,1783,no,no,"no (EMPTY)"
1028,27353,2,closed,"2024-03-18 00:00:00",11:23:34,"2024-03-22 00:00:00",00:50:00,4,1735,no,no,"no (EMPTY)"
1027,27352,2,closed,"2024-03-18 00:00:00",11:21:16,"2024-03-19 00:00:00",13:28:00,1,1799,no,no,"no (EMPTY)"
1035,27380,2,closed,"2024-03-19 00:00:00",23:46:43,"2024-03-28 00:00:00",14:07,9,1730,no,no,"no (EMPTY)"
1034,27379,2,closed,"2024-03-19 00:00:00",22:33:07,"2024-03-20 00:00:00",00:00:00,1,1773,no,no,"no (EMPTY)"
1033,27375,2,closed,"2024-03-19 00:00:00",16:42:29,"2024-03-22 00:00:00",22:21,4,1802,no,no,"no (EMPTY)"
1032,27373,2,closed,"2024-03-19 00:00:00",15:32:21,"2024-03-20 00:00:00",17:07,1,1793,no,no,"no (EMPTY)"
1031,27370,2,closed,"2024-03-19 00:00:00",11:56:00,"2024-03-20 00:00:00",02:16:00,1,1844,no,no,"no (EMPTY)"
1030,27367,2,closed,"2024-03-19 00:00:00",11:45:33,"2024-03-19 00:00:00",16:56:00,1,1733,no,no,"no (EMPTY)"
1038,27390,2,closed,"2024-03-20 00:00:00",14:55:23,"2024-03-27 00:00:00",11:20,7,1831,no,no,"no (EMPTY)"
1037,27385,2,closed,"2024-03-20 00:00:00",11:53:54,"2024-03-21 00:00:00",01:24:00,1,1720,no,no,"no (EMPTY)"
1036,27383,2,closed,"2024-03-20 00:00:00",11:24:01,"2024-03-26 00:00:00",13:01,6,1743,no,no,"no (EMPTY)"
1044,27419,2,closed,"2024-03-21 00:00:00",23:09:31,"2024-03-22 00:00:00",12:07,1,1771,no,no,"no (EMPTY)"
1043,27415,2,closed,"2024-03-21 00:00:00",16:22:25,"2024-03-25 00:00:00",13:25,4,1749,no,no,"no (EMPTY)"
1042,27414,2,closed,"2024-03-21 00:00:00",16:13:18,"2024-03-22 00:00:00",13:05,1,1737,no,no,"no (EMPTY)"
1041,27407,2,closed,"2024-03-21 00:00:00",10:13:00,"2024-03-26 00:00:00",15:23,6,1763,no,no,"no (EMPTY)"
1040,27406,2,closed,"2024-03-21 00:00:00",10:00:00,"2024-03-22 00:00:00",21:24,2,1762,no,no,"no (EMPTY)"
1039,27405,2,closed,"2024-03-21 00:00:00",10:11:00,"2024-03-22 00:00:00",14:32:00,2,1761,no,no,"no (EMPTY)"
1050,27447,2,closed,"2024-03-22 00:00:00",23:32:42,"2024-03-23 00:00:00",11:00:00,1,1840,no,no,"no (EMPTY)"
1049,27441,2,closed,"2024-03-22 00:00:00",21:19:40,"2024-03-28 00:00:00",11:55,6,1788,no,no,"no (EMPTY)"
1048,27440,2,closed,"2024-03-22 00:00:00",21:17:19,"2024-03-23 00:00:00",02:41,1,1776,no,no,"no (EMPTY)"
1047,27427,2,closed,"2024-03-22 00:00:00",12:08:47,"2024-03-22 00:00:00",22:20,1,1780,no,no,"no (EMPTY)"
1046,27426,2,closed,"2024-03-22 00:00:00",11:00:00,"2024-03-24 00:00:00",16:47,3,1835,no,no,"no (EMPTY)"
1045,27420,2,closed,"2024-03-22 00:00:00",01:11:20,"2024-03-25 00:00:00",02:00:00,3,1837,no,no,"no (EMPTY)"
1054,27459,2,closed,"2024-03-23 00:00:00",23:27:57,"2024-03-25 00:00:00",17:09,2,1767,no,no,"no (EMPTY)"
1053,27458,2,closed,"2024-03-23 00:00:00",21:44:58,"2024-04-01 00:00:00",10:45:00,9,1757,no,no,"no (EMPTY)"
1052,27457,2,closed,"2024-03-23 00:00:00",21:11:08,"2024-03-26 00:00:00",03:00:00,3,1771,no,no,"no (EMPTY)"
1051,27450,2,closed,"2024-03-23 00:00:00",12:31:51,"2024-03-25 00:00:00",12:50,2,1829,no,no,"no (EMPTY)"
1056,27465,2,closed,"2024-03-24 00:00:00",14:33:39,"2024-03-25 00:00:00",14:46,1,1758,no,no,"no (EMPTY)"
1055,27462,2,closed,"2024-03-24 00:00:00",11:59:08,"2024-03-29 00:00:00",13:00:00,5,1753,no,no,"no (EMPTY)"
1060,27489,2,closed,"2024-03-25 00:00:00",23:04:31,"2024-03-30 00:00:00",18:00:00,5,1852,no,no,"no (EMPTY)"
1059,27482,2,closed,"2024-03-25 00:00:00",14:56:12,"2024-03-27 00:00:00",02:20:00,2,1776,no,no,"no (EMPTY)"
1058,27478,2,closed,"2024-03-25 00:00:00",12:21:49,"2024-03-25 00:00:00",14:52,0,1697,no,no,"no (EMPTY)"
1057,27477,2,closed,"2024-03-25 00:00:00",11:27:19,"2024-03-28 00:00:00",03:03:00,3,1704,no,no,"no (EMPTY)"
1065,27502,2,closed,"2024-03-26 00:00:00",16:40:15,"2024-03-29 00:00:00",16:10:00,3,1775,no,no,"no (EMPTY)"
1064,27499,2,closed,"2024-03-26 00:00:00",15:16:26,"2024-03-26 00:00:00",17:30:00,0,1837,no,no,"no (EMPTY)"
1063,27496,2,closed,"2024-03-26 00:00:00",13:26:14,"2024-03-26 00:00:00",15:20,0,1782,no,no,"no (EMPTY)"
1062,27495,2,closed,"2024-03-26 00:00:00",12:51:32,"2024-03-26 00:00:00",16:38,1,1809,no,no,"no (EMPTY)"
1061,27490,2,closed,"2024-03-26 00:00:00",11:27:45,"2024-03-28 00:00:00",17:54,3,1762,no,no,"no (EMPTY)"
1066,27508,2,closed,"2024-03-27 00:00:00",00:27:35,"2024-03-27 00:00:00",23:00:00,1,1761,no,no,"no (EMPTY)"
1073,27536,2,closed,"2024-03-28 00:00:00",19:34:00,"2024-04-02 00:00:00",12:20:00,5,1836,no,no,"no (EMPTY)"
1072,27532,2,closed,"2024-03-28 00:00:00",16:22:05,"2024-03-31 00:00:00",01:30:00,3,1778,no,no,"no (EMPTY)"
1071,27531,2,closed,"2024-03-28 00:00:00",15:36:18,"2024-03-29 00:00:00",13:24,1,1738,no,no,"no (EMPTY)"
1070,27530,2,closed,"2024-03-28 00:00:00",13:40:41,"2024-03-29 00:00:00",17:46,2,1729,no,no,"no (EMPTY)"
1069,27529,2,closed,"2024-03-28 00:00:00",13:37:37,"2024-03-29 00:00:00",12:53:00,1,1803,no,no,"no (EMPTY)"
1068,27527,2,closed,"2024-03-28 00:00:00",12:08:37,"2024-03-28 00:00:00",15:22:00,1,1754,no,no,"no (EMPTY)"
1067,27526,2,closed,"2024-03-28 00:00:00",12:04:14,"2024-03-28 00:00:00",13:15:00,0,1784,no,no,"no (EMPTY)"
1077,27555,2,closed,"2024-03-29 00:00:00",23:20:41,"2024-04-03 00:00:00",11:20:00,5,1763,no,no,"no (EMPTY)"
1076,27551,2,closed,"2024-03-29 00:00:00",20:12:39,"2024-04-04 00:00:00",02:06:00,6,1773,no,no,"no (EMPTY)"
1075,27548,2,closed,"2024-03-29 00:00:00",17:00:00,"2024-03-31 00:00:00",12:45,2,1730,no,no,"no (EMPTY)"
1074,27547,2,closed,"2024-03-29 00:00:00",15:34:00,"2024-04-03 00:00:00",12:07:00,5,1734,no,no,"no (EMPTY)"
1080,27576,2,closed,"2024-03-30 00:00:00",21:20:00,"2024-04-01 00:00:00",16:40:00,2,1769,no,no,"no (EMPTY)"
1079,27575,2,closed,"2024-03-30 00:00:00",20:00:00,"2024-04-06 00:00:00",16:33:00,7,1819,no,no,"no (EMPTY)"
1078,27563,2,closed,"2024-03-30 00:00:00",14:55:43,"2024-04-04 00:00:00",15:15:00,5,1776,no,no,"no (EMPTY)"
1082,27584,2,closed,"2024-03-31 00:00:00",15:43:09,"2024-04-09 00:00:00",01:04:00,9,1732,no,no,"no (EMPTY)"
1081,27581,2,closed,"2024-03-31 00:00:00",12:28:08,"2024-04-03 00:00:00",00:18:00,3,1851,no,no,"no (EMPTY)"
1089,27604,2,closed,"2024-04-01 00:00:00",21:26,"2024-04-03 00:00:00",02:28,2,1720,no,no,"no (EMPTY)"
1088,27602,2,closed,"2024-04-01 00:00:00",20:00:00,"2024-04-09 00:00:00",16:30:00,8,1845,no,no,"no (EMPTY)"
1087,27599,2,closed,"2024-04-01 00:00:00",15:27:08,"2024-04-02 00:00:00",01:35:00,1,1793,no,no,"no (EMPTY)"
1086,27598,2,closed,"2024-04-01 00:00:00",15:23:02,"2024-04-09 00:00:00",14:10:00,8,1835,no,no,"no (EMPTY)"
1085,27596,2,closed,"2024-04-01 00:00:00",12:42:25,"2024-04-08 00:00:00",16:20:00,8,1753,no,no,"no (EMPTY)"
1084,27595,2,closed,"2024-04-01 00:00:00",12:39:53,"2024-04-08 00:00:00",01:00,7,1810,no,no,"no (EMPTY)"
1083,27593,2,closed,"2024-04-01 00:00:00",10:40:00,"2024-04-05 00:00:00",02:42:00,4,1750,no,no,"no (EMPTY)"
1093,27621,2,closed,"2024-04-02 00:00:00",20:40:00,"2024-04-04 00:00:00",15:46:00,2,1778,no,no,"no (EMPTY)"
1092,27620,2,closed,"2024-04-02 00:00:00",20:42:00,"2024-04-06 00:00:00",17:00:00,4,1784,no,no,"no (EMPTY)"
1091,27609,2,closed,"2024-04-02 00:00:00",12:36:15,"2024-04-03 00:00:00",18:20:00,2,1730,no,no,"no (EMPTY)"
1090,27608,2,closed,"2024-04-02 00:00:00",10:50:00,"2024-04-04 00:00:00",00:20:00,2,1843,no,no,"no (EMPTY)"
1099,27642,2,closed,"2024-04-03 00:00:00",20:30:00,"2024-04-06 00:00:00",18:00:00,3,1852,no,no,"no (EMPTY)"
1098,27640,2,closed,"2024-04-03 00:00:00",18:15:00,"2024-04-04 00:00:00",14:55:00,1,1757,no,no,"no (EMPTY)"
1097,27629,2,closed,"2024-04-03 00:00:00",12:27:53,"2024-04-03 00:00:00",15:15:00,1,1746,no,no,"no (EMPTY)"
1096,27628,2,closed,"2024-04-03 00:00:00",09:00:00,"2024-04-09 00:00:00",22:20:00,7,1738,no,no,"no (EMPTY)"
1095,27625,2,closed,"2024-04-03 00:00:00",11:00:00,"2024-04-04 00:00:00",17:15:00,2,1814,no,no,"no (EMPTY)"
1094,27624,2,closed,"2024-04-03 00:00:00",11:00:00,"2024-04-03 00:00:00",16:54,1,1812,no,no,"no (EMPTY)"
1103,27654,2,closed,"2024-04-04 00:00:00",22:20:00,"2024-04-08 00:00:00",12:30:00,4,1733,no,no,"no (EMPTY)"
1102,27649,2,closed,"2024-04-04 00:00:00",15:30:00,"2024-04-05 00:00:00",17:47:00,1,1749,no,no,"no (EMPTY)"
1101,27645,2,closed,"2024-04-04 00:00:00",10:47:00,"2024-04-06 00:00:00",12:50:00,2,1802,no,no,"no (EMPTY)"
1100,27643,2,closed,"2024-04-04 00:00:00",00:20:00,"2024-04-05 00:00:00",14:41:00,2,1748,no,no,"no (EMPTY)"
1108,27673,2,closed,"2024-04-05 00:00:00",22:30:00,"2024-04-07 00:00:00",14:57,2,1820,no,no,"no (EMPTY)"
1107,27669,2,closed,"2024-04-05 00:00:00",16:38:00,"2024-04-06 00:00:00",18:00:00,1,1833,no,no,"no (EMPTY)"
1106,27663,2,closed,"2024-04-05 00:00:00",15:19:16,"2024-04-06 00:00:00",21:25,2,1796,no,no,"no (EMPTY)"
1105,27660,2,closed,"2024-04-05 00:00:00",11:00:00,"2024-04-05 00:00:00",16:20:00,1,1854,no,no,"no (EMPTY)"
1104,27655,2,closed,"2024-04-05 00:00:00",00:17:00,"2024-04-09 00:00:00",18:00:00,5,1742,no,no,"no (EMPTY)"
1112,27694,2,closed,"2024-04-06 00:00:00",23:40:00,"2024-04-09 00:00:00",12:00:00,3,1737,no,no,"no (EMPTY)"
1111,27693,2,closed,"2024-04-06 00:00:00",20:35:00,"2024-04-09 00:00:00",18:00:00,3,1786,no,no,"no (EMPTY)"
1110,27679,2,closed,"2024-04-06 00:00:00",13:15:00,"2024-04-07 00:00:00",01:07,1,1772,no,no,"no (EMPTY)"
1109,27676,2,closed,"2024-04-06 00:00:00",11:30:00,"2024-04-07 00:00:00",01:05,1,1752,no,no,"no (EMPTY)"
1116,27706,2,closed,"2024-04-07 00:00:00",16:59:54,"2024-04-08 00:00:00",14:25:00,1,1812,no,no,"no (EMPTY)"
1115,27702,2,closed,"2024-04-07 00:00:00",14:02:51,"2024-04-09 00:00:00",15:00:00,2,1704,no,no,"no (EMPTY)"
1114,27696,2,closed,"2024-04-07 00:00:00",01:00:00,"2024-04-07 00:00:00",18:30:00,1,1730,no,no,"no (EMPTY)"
1113,27695,2,closed,"2024-04-07 00:00:00",00:00:00,"2024-04-08 00:00:00",13:20:00,2,1720,no,no,"no (EMPTY)"
1117,27712,2,closed,"2024-04-07 00:00:00",22:00:00,"2024-04-08 00:00:00",14:20:00,1,1814,no,no,"no (EMPTY)"
1122,27722,2,closed,"2024-04-08 00:00:00",15:44:16,"2024-04-09 00:00:00",16:30:00,1,1805,no,no,"no (EMPTY)"
1121,27721,2,closed,"2024-04-08 00:00:00",14:00:00,"2024-04-08 00:00:00",23:56,1,1758,no,no,"no (EMPTY)"
1120,27720,2,closed,"2024-04-08 00:00:00",14:30:31,"2024-04-08 00:00:00",17:25:00,1,1815,no,no,"no (EMPTY)"
1119,27719,2,closed,"2024-04-08 00:00:00",13:30:00,"2024-04-09 00:00:00",21:51,2,1775,no,no,"no (EMPTY)"
1118,27718,2,closed,"2024-04-08 00:00:00",13:25:00,"2024-04-08 00:00:00",16:00:00,1,1821,no,no,"no (EMPTY)"
1125,27739,2,closed,"2024-04-09 00:00:00",13:02:05,"2024-04-10 00:00:00",01:30:00,1,1736,no,no,"no (EMPTY)"
1124,27737,2,closed,"2024-04-09 00:00:00",12:10:00,"2024-04-09 00:00:00",22:00:00,1,1844,no,no,"no (EMPTY)"
1123,27735,2,closed,"2024-04-09 00:00:00",10:40:00,"2024-04-15 00:00:00",19:30:00,7,1778,no,no,"no (EMPTY)"
1126,27808,2,closed,"2024-04-11 00:00:00",10:30:00,"2024-04-12 00:00:00",16:00:00,2,1845,no,no,"no (EMPTY)"
1128,27831,2,closed,"2024-04-12 00:00:00",15:00:00,"2024-04-12 00:00:00",18:04,1,1761,no,no,"no (EMPTY)"
1127,27829,2,closed,"2024-04-12 00:00:00",16:30:00,"2024-04-13 00:00:00",18:30:00,1,1801,no,no,"no (EMPTY)"
1132,27858,2,closed,"2024-04-13 00:00:00",22:30:00,"2024-06-28 00:00:00",13:37,76,1736,no,no,"no (EMPTY)"
1131,27850,2,closed,"2024-04-13 00:00:00",19:43:20,"2024-04-13 00:00:00",23:47,1,1775,no,no,"no (EMPTY)"
1130,27847,2,closed,"2024-04-13 00:00:00",00:00:00,"2024-04-15 00:00:00",14:33,3,1735,no,no,"no (EMPTY)"
1129,27846,2,closed,"2024-04-13 00:00:00",14:30:00,"2024-04-13 00:00:00",23:29,1,1805,no,no,"no (EMPTY)"
1135,27871,2,closed,"2024-04-14 00:00:00",16:18:03,"2024-04-15 00:00:00",10:44,1,1738,no,no,"no (EMPTY)"
1134,27869,2,closed,"2024-04-14 00:00:00",14:49:32,"2024-04-21 00:00:00",14:48,7,1742,no,no,"no (EMPTY)"
1133,27859,2,closed,"2024-04-14 00:00:00",01:00:00,"2024-05-23 00:00:00",21:58,40,1849,no,no,"no (EMPTY)"
1142,27902,2,closed,"2024-04-15 00:00:00",19:45:00,"2024-04-15 00:00:00",22:18,1,1825,no,no,"no (EMPTY)"
1141,27898,5,closed,"2024-04-15 00:00:00",16:00:00,"2024-04-15 00:00:00",16:00:00,0,1823,yes,yes,"no (EMPTY)"
1140,27895,2,closed,"2024-04-15 00:00:00",15:50:00,"2024-04-19 00:00:00",20:50,5,1703,no,no,"no (EMPTY)"
1139,27894,2,closed,"2024-04-15 00:00:00",15:55:08,"2024-04-15 00:00:00",21:55,1,1762,no,no,"no (EMPTY)"
1138,27891,2,closed,"2024-04-15 00:00:00",14:36:14,"2024-04-26 00:00:00",12:10:00,11,1835,no,no,"no (EMPTY)"
1137,27884,2,closed,"2024-04-15 00:00:00",12:29:15,"2024-04-15 00:00:00",14:40,0,1819,no,no,"no (EMPTY)"
1136,27881,2,closed,"2024-04-15 00:00:00",10:43:32,"2024-04-21 00:00:00",13:30:00,7,1776,no,no,"no (EMPTY)"
1144,27913,2,closed,"2024-04-16 00:00:00",14:40:59,"2024-05-02 00:00:00",22:30:00,17,1860,no,no,"no (EMPTY)"
1143,27908,2,closed,"2024-04-16 00:00:00",13:03:36,"2024-05-11 00:00:00",20:27,26,1863,no,no,"no (EMPTY)"
1145,27916,2,closed,"2024-04-17 00:00:00",17:58:23,"2024-04-19 00:00:00",21:50,2,1850,no,no,"no (EMPTY)"
1147,27940,2,closed,"2024-04-19 00:00:00",08:00:00,"2024-06-28 00:00:00",22:40,71,1746,no,no,"no (EMPTY)"
1146,27923,2,closed,"2024-04-19 00:00:00",11:39:00,"2024-04-20 00:00:00",16:02,2,1810,no,no,"no (EMPTY)"
1150,27949,2,closed,"2024-04-20 00:00:00",16:45:06,"2024-04-20 00:00:00",18:10:00,0,1828,no,no,"no (EMPTY)"
1149,27947,2,closed,"2024-04-20 00:00:00",16:18:26,"2024-04-20 00:00:00",18:04,0,1765,no,no,"no (EMPTY)"
1148,27945,2,closed,"2024-04-20 00:00:00",15:17:51,"2024-09-23 00:00:00",18:10,157,1857,no,no,"no (EMPTY)"
1154,27971,2,closed,"2024-04-21 00:00:00",19:05:12,"2024-04-22 00:00:00",01:21,1,1794,no,no,"no (EMPTY)"
1153,27967,5,closed,"2024-04-21 00:00:00",16:00:03,"2024-04-21 00:00:00",16:00:03,0,1839,yes,yes,"no (EMPTY)"
1152,27965,2,closed,"2024-04-21 00:00:00",15:32:16,"2024-04-21 00:00:00",17:45,0,1791,no,no,"no (EMPTY)"
1151,27959,2,closed,"2024-04-21 00:00:00",11:48:47,"2024-04-22 00:00:00",16:00:00,2,1704,no,no,"no (EMPTY)"
1156,27999,2,closed,"2024-04-22 00:00:00",22:30:00,"2024-04-26 00:00:00",19:30:00,4,1812,no,no,"no (EMPTY)"
1155,27995,2,closed,"2024-04-22 00:00:00",20:00:00,"2024-04-23 00:00:00",16:00:00,1,1757,no,no,"no (EMPTY)"
1164,28022,2,closed,"2024-04-23 00:00:00",21:30:00,"2024-04-24 00:00:00",21:00:00,1,1851,no,no,"no (EMPTY)"
1163,28014,2,closed,"2024-04-23 00:00:00",17:30:00,"2024-04-24 00:00:00",15:00:00,1,1840,no,no,"no (EMPTY)"
1162,28011,2,closed,"2024-04-23 00:00:00",13:00:00,"2024-04-23 00:00:00",15:45:00,0,1743,no,no,"no (EMPTY)"
1161,28008,2,closed,"2024-04-23 00:00:00",14:00:00,"2024-04-23 00:00:00",21:00:00,1,1833,no,no,"no (EMPTY)"
1160,28007,2,closed,"2024-04-23 00:00:00",14:06:12,"2024-04-24 00:00:00",21:45:00,2,1720,no,no,"no (EMPTY)"
1159,28006,2,closed,"2024-04-23 00:00:00",13:26:33,"2024-04-23 00:00:00",19:57,1,1740,no,no,"no (EMPTY)"
1158,28002,2,closed,"2024-04-23 00:00:00",11:19:52,"2024-04-23 00:00:00",14:22,1,1735,no,no,"no (EMPTY)"
1157,28001,2,closed,"2024-04-23 00:00:00",00:30:00,"2024-06-07 00:00:00",11:00:00,46,1831,no,no,"no (EMPTY)"
1170,28050,2,closed,"2024-04-24 00:00:00",23:00:00,"2024-04-27 00:00:00",23:04,3,1730,no,no,"no (EMPTY)"
1169,28041,2,closed,"2024-04-24 00:00:00",17:58:03,"2024-04-26 00:00:00",14:00:00,2,1787,no,no,"no (EMPTY)"
1168,28036,2,closed,"2024-04-24 00:00:00",15:13:33,"2024-04-26 00:00:00",23:58:00,3,1738,no,no,"no (EMPTY)"
1167,28035,2,closed,"2024-04-24 00:00:00",14:30:00,"2024-04-25 00:00:00",22:02,2,1762,no,no,"no (EMPTY)"
1166,28031,2,closed,"2024-04-24 00:00:00",12:28:36,"2024-04-24 00:00:00",15:00:00,1,1770,no,no,"no (EMPTY)"
1165,28026,2,closed,"2024-04-24 00:00:00",10:40:12,"2024-04-24 00:00:00",18:15,1,1823,no,no,"no (EMPTY)"
1174,28069,2,closed,"2024-04-25 00:00:00",19:58:01,"2024-04-26 00:00:00",20:00:00,1,1748,no,no,"no (EMPTY)"
1173,28063,2,closed,"2024-04-25 00:00:00",17:23:39,"2024-04-26 00:00:00",00:00:00,1,1729,no,no,"no (EMPTY)"
1172,28055,2,closed,"2024-04-25 00:00:00",11:51:44,"2024-04-25 00:00:00",22:10,1,1775,no,no,"no (EMPTY)"
1171,28054,2,closed,"2024-04-25 00:00:00",00:36:36,"2024-09-24 00:00:00",19:52,153,1846,no,no,"no (EMPTY)"
1176,28087,2,closed,"2024-04-26 00:00:00",16:31:44,"2024-04-28 00:00:00",00:30:00,2,1794,no,no,"no (EMPTY)"
1175,28086,2,closed,"2024-04-26 00:00:00",16:11:03,"2024-04-28 00:00:00",21:00:00,3,1789,no,no,"no (EMPTY)"
1181,28123,2,closed,"2024-04-27 00:00:00",23:36:03,"2024-04-30 00:00:00",00:45:00,3,1765,no,no,"no (EMPTY)"
1180,28122,2,closed,"2024-04-27 00:00:00",23:12:24,"2024-07-07 00:00:00",16:02,71,1852,no,no,"no (EMPTY)"
1179,28119,2,closed,"2024-04-27 00:00:00",16:00:00,"2024-05-08 00:00:00",02:00:00,11,1861,no,no,"no (EMPTY)"
1178,28114,2,closed,"2024-04-27 00:00:00",15:30:00,"2024-04-27 00:00:00",17:52,0,1732,no,no,"no (EMPTY)"
1177,28104,2,closed,"2024-04-27 00:00:00",11:20:00,"2024-04-29 00:00:00",14:24,3,1737,no,no,"no (EMPTY)"
1185,28142,2,closed,"2024-04-28 00:00:00",21:46:00,"2024-04-29 00:00:00",12:05,1,1777,no,no,"no (EMPTY)"
1184,28140,2,closed,"2024-04-28 00:00:00",18:25:00,"2024-04-28 00:00:00",22:45:00,1,1776,no,no,"no (EMPTY)"
1183,28134,2,closed,"2024-04-28 00:00:00",16:15:00,"2024-04-28 00:00:00",19:30:00,1,1780,no,no,"no (EMPTY)"
1182,28127,2,closed,"2024-04-28 00:00:00",11:46,"2024-05-03 00:00:00",13:51,5,1803,no,no,"no (EMPTY)"
1189,28158,2,closed,"2024-04-29 00:00:00",21:30:00,"2024-05-12 00:00:00",23:45:00,13,1776,no,no,"no (EMPTY)"
1188,28152,2,closed,"2024-04-29 00:00:00",13:30:00,"2024-04-29 00:00:00",22:20:00,1,1758,no,no,"no (EMPTY)"
1187,28149,2,closed,"2024-04-29 00:00:00",12:08:15,"2024-04-29 00:00:00",22:00:00,1,1752,no,no,"no (EMPTY)"
1186,28146,2,closed,"2024-04-29 00:00:00",11:02:20,"2024-05-19 00:00:00",21:40:00,21,1732,no,no,"no (EMPTY)"
1195,28184,2,closed,"2024-04-30 00:00:00",21:30:00,"2024-05-01 00:00:00",20:16,1,1843,no,no,"no (EMPTY)"
1194,28183,2,closed,"2024-04-30 00:00:00",21:30:00,"2024-05-01 00:00:00",15:25:00,1,1720,no,no,"no (EMPTY)"
1193,28181,2,closed,"2024-04-30 00:00:00",20:45:00,"2024-04-30 00:00:00",23:15,1,1753,no,no,"no (EMPTY)"
1192,28178,2,closed,"2024-04-30 00:00:00",20:10:00,"2024-05-01 00:00:00",17:00:00,1,1769,no,no,"no (EMPTY)"
1191,28171,2,closed,"2024-04-30 00:00:00",13:35:00,"2024-04-30 00:00:00",19:49,1,1793,no,no,"no (EMPTY)"
1190,28167,2,closed,"2024-04-30 00:00:00",12:00:00,"2024-05-02 00:00:00",20:00:00,3,1805,no,no,"no (EMPTY)"
1202,28209,2,closed,"2024-05-01 00:00:00",22:20:00,"2024-06-29 00:00:00",21:30:00,59,1796,no,no,"no (EMPTY)"
1201,28204,2,closed,"2024-05-01 00:00:00",17:55:00,"2024-05-02 00:00:00",02:59,1,1762,no,no,"no (EMPTY)"
1200,28202,2,closed,"2024-05-01 00:00:00",17:00:00,"2024-05-04 00:00:00",16:46,3,1771,no,no,"no (EMPTY)"
1199,28198,2,closed,"2024-05-01 00:00:00",13:55:00,"2024-05-01 00:00:00",15:01,1,1748,no,no,"no (EMPTY)"
1198,28196,2,closed,"2024-05-01 00:00:00",13:45:00,"2024-05-09 00:00:00",10:28,8,1749,no,no,"no (EMPTY)"
1197,28190,2,closed,"2024-05-01 00:00:00",10:00:00,"2024-05-02 00:00:00",18:46,2,1774,no,no,"no (EMPTY)"
1196,28188,2,closed,"2024-05-01 00:00:00",11:30:00,"2024-05-04 00:00:00",23:00:00,4,1712,no,no,"no (EMPTY)"
1203,28222,2,closed,"2024-05-02 00:00:00",17:15:00,"2024-05-03 00:00:00",22:30:00,2,1827,no,no,"no (EMPTY)"
1211,28260,2,closed,"2024-05-03 00:00:00",22:32:31,"2024-05-04 00:00:00",11:58,1,1730,no,no,"no (EMPTY)"
1210,28258,2,closed,"2024-05-03 00:00:00",21:46:46,"2024-05-05 00:00:00",17:43,2,1808,no,no,"no (EMPTY)"
1209,28256,2,closed,"2024-05-03 00:00:00",21:38:08,"2024-05-06 00:00:00",15:45:00,3,1704,no,no,"no (EMPTY)"
1208,28246,2,closed,"2024-05-03 00:00:00",14:50:00,"2024-05-03 00:00:00",16:27,0,1840,no,no,"no (EMPTY)"
1207,28244,2,closed,"2024-05-03 00:00:00",14:20:00,"2024-05-03 00:00:00",21:09:00,1,1783,no,no,"no (EMPTY)"
1206,28239,2,closed,"2024-05-03 00:00:00",13:45:00,"2024-05-03 00:00:00",21:15:00,1,1737,no,no,"no (EMPTY)"
1205,28236,2,closed,"2024-05-03 00:00:00",10:45:00,"2024-05-03 00:00:00",22:30:00,1,1850,no,no,"no (EMPTY)"
1204,28235,2,closed,"2024-05-03 00:00:00",10:46:00,"2024-05-04 00:00:00",20:40:00,2,1753,no,no,"no (EMPTY)"
1217,28281,2,closed,"2024-05-04 00:00:00",19:29,"2024-05-04 00:00:00",21:10:00,0,1850,no,no,"no (EMPTY)"
1216,28280,2,closed,"2024-05-04 00:00:00",03:00:00,"2024-05-07 00:00:00",22:47,4,1810,no,no,"no (EMPTY)"
1215,28276,2,closed,"2024-05-04 00:00:00",15:15:00,"2024-05-04 00:00:00",22:15:00,1,1775,no,no,"no (EMPTY)"
1214,28274,2,closed,"2024-05-04 00:00:00",14:34:49,"2024-05-08 00:00:00",19:24,5,1720,no,no,"no (EMPTY)"
1213,28271,2,closed,"2024-05-04 00:00:00",12:15:00,"2024-05-05 00:00:00",22:30:00,2,1788,no,no,"no (EMPTY)"
1212,28265,2,closed,"2024-05-04 00:00:00",11:40:00,"2024-05-05 00:00:00",12:30:00,1,1789,no,no,"no (EMPTY)"
1222,28309,2,closed,"2024-05-05 00:00:00",23:03:03,"2024-05-06 00:00:00",20:45:00,1,1729,no,no,"no (EMPTY)"
1221,28302,2,closed,"2024-05-05 00:00:00",18:47:41,"2024-05-06 00:00:00",20:00:00,1,1742,no,no,"no (EMPTY)"
1220,28300,2,closed,"2024-05-05 00:00:00",16:00:00,"2024-05-06 00:00:00",19:30,2,1754,no,no,"no (EMPTY)"
1219,28295,2,closed,"2024-05-05 00:00:00",11:50:00,"2024-05-10 00:00:00",18:15,6,1756,no,no,"no (EMPTY)"
1218,28294,2,closed,"2024-05-05 00:00:00",11:30:00,"2024-05-06 00:00:00",00:10:00,1,1770,no,no,"no (EMPTY)"
1224,28319,2,closed,"2024-05-06 00:00:00",16:27:53,"2024-05-08 00:00:00",14:45:00,2,1735,no,no,"no (EMPTY)"
1223,28316,2,closed,"2024-05-06 00:00:00",10:30:00,"2024-05-11 00:00:00",18:17,6,1835,no,no,"no (EMPTY)"
1228,28343,2,closed,"2024-05-07 00:00:00",16:21:24,"2024-05-07 00:00:00",18:25:00,0,1794,no,no,"no (EMPTY)"
1227,28338,2,closed,"2024-05-07 00:00:00",14:58:31,"2024-05-07 00:00:00",20:36,1,1765,no,no,"no (EMPTY)"
1226,28337,2,closed,"2024-05-07 00:00:00",12:47:39,"2024-05-07 00:00:00",18:30:00,1,1771,no,no,"no (EMPTY)"
1225,28334,2,closed,"2024-05-07 00:00:00",10:40:00,"2024-05-07 00:00:00",12:20:00,0,1795,no,no,"no (EMPTY)"
1231,28367,2,closed,"2024-05-08 00:00:00",19:47:11,"2024-05-11 00:00:00",16:46,3,1767,no,no,"no (EMPTY)"
1230,28365,2,closed,"2024-05-08 00:00:00",17:05:00,"2024-05-13 00:00:00",15:11,5,1718,no,no,"no (EMPTY)"
1229,28359,2,closed,"2024-05-08 00:00:00",14:58:49,"2024-05-09 00:00:00",13:24,1,1850,no,no,"no (EMPTY)"
1235,28386,2,closed,"2024-05-09 00:00:00",17:25:00,"2024-05-12 00:00:00",19:43,3,1853,no,no,"no (EMPTY)"
1234,28384,2,closed,"2024-05-09 00:00:00",17:33:46,"2024-05-17 00:00:00",00:45:00,8,1762,no,no,"no (EMPTY)"
1233,28377,2,closed,"2024-05-09 00:00:00",11:03:52,"2024-05-10 00:00:00",11:15:00,1,1819,no,no,"no (EMPTY)"
1232,28376,5,closed,"2024-05-09 00:00:00",10:35:00,"2024-05-09 00:00:00",10:35:00,0,1780,yes,yes,"no (EMPTY)"
1237,28410,2,closed,"2024-05-10 00:00:00",18:20:22,"2024-05-16 00:00:00",14:27,6,1743,no,no,"no (EMPTY)"
1236,28402,2,closed,"2024-05-10 00:00:00",11:00:00,"2024-05-16 00:00:00",13:15,6,1773,no,no,"no (EMPTY)"
1242,28434,2,closed,"2024-05-11 00:00:00",22:59:05,"2024-06-25 00:00:00",21:06:00,45,1742,no,no,"no (EMPTY)"
1241,28433,2,closed,"2024-05-11 00:00:00",21:40:00,"2024-05-13 00:00:00",18:25,2,1808,no,no,"no (EMPTY)"
1240,28430,2,closed,"2024-05-11 00:00:00",19:45:00,"2024-05-12 00:00:00",14:13,1,1823,no,no,"no (EMPTY)"
1239,28425,2,closed,"2024-05-11 00:00:00",16:01:57,"2024-05-13 00:00:00",16:00:00,2,1765,no,no,"no (EMPTY)"
1238,28420,2,closed,"2024-05-11 00:00:00",11:00:00,"2024-05-13 00:00:00",23:10:00,3,1790,no,no,"no (EMPTY)"
1244,28437,2,closed,"2024-05-12 00:00:00",12:57:20,"2024-05-12 00:00:00",22:40:00,1,1735,no,no,"no (EMPTY)"
1243,28436,2,closed,"2024-05-12 00:00:00",10:50:00,"2024-05-12 00:00:00",16:04:00,1,1828,no,no,"no (EMPTY)"
1249,28466,2,closed,"2024-05-13 00:00:00",14:47:00,"2024-05-23 00:00:00",22:25,11,1704,no,no,"no (EMPTY)"
1248,28459,2,closed,"2024-05-13 00:00:00",18:48:06,"2024-05-19 00:00:00",11:16,6,1763,no,no,"no (EMPTY)"
1247,28455,2,closed,"2024-05-13 00:00:00",16:00:00,"2024-05-14 00:00:00",21:12,2,1781,no,no,"no (EMPTY)"
1246,28452,2,closed,"2024-05-13 00:00:00",13:20:00,"2024-05-14 00:00:00",16:25:00,2,1774,no,no,"no (EMPTY)"
1245,28449,2,closed,"2024-05-13 00:00:00",11:06:35,"2024-05-14 00:00:00",23:45:00,2,1750,no,no,"no (EMPTY)"
1251,28475,2,closed,"2024-05-14 00:00:00",22:00:00,"2024-05-16 00:00:00",18:43,2,1776,no,no,"no (EMPTY)"
1250,28469,2,closed,"2024-05-14 00:00:00",16:28:00,"2024-05-18 00:00:00",17:15:00,4,1758,no,no,"no (EMPTY)"
1256,28498,2,closed,"2024-05-15 00:00:00",23:00:00,"2024-05-21 00:00:00",16:36,6,1752,no,no,"no (EMPTY)"
1255,28496,2,closed,"2024-05-15 00:00:00",22:00:00,"2024-05-19 00:00:00",15:17,4,1835,no,no,"no (EMPTY)"
1254,28488,2,closed,"2024-05-15 00:00:00",13:30:00,"2024-05-15 00:00:00",19:50:00,1,1844,no,no,"no (EMPTY)"
1253,28487,2,closed,"2024-05-15 00:00:00",15:30:00,"2024-05-21 00:00:00",23:36,7,1833,no,no,"no (EMPTY)"
1252,28480,2,closed,"2024-05-15 00:00:00",10:45:00,"2024-05-25 00:00:00",21:36,11,1837,no,no,"no (EMPTY)"
1260,28514,2,closed,"2024-05-16 00:00:00",20:20:00,"2024-06-04 00:00:00",13:00:00,19,1808,no,no,"no (EMPTY)"
1259,28511,2,closed,"2024-05-16 00:00:00",17:00:00,"2024-05-17 00:00:00",00:40:00,1,1794,no,no,"no (EMPTY)"
1258,28505,2,closed,"2024-05-16 00:00:00",13:22:21,"2024-05-18 00:00:00",19:40:00,3,1812,no,no,"no (EMPTY)"
1257,28504,2,closed,"2024-05-16 00:00:00",11:45:00,"2024-05-19 00:00:00",17:40:00,4,1783,no,no,"no (EMPTY)"
1263,28534,2,closed,"2024-05-17 00:00:00",22:17,"2024-08-18 00:00:00",22:00:00,93,1749,no,no,"no (EMPTY)"
1262,28526,2,closed,"2024-05-17 00:00:00",15:08:00,"2024-05-17 00:00:00",20:00:00,1,1827,no,no,"no (EMPTY)"
1261,28521,2,closed,"2024-05-17 00:00:00",11:45:00,"2024-05-29 00:00:00",12:09,12,1735,no,no,"no (EMPTY)"
1265,28551,2,closed,"2024-05-18 00:00:00",23:37:58,"2024-05-22 00:00:00",21:59,4,1814,no,no,"no (EMPTY)"
1264,28540,2,closed,"2024-05-18 00:00:00",13:50:00,"2024-05-22 00:00:00",11:00:00,4,1730,no,no,"no (EMPTY)"
1272,28569,2,closed,"2024-05-19 00:00:00",22:00:00,"2024-05-20 00:00:00",20:34,1,1793,no,no,"no (EMPTY)"
1271,28568,2,closed,"2024-05-19 00:00:00",21:45:00,"2024-05-23 00:00:00",13:48,4,1729,no,no,"no (EMPTY)"
1270,28561,2,closed,"2024-05-19 00:00:00",17:30:00,"2024-05-24 00:00:00",12:32:00,5,1800,no,no,"no (EMPTY)"
1269,28559,2,closed,"2024-05-19 00:00:00",15:55:49,"2024-05-21 00:00:00",16:23,2,1840,no,no,"no (EMPTY)"
1268,28558,2,closed,"2024-05-19 00:00:00",14:30:10,"2024-05-20 00:00:00",12:40,1,1776,no,no,"no (EMPTY)"
1267,28556,2,closed,"2024-05-19 00:00:00",13:39:56,"2024-05-19 00:00:00",17:11,1,1774,no,no,"no (EMPTY)"
1266,28552,2,closed,"2024-05-19 00:00:00",11:00:00,"2024-05-19 00:00:00",12:55,0,1851,no,no,"no (EMPTY)"
1276,28581,5,closed,"2024-05-20 00:00:00",21:30:00,"2024-05-20 00:00:00",21:30:00,0,1854,yes,yes,"no (EMPTY)"
1275,28579,2,closed,"2024-05-20 00:00:00",21:08:03,"2024-05-23 00:00:00",15:58,3,1762,no,no,"no (EMPTY)"
1274,28572,2,closed,"2024-05-20 00:00:00",14:26:31,"2024-05-20 00:00:00",22:45,1,1780,no,no,"no (EMPTY)"
1273,28571,2,closed,"2024-05-20 00:00:00",12:47:21,"2024-05-22 00:00:00",13:10,2,1801,no,no,"no (EMPTY)"
1280,28615,2,closed,"2024-05-21 00:00:00",23:28:52,"2024-05-28 00:00:00",12:33,7,1778,no,no,"no (EMPTY)"
1279,28608,2,closed,"2024-05-21 00:00:00",18:30:00,"2024-05-23 00:00:00",21:24,3,1853,no,no,"no (EMPTY)"
1278,28607,2,closed,"2024-05-21 00:00:00",18:07:02,"2024-05-21 00:00:00",22:00:00,1,1851,no,no,"no (EMPTY)"
1277,28586,2,closed,"2024-05-21 00:00:00",11:00:00,"2024-05-22 00:00:00",19:58,2,1804,no,no,"no (EMPTY)"
1331,28860,2,closed,"2024-05-21 00:00:00",13:00:00,"2024-06-09 00:00:00",21:30:00,20,1819,no,no,"no (EMPTY)"
1281,28622,2,closed,"2024-05-22 00:00:00",12:51:42,"2024-05-24 00:00:00",15:06,3,1848,no,no,"no (EMPTY)"
1282,28633,2,closed,"2024-05-22 00:00:00",21:35:00,"2024-05-24 00:00:00",22:31,2,1748,no,no,"no (EMPTY)"
1286,28650,2,closed,"2024-05-23 00:00:00",20:00:00,"2024-05-28 00:00:00",19:14,5,1782,no,no,"no (EMPTY)"
1285,28649,2,closed,"2024-05-23 00:00:00",20:00:00,"2024-05-25 00:00:00",20:52:00,2,1761,no,no,"no (EMPTY)"
1284,28647,2,closed,"2024-05-23 00:00:00",18:45:00,"2024-05-23 00:00:00",20:41,0,1737,no,no,"no (EMPTY)"
1283,28639,2,closed,"2024-05-23 00:00:00",11:15:00,"2024-06-04 00:00:00",00:15:00,12,1771,no,no,"no (EMPTY)"
1290,28663,2,closed,"2024-05-24 00:00:00",20:26:00,"2024-05-25 00:00:00",19:44,1,1822,no,no,"no (EMPTY)"
1289,28658,2,closed,"2024-05-24 00:00:00",14:51:23,"2024-05-29 00:00:00",13:31,5,1802,no,no,"no (EMPTY)"
1288,28657,2,closed,"2024-05-24 00:00:00",12:15:00,"2024-05-25 00:00:00",23:22:00,2,1812,no,no,"no (EMPTY)"
1287,28656,2,closed,"2024-05-24 00:00:00",11:00:00,"2024-05-27 00:00:00",21:30:00,4,1816,no,no,"no (EMPTY)"
1293,28677,2,closed,"2024-05-25 00:00:00",17:00:00,"2024-05-26 00:00:00",22:00:00,2,1836,no,no,"no (EMPTY)"
1292,28674,2,closed,"2024-05-25 00:00:00",15:22:36,"2024-05-25 00:00:00",17:23,0,1829,no,no,"no (EMPTY)"
1291,28673,2,closed,"2024-05-25 00:00:00",15:17:51,"2024-06-03 00:00:00",19:35,10,1774,no,no,"no (EMPTY)"
1297,28698,2,closed,"2024-05-26 00:00:00",23:56:25,"2024-05-28 00:00:00",16:51,2,1762,no,no,"no (EMPTY)"
1296,28688,2,closed,"2024-05-26 00:00:00",18:13:22,"2024-05-27 00:00:00",11:22,1,1834,no,no,"no (EMPTY)"
1295,28686,2,closed,"2024-05-26 00:00:00",16:50:00,"2024-05-27 00:00:00",22:00:00,2,1851,no,no,"no (EMPTY)"
1294,28684,2,closed,"2024-05-26 00:00:00",15:07:41,"2024-05-26 00:00:00",19:16,1,1850,no,no,"no (EMPTY)"
1302,28720,2,closed,"2024-05-27 00:00:00",22:30:00,"2024-07-17 00:00:00",14:00:00,51,1737,no,no,"no (EMPTY)"
1301,28711,2,closed,"2024-05-27 00:00:00",17:10:00,"2024-06-04 00:00:00",12:00:00,8,1743,no,no,"no (EMPTY)"
1300,28704,2,closed,"2024-05-27 00:00:00",13:22:18,"2024-05-28 00:00:00",23:00:00,2,1784,no,no,"no (EMPTY)"
1299,28700,2,closed,"2024-05-27 00:00:00",11:33:50,"2024-05-27 00:00:00",15:00:00,1,1839,no,no,"no (EMPTY)"
1298,28699,2,closed,"2024-05-27 00:00:00",10:00:00,"2024-05-27 00:00:00",13:02:00,1,1733,no,no,"no (EMPTY)"
1307,28737,2,closed,"2024-05-28 00:00:00",22:11:00,"2024-06-06 00:00:00",11:24,9,1704,no,no,"no (EMPTY)"
1306,28732,2,closed,"2024-05-28 00:00:00",18:31:47,"2024-05-30 00:00:00",23:00:00,3,1763,no,no,"no (EMPTY)"
1305,28730,2,closed,"2024-05-28 00:00:00",17:02:09,"2024-06-03 00:00:00",16:42,6,1731,no,no,"no (EMPTY)"
1304,28723,2,closed,"2024-05-28 00:00:00",11:35:00,"2024-05-28 00:00:00",19:00:00,1,1720,no,no,"no (EMPTY)"
1303,28722,2,closed,"2024-05-28 00:00:00",10:30:00,"2024-05-29 00:00:00",16:39,2,1825,no,no,"no (EMPTY)"
1311,28755,2,closed,"2024-05-29 00:00:00",22:30:00,"2024-06-03 00:00:00",12:00:00,5,1767,no,no,"no (EMPTY)"
1310,28746,2,closed,"2024-05-29 00:00:00",16:11:27,"2024-05-31 00:00:00",22:30:00,3,1834,no,no,"no (EMPTY)"
1309,28740,2,closed,"2024-05-29 00:00:00",13:25:42,"2024-05-31 00:00:00",17:00:00,3,1738,no,no,"no (EMPTY)"
1308,28738,2,closed,"2024-05-29 00:00:00",10:30:00,"2024-06-07 00:00:00",23:00:00,10,1840,no,no,"no (EMPTY)"
1325,28833,2,closed,"2024-05-30 00:00:00",02:05:00,"2024-06-14 00:00:00",19:41,16,1762,no,no,"no (EMPTY)"
1314,28768,2,closed,"2024-05-30 00:00:00",17:30:00,"2024-05-30 00:00:00",22:22,1,1854,no,no,"no (EMPTY)"
1313,28762,2,closed,"2024-05-30 00:00:00",11:10:00,"2024-05-30 00:00:00",22:39,1,1812,no,no,"no (EMPTY)"
1312,28761,2,closed,"2024-05-30 00:00:00",11:00:00,"2024-06-02 00:00:00",12:00:00,3,1825,no,no,"no (EMPTY)"
1318,28788,2,closed,"2024-05-31 00:00:00",17:59:45,"2024-06-02 00:00:00",12:30:00,2,1753,no,no,"no (EMPTY)"
1317,28786,2,closed,"2024-05-31 00:00:00",17:00:00,"2024-06-02 00:00:00",21:11,3,1795,no,no,"no (EMPTY)"
1316,28783,2,closed,"2024-05-31 00:00:00",14:30:00,"2024-06-04 00:00:00",15:30:00,4,1754,no,no,"no (EMPTY)"
1315,28782,2,closed,"2024-05-31 00:00:00",12:35:00,"2024-06-03 00:00:00",00:30:00,3,1801,no,no,"no (EMPTY)"
1322,28815,2,closed,"2024-06-01 00:00:00",19:30:00,"2024-06-10 00:00:00",14:00:00,9,1797,no,no,"no (EMPTY)"
1321,28814,2,closed,"2024-06-01 00:00:00",19:35:00,"2024-06-05 00:00:00",14:08,4,1839,no,no,"no (EMPTY)"
1320,28813,2,closed,"2024-06-01 00:00:00",19:05:00,"2024-06-03 00:00:00",19:00,2,1775,no,no,"no (EMPTY)"
1319,28807,2,closed,"2024-06-01 00:00:00",15:15:00,"2024-06-04 00:00:00",20:53,4,1773,no,no,"no (EMPTY)"
1327,28838,2,closed,"2024-06-02 00:00:00",20:23:35,"2024-06-04 00:00:00",20:58,2,1837,no,no,"no (EMPTY)"
1326,28837,2,closed,"2024-06-02 00:00:00",20:09:10,"2024-06-04 00:00:00",22:30:00,2,1790,no,no,"no (EMPTY)"
1324,28829,2,closed,"2024-06-02 00:00:00",15:50:00,"2024-06-05 00:00:00",00:10:00,3,1851,no,no,"no (EMPTY)"
1323,28824,2,closed,"2024-06-02 00:00:00",00:45:00,"2024-06-24 00:00:00",13:16,23,1730,no,no,"no (EMPTY)"
1335,28868,2,closed,"2024-06-03 00:00:00",21:40:00,"2024-06-07 00:00:00",17:15:00,4,1750,no,no,"no (EMPTY)"
1334,28866,2,closed,"2024-06-03 00:00:00",20:00:00,"2024-06-11 00:00:00",21:30:00,8,1748,no,no,"no (EMPTY)"
1333,28863,2,closed,"2024-06-03 00:00:00",19:28:20,"2024-06-05 00:00:00",17:01,2,1788,no,no,"no (EMPTY)"
1332,28861,2,closed,"2024-06-03 00:00:00",17:30:00,"2024-06-08 00:00:00",12:38,5,1733,no,no,"no (EMPTY)"
1330,28859,2,closed,"2024-06-03 00:00:00",17:40:00,"2024-06-06 00:00:00",22:00:00,4,1770,no,no,"no (EMPTY)"
1329,28849,2,closed,"2024-06-03 00:00:00",13:05:56,"2024-06-03 00:00:00",15:45:00,0,1732,no,no,"no (EMPTY)"
1328,28846,2,closed,"2024-06-03 00:00:00",10:45:00,"2024-06-03 00:00:00",13:11,1,1761,no,no,"no (EMPTY)"
1339,28885,2,closed,"2024-06-04 00:00:00",21:11:59,"2024-06-07 00:00:00",11:30:00,3,1787,no,no,"no (EMPTY)"
1338,28883,2,closed,"2024-06-04 00:00:00",21:00:15,"2024-06-05 00:00:00",16:57,1,1782,no,no,"no (EMPTY)"
1337,28874,2,closed,"2024-06-04 00:00:00",13:00:00,"2024-06-06 00:00:00",13:00:00,2,1861,no,no,"no (EMPTY)"
1336,28872,2,closed,"2024-06-04 00:00:00",11:45:00,"2024-06-05 00:00:00",22:03,2,1772,no,no,"no (EMPTY)"
1364,28979,2,closed,"2024-06-05 00:00:00",14:30:00,"2024-06-25 00:00:00",13:16,20,1706,no,no,"no (EMPTY)"
1342,28900,2,closed,"2024-06-05 00:00:00",18:23:17,"2024-06-11 00:00:00",22:45,6,1826,no,no,"no (EMPTY)"
1341,28899,2,closed,"2024-06-05 00:00:00",17:50:00,"2024-06-06 00:00:00",14:16,1,1853,no,no,"no (EMPTY)"
1340,28894,2,closed,"2024-06-05 00:00:00",10:40:00,"2024-06-14 00:00:00",17:38:00,10,1834,no,no,"no (EMPTY)"
1346,28916,2,closed,"2024-06-06 00:00:00",18:10:00,"2024-06-08 00:00:00",20:43,2,1795,no,no,"no (EMPTY)"
1345,28912,2,closed,"2024-06-06 00:00:00",15:25:37,"2024-06-08 00:00:00",21:30,3,1790,no,no,"no (EMPTY)"
1344,28905,2,closed,"2024-06-06 00:00:00",13:08:42,"2024-06-07 00:00:00",14:54:00,1,1844,no,no,"no (EMPTY)"
1343,28904,2,closed,"2024-06-06 00:00:00",10:45:00,"2024-06-08 00:00:00",17:00:00,3,1756,no,no,"no (EMPTY)"
1349,28930,2,closed,"2024-06-07 00:00:00",20:30:00,"2024-06-13 00:00:00",14:20:00,6,1839,no,no,"no (EMPTY)"
1348,28925,2,closed,"2024-06-07 00:00:00",16:10:00,"2024-06-08 00:00:00",14:00:00,1,1812,no,no,"no (EMPTY)"
1347,28924,2,closed,"2024-06-07 00:00:00",15:35:00,"2024-06-07 00:00:00",22:00:00,1,1775,no,no,"no (EMPTY)"
1354,28943,2,closed,"2024-06-08 00:00:00",21:50:00,"2024-06-12 00:00:00",20:00:00,4,1840,no,no,"no (EMPTY)"
1353,28936,2,closed,"2024-06-08 00:00:00",18:10:31,"2024-06-08 00:00:00",20:49,0,1743,no,no,"no (EMPTY)"
1352,28935,2,closed,"2024-06-08 00:00:00",16:54:25,"2024-06-14 00:00:00",20:00:00,7,1863,no,no,"no (EMPTY)"
1351,28932,2,closed,"2024-06-08 00:00:00",10:50:00,"2024-06-10 00:00:00",18:44,3,1780,no,no,"no (EMPTY)"
1350,28931,2,closed,"2024-06-08 00:00:00",10:45:00,"2024-06-12 00:00:00",18:11,5,1758,no,no,"no (EMPTY)"
1355,28952,2,closed,"2024-06-09 00:00:00",21:30:00,"2024-06-11 00:00:00",21:46:00,2,1763,no,no,"no (EMPTY)"
1359,28970,2,closed,"2024-06-10 00:00:00",23:05,"2024-06-14 00:00:00",16:14,4,1804,no,no,"no (EMPTY)"
1358,28969,2,closed,"2024-06-10 00:00:00",21:00:00,"2024-06-12 00:00:00",18:00:00,2,1814,no,no,"no (EMPTY)"
1357,28962,2,closed,"2024-06-10 00:00:00",13:00:00,"2024-06-14 00:00:00",22:00:00,5,1800,no,no,"no (EMPTY)"
1356,28960,2,closed,"2024-06-10 00:00:00",13:22:28,"2024-06-10 00:00:00",23:49,1,1851,no,no,"no (EMPTY)"
1367,28987,2,closed,"2024-06-11 00:00:00",21:30:13,"2024-06-15 00:00:00",14:14,4,1815,no,no,"no (EMPTY)"
1366,28983,2,closed,"2024-06-11 00:00:00",18:17:49,"2024-06-12 00:00:00",15:38,1,1774,no,no,"no (EMPTY)"
1365,28981,2,closed,"2024-06-11 00:00:00",16:53:55,"2024-06-15 00:00:00",16:00:00,4,1773,no,no,"no (EMPTY)"
1363,28978,2,closed,"2024-06-11 00:00:00",14:55:00,"2024-06-11 00:00:00",16:15:00,0,1771,no,no,"no (EMPTY)"
1362,28977,2,closed,"2024-06-11 00:00:00",14:50:00,"2024-06-12 00:00:00",21:10:00,2,1732,no,no,"no (EMPTY)"
1361,28975,2,closed,"2024-06-11 00:00:00",14:05:00,"2024-06-15 00:00:00",12:09,4,1854,no,no,"no (EMPTY)"
1360,28972,2,closed,"2024-06-11 00:00:00",10:50:00,"2024-06-14 00:00:00",11:00:00,3,1757,no,no,"no (EMPTY)"
1369,28998,2,closed,"2024-06-12 00:00:00",13:31:17,"2024-06-13 00:00:00",23:45:00,2,1772,no,no,"no (EMPTY)"
1368,28994,2,closed,"2024-06-12 00:00:00",12:02:22,"2024-06-13 00:00:00",15:04,2,1753,no,no,"no (EMPTY)"
1374,29023,2,closed,"2024-06-13 00:00:00",15:05:00,"2024-06-13 00:00:00",20:30:00,1,1776,no,no,"no (EMPTY)"
1373,29022,2,closed,"2024-06-13 00:00:00",15:00:00,"2024-06-15 00:00:00",22:53,3,1775,no,no,"no (EMPTY)"
1372,29016,2,closed,"2024-06-13 00:00:00",10:15:00,"2024-06-13 00:00:00",14:20:00,1,1840,no,no,"no (EMPTY)"
1371,29015,2,closed,"2024-06-13 00:00:00",11:30:00,"2024-06-13 00:00:00",13:36,0,1803,no,no,"no (EMPTY)"
1370,29014,2,closed,"2024-06-13 00:00:00",10:45:00,"2024-06-15 00:00:00",22:58,3,1835,no,no,"no (EMPTY)"
1377,29045,2,closed,"2024-06-14 00:00:00",20:03:43,"2024-06-15 00:00:00",22:28,1,1850,no,no,"no (EMPTY)"
1376,29036,2,closed,"2024-06-14 00:00:00",11:15:00,"2024-06-15 00:00:00",22:49,2,1801,no,no,"no (EMPTY)"
1375,29035,2,closed,"2024-06-14 00:00:00",11:00:00,"2024-06-15 00:00:00",13:57,1,1761,no,no,"no (EMPTY)"
1382,29059,2,closed,"2024-06-15 00:00:00",16:00:00,"2024-06-15 00:00:00",17:52,0,1800,no,no,"no (EMPTY)"
1381,29058,2,closed,"2024-06-15 00:00:00",15:30:00,"2024-06-15 00:00:00",19:41,1,1767,no,no,"no (EMPTY)"
1380,29057,2,closed,"2024-06-15 00:00:00",14:40:00,"2024-06-15 00:00:00",19:42,1,1853,no,no,"no (EMPTY)"
1379,29051,2,closed,"2024-06-15 00:00:00",12:15:00,"2024-06-15 00:00:00",22:23,1,1794,no,no,"no (EMPTY)"
1378,29047,2,closed,"2024-06-15 00:00:00",23:00:00,"2024-06-17 00:00:00",14:37,2,1752,no,no,"no (EMPTY)"
1390,29129,2,closed,"2024-06-18 00:00:00",21:00:06,"2024-06-21 00:00:00",14:36,3,1729,no,no,"no (EMPTY)"
1389,29128,2,closed,"2024-06-18 00:00:00",13:00:00,"2024-07-03 00:00:00",17:30:00,16,1786,no,no,"no (EMPTY)"
1388,29127,2,closed,"2024-06-18 00:00:00",19:45:00,"2024-06-20 00:00:00",13:56:00,2,1788,no,no,"no (EMPTY)"
1387,29126,2,closed,"2024-06-18 00:00:00",19:30:00,"2024-06-25 00:00:00",20:00,7,1704,no,no,"no (EMPTY)"
1386,29122,2,closed,"2024-06-18 00:00:00",17:10:00,"2024-06-18 00:00:00",19:10,0,1768,no,no,"no (EMPTY)"
1385,29120,2,closed,"2024-06-18 00:00:00",13:00:00,"2024-06-24 00:00:00",17:10:00,7,1790,no,no,"no (EMPTY)"
1384,29118,2,closed,"2024-06-18 00:00:00",11:45:00,"2024-06-20 00:00:00",22:30:00,3,1848,no,no,"no (EMPTY)"
1383,29116,2,closed,"2024-06-18 00:00:00",11:00:00,"2024-06-18 00:00:00",20:46,1,1758,no,no,"no (EMPTY)"
1394,29157,2,closed,"2024-06-19 00:00:00",20:10:00,"2024-06-22 00:00:00",16:22,3,1748,no,no,"no (EMPTY)"
1393,29146,2,closed,"2024-06-19 00:00:00",15:53:49,"2024-06-24 00:00:00",19:40:00,6,1816,no,no,"no (EMPTY)"
1392,29137,2,closed,"2024-06-19 00:00:00",11:30:00,"2024-06-22 00:00:00",14:30,4,1797,no,no,"no (EMPTY)"
1391,29135,2,closed,"2024-06-19 00:00:00",11:00:00,"2024-06-26 00:00:00",18:37,8,1800,no,no,"no (EMPTY)"
1397,29167,2,closed,"2024-06-20 00:00:00",16:42:15,"2024-06-26 00:00:00",18:57,6,1775,no,no,"no (EMPTY)"
1396,29166,2,closed,"2024-06-20 00:00:00",16:30:00,"2024-06-27 00:00:00",21:33,8,1741,no,no,"no (EMPTY)"
1395,29163,2,closed,"2024-06-20 00:00:00",12:45:00,"2024-06-27 00:00:00",11:54,7,1763,no,no,"no (EMPTY)"
1402,29185,2,closed,"2024-06-21 00:00:00",17:10:00,"2024-06-23 00:00:00",22:00:00,3,1769,no,no,"no (EMPTY)"
1401,29183,2,closed,"2024-06-21 00:00:00",15:10:00,"2024-06-27 00:00:00",15:00:00,6,1765,no,no,"no (EMPTY)"
1400,29182,2,closed,"2024-06-21 00:00:00",15:04:36,"2024-06-22 00:00:00",23:00:00,2,1812,no,no,"no (EMPTY)"
1399,29181,2,closed,"2024-06-21 00:00:00",11:15:00,"2024-06-23 00:00:00",23:15:00,3,1773,no,no,"no (EMPTY)"
1398,29179,2,closed,"2024-06-21 00:00:00",11:05:00,"2024-06-22 00:00:00",23:02,2,1795,no,no,"no (EMPTY)"
1406,29207,2,closed,"2024-06-22 00:00:00",20:59:10,"2024-06-25 00:00:00",13:26,3,1733,no,no,"no (EMPTY)"
1405,29200,2,closed,"2024-06-22 00:00:00",17:05:00,"2024-06-28 00:00:00",16:00:00,6,1771,no,no,"no (EMPTY)"
1404,29192,2,closed,"2024-06-22 00:00:00",11:15:00,"2024-06-22 00:00:00",19:00:00,1,1784,no,no,"no (EMPTY)"
1403,29191,2,closed,"2024-06-22 00:00:00",11:05:00,"2024-06-22 00:00:00",13:17,0,1734,no,no,"no (EMPTY)"
1410,29223,2,closed,"2024-06-23 00:00:00",22:00:00,"2024-07-08 00:00:00",22:00:00,15,1778,no,no,"no (EMPTY)"
1409,29218,2,closed,"2024-06-23 00:00:00",16:05:00,"2024-06-25 00:00:00",18:57,2,1784,no,no,"no (EMPTY)"
1408,29217,5,closed,"2024-06-23 00:00:00",16:05:00,"2024-06-23 00:00:00",16:05:00,0,1784,yes,yes,"no (EMPTY)"
1407,29213,2,closed,"2024-06-23 00:00:00",13:20:00,"2024-06-23 00:00:00",23:10:00,1,1821,no,no,"no (EMPTY)"
1413,29229,2,closed,"2024-06-24 00:00:00",13:00:00,"2024-06-28 00:00:00",13:40,4,1767,no,no,"no (EMPTY)"
1412,29228,2,closed,"2024-06-24 00:00:00",12:45:00,"2024-06-28 00:00:00",18:00:00,6,1835,no,no,"no (EMPTY)"
1411,29225,2,closed,"2024-06-24 00:00:00",10:35:00,"2024-07-03 00:00:00",19:04,10,1813,no,no,"no (EMPTY)"
1417,29252,2,closed,"2024-06-25 00:00:00",21:10:00,"2024-07-01 00:00:00",16:43,6,1793,no,no,"no (EMPTY)"
1416,29241,2,closed,"2024-06-25 00:00:00",13:45:00,"2024-06-27 00:00:00",15:31,2,1834,no,no,"no (EMPTY)"
1415,29238,2,closed,"2024-06-25 00:00:00",10:38:00,"2024-06-28 00:00:00",20:13,4,1789,no,no,"no (EMPTY)"
1414,29237,2,closed,"2024-06-25 00:00:00",09:35:00,"2024-06-26 00:00:00",21:00:00,2,1840,no,no,"no (EMPTY)"
1422,29264,2,closed,"2024-06-26 00:00:00",17:10:00,"2024-07-04 00:00:00",22:45:00,9,1787,no,no,"no (EMPTY)"
1421,29261,2,closed,"2024-06-26 00:00:00",17:26:44,"2024-07-01 00:00:00",21:30:00,6,1831,no,no,"no (EMPTY)"
1420,29259,2,closed,"2024-06-26 00:00:00",13:00:00,"2024-06-26 00:00:00",22:30:00,1,1826,no,no,"no (EMPTY)"
1419,29258,2,closed,"2024-06-26 00:00:00",11:20:00,"2024-06-26 00:00:00",15:00:00,1,1777,no,no,"no (EMPTY)"
1418,29256,2,closed,"2024-06-26 00:00:00",11:05:00,"2024-06-30 00:00:00",20:30:00,5,1841,no,no,"no (EMPTY)"
1425,29279,2,closed,"2024-06-27 00:00:00",19:08:44,"2024-06-30 00:00:00",11:18,3,1753,no,no,"no (EMPTY)"
1424,29275,2,closed,"2024-06-27 00:00:00",15:15:00,"2024-06-28 00:00:00",20:11,2,1839,no,no,"no (EMPTY)"
1423,29272,2,closed,"2024-06-27 00:00:00",11:00:00,"2024-07-01 00:00:00",15:23,5,1777,no,no,"no (EMPTY)"
1428,29296,2,closed,"2024-06-28 00:00:00",19:48:33,"2024-07-01 00:00:00",20:48,3,1834,no,no,"no (EMPTY)"
1427,29294,2,closed,"2024-06-28 00:00:00",19:00:00,"2024-06-29 00:00:00",19:50,1,1738,no,no,"no (EMPTY)"
1426,29288,2,closed,"2024-06-28 00:00:00",14:22:00,"2024-06-28 00:00:00",22:54,1,1799,no,no,"no (EMPTY)"
1431,29319,2,closed,"2024-06-29 00:00:00",21:30:00,"2024-07-13 00:00:00",23:00:00,14,1833,no,no,"no (EMPTY)"
1430,29315,2,closed,"2024-06-29 00:00:00",17:51:27,"2024-06-29 00:00:00",22:00:00,1,1840,no,no,"no (EMPTY)"
1429,29313,2,closed,"2024-06-29 00:00:00",15:05:00,"2024-06-29 00:00:00",17:00:00,0,1788,no,no,"no (EMPTY)"
1433,29333,2,closed,"2024-06-30 00:00:00",20:30:00,"2024-07-05 00:00:00",21:00:00,5,1738,no,no,"no (EMPTY)"
1432,29329,2,closed,"2024-06-30 00:00:00",17:30:00,"2024-11-24 00:00:00",17:00:00,144,1743,no,no,"no (EMPTY)"
1438,29354,2,closed,"2024-07-01 00:00:00",18:00:00,"2024-07-02 00:00:00",23:00:00,2,1774,no,no,"no (EMPTY)"
1437,29351,2,closed,"2024-07-01 00:00:00",16:55:10,"2024-07-04 00:00:00",18:49,3,1796,no,no,"no (EMPTY)"
1436,29346,2,closed,"2024-07-01 00:00:00",13:31:09,"2024-07-04 00:00:00",21:00:00,4,1783,no,no,"no (EMPTY)"
1435,29345,2,closed,"2024-07-01 00:00:00",13:25:46,"2024-07-01 00:00:00",16:44,1,1815,no,no,"no (EMPTY)"
1434,29342,2,closed,"2024-07-01 00:00:00",10:30:00,"2024-07-06 00:00:00",20:29,6,1736,no,no,"no (EMPTY)"
1443,29373,2,closed,"2024-07-02 00:00:00",19:00:00,"2024-07-02 00:00:00",22:00:00,1,1848,no,no,"no (EMPTY)"
1442,29371,2,closed,"2024-07-02 00:00:00",17:40:00,"2024-07-02 00:00:00",19:34:00,0,1844,no,no,"no (EMPTY)"
1441,29367,2,closed,"2024-07-02 00:00:00",15:20:00,"2024-07-03 00:00:00",18:28,2,1758,no,no,"no (EMPTY)"
1440,29362,2,closed,"2024-07-02 00:00:00",12:00:00,"2024-07-03 00:00:00",20:43,2,1794,no,no,"no (EMPTY)"
1439,29361,2,closed,"2024-07-02 00:00:00",11:00:00,"2024-07-05 00:00:00",17:45:00,4,1826,no,no,"no (EMPTY)"
1447,29400,2,closed,"2024-07-03 00:00:00",21:40:00,"2024-07-05 00:00:00",18:38:00,2,1777,no,no,"no (EMPTY)"
1446,29397,2,closed,"2024-07-03 00:00:00",19:00:00,"2024-07-09 00:00:00",22:15:00,7,1763,no,no,"no (EMPTY)"
1445,29389,2,closed,"2024-07-03 00:00:00",11:05:00,"2024-07-08 00:00:00",22:00:00,6,1761,no,no,"no (EMPTY)"
1444,29384,2,closed,"2024-07-03 00:00:00",11:00:00,"2024-07-03 00:00:00",21:30:00,1,1841,no,no,"no (EMPTY)"
1448,29403,2,closed,"2024-07-04 00:00:00",10:34:28,"2024-07-04 00:00:00",12:36,0,1786,no,no,"no (EMPTY)"
1450,29416,2,closed,"2024-07-04 00:00:00",21:25:00,"2024-07-06 00:00:00",23:58:00,2,1729,no,no,"no (EMPTY)"
1449,29413,2,closed,"2024-07-04 00:00:00",19:19:38,"2024-07-07 00:00:00",23:05:00,4,1863,no,no,"no (EMPTY)"
1454,29428,2,closed,"2024-07-05 00:00:00",21:01,"2024-07-06 00:00:00",18:01,1,1738,no,no,"no (EMPTY)"
1453,29425,2,closed,"2024-07-05 00:00:00",13:00:00,"2024-07-05 00:00:00",15:40:00,0,1801,no,no,"no (EMPTY)"
1452,29422,2,closed,"2024-07-05 00:00:00",11:28:40,"2024-07-05 00:00:00",20:30:00,1,1735,no,no,"no (EMPTY)"
1451,29421,2,closed,"2024-07-05 00:00:00",10:50:00,"2024-07-05 00:00:00",13:30:00,1,1835,no,no,"no (EMPTY)"
1457,29444,2,closed,"2024-07-06 00:00:00",18:30:00,"2024-07-10 00:00:00",17:00:00,4,1840,no,no,"no (EMPTY)"
1456,29440,2,closed,"2024-07-06 00:00:00",13:19:09,"2024-07-09 00:00:00",01:00:00,3,1804,no,no,"no (EMPTY)"
1455,29436,2,closed,"2024-07-06 00:00:00",11:15:47,"2024-07-08 00:00:00",21:00:00,3,1782,no,no,"no (EMPTY)"
1462,29473,2,closed,"2024-07-08 00:00:00",23:00:00,"2024-07-11 00:00:00",18:00:00,3,1704,no,no,"no (EMPTY)"
1461,29468,2,closed,"2024-07-08 00:00:00",20:20:00,"2024-09-17 00:00:00",10:00:00,71,1730,no,no,"no (EMPTY)"
1460,29463,2,closed,"2024-07-08 00:00:00",15:00:00,"2024-07-08 00:00:00",16:05:00,0,1762,no,no,"no (EMPTY)"
1459,29462,2,closed,"2024-07-08 00:00:00",14:10:00,"2024-07-10 00:00:00",13:30:00,2,1797,no,no,"no (EMPTY)"
1458,29461,2,closed,"2024-07-08 00:00:00",13:53:29,"2024-07-08 00:00:00",16:10:00,1,1793,no,no,"no (EMPTY)"
1468,29483,2,closed,"2024-07-09 00:00:00",19:56:03,"2024-07-13 00:00:00",20:30:00,4,1793,no,no,"no (EMPTY)"
1467,29482,2,closed,"2024-07-09 00:00:00",18:44:06,"2024-07-13 00:00:00",21:00:00,5,1770,no,no,"no (EMPTY)"
1466,29481,2,closed,"2024-07-09 00:00:00",17:38:57,"2024-07-09 00:00:00",19:00:00,0,1775,no,no,"no (EMPTY)"
1465,29478,2,closed,"2024-07-09 00:00:00",14:41:22,"2024-07-10 00:00:00",18:35:00,2,1819,no,no,"no (EMPTY)"
1464,29477,2,closed,"2024-07-09 00:00:00",14:23:36,"2024-07-09 00:00:00",17:18,1,1787,no,no,"no (EMPTY)"
1463,29476,2,closed,"2024-07-09 00:00:00",11:15:44,"2024-07-15 00:00:00",01:00:00,6,1767,no,no,"no (EMPTY)"
1478,29503,2,closed,"2024-07-10 00:00:00",18:48:00,"2024-07-15 00:00:00",13:11,5,1732,no,no,"no (EMPTY)"
1477,29501,2,closed,"2024-07-10 00:00:00",17:30:00,"2024-07-12 00:00:00",18:00:00,2,1748,no,no,"no (EMPTY)"
1476,29500,2,closed,"2024-07-10 00:00:00",16:35:56,"2024-07-13 00:00:00",13:00:00,3,1775,no,no,"no (EMPTY)"
1475,29498,2,closed,"2024-07-10 00:00:00",14:50:51,"2024-07-11 00:00:00",20:30:00,2,1851,no,no,"no (EMPTY)"
1474,29497,2,closed,"2024-07-10 00:00:00",13:31:36,"2024-07-12 00:00:00",14:20,2,1712,no,no,"no (EMPTY)"
1473,29496,2,closed,"2024-07-10 00:00:00",13:27:49,"2024-07-12 00:00:00",23:11,3,1741,no,no,"no (EMPTY)"
1472,29494,2,closed,"2024-07-10 00:00:00",12:24:29,"2024-07-11 00:00:00",21:00:00,2,1834,no,no,"no (EMPTY)"
1471,29493,2,closed,"2024-07-10 00:00:00",12:14:02,"2024-07-10 00:00:00",14:00:00,0,1812,no,no,"no (EMPTY)"
1470,29492,2,closed,"2024-07-10 00:00:00",10:35:00,"2024-07-16 00:00:00",20:04,7,1794,no,no,"no (EMPTY)"
1469,29491,2,closed,"2024-07-10 00:00:00",10:30:00,"2024-07-10 00:00:00",13:15:00,1,1796,no,no,"no (EMPTY)"
1480,29530,2,closed,"2024-07-11 00:00:00",21:10:00,"2024-07-13 00:00:00",18:30:00,2,1733,no,no,"no (EMPTY)"
1479,29512,2,closed,"2024-07-11 00:00:00",10:40:00,"2024-07-11 00:00:00",12:30:00,0,1801,no,no,"no (EMPTY)"
1483,29554,2,closed,"2024-07-12 00:00:00",22:00:00,"2024-07-14 00:00:00",22:00:00,2,1863,no,no,"no (EMPTY)"
1482,29540,2,closed,"2024-07-12 00:00:00",17:40:00,"2024-07-14 00:00:00",13:33,2,1758,no,no,"no (EMPTY)"
1481,29538,2,closed,"2024-07-12 00:00:00",16:00:00,"2024-07-18 00:00:00",17:49,6,1768,no,no,"no (EMPTY)"
1487,29564,2,closed,"2024-07-13 00:00:00",16:25:18,"2024-07-14 00:00:00",18:00:00,1,1819,no,no,"no (EMPTY)"
1486,29561,2,closed,"2024-07-13 00:00:00",14:06:12,"2024-07-24 00:00:00",23:00:00,12,1860,no,no,"no (EMPTY)"
1485,29557,2,closed,"2024-07-13 00:00:00",12:04:00,"2024-07-19 00:00:00",21:00:00,8,1781,no,no,"no (EMPTY)"
1484,29556,2,closed,"2024-07-13 00:00:00",10:40:00,"2024-08-28 00:00:00",11:53,46,1835,no,no,"no (EMPTY)"
1490,29580,2,closed,"2024-07-14 00:00:00",14:10:00,"2024-07-16 00:00:00",16:39,2,1803,no,no,"no (EMPTY)"
1489,29578,2,closed,"2024-07-14 00:00:00",13:39:27,"2024-07-16 00:00:00",12:46,2,1763,no,no,"no (EMPTY)"
1488,29575,2,closed,"2024-07-14 00:00:00",10:30:00,"2024-07-14 00:00:00",18:39,1,1729,no,no,"no (EMPTY)"
1495,29605,2,closed,"2024-07-15 00:00:00",17:30:00,"2024-07-18 00:00:00",22:00:00,4,1762,no,no,"no (EMPTY)"
1494,29601,2,closed,"2024-07-15 00:00:00",13:35:00,"2024-07-19 00:00:00",23:00:00,5,1851,no,no,"no (EMPTY)"
1493,29600,2,closed,"2024-07-15 00:00:00",13:16:00,"2024-07-17 00:00:00",22:00:00,3,1735,no,no,"no (EMPTY)"
1492,29597,2,closed,"2024-07-15 00:00:00",10:58:42,"2024-07-17 00:00:00",14:35:00,3,1848,no,no,"no (EMPTY)"
1491,29596,2,closed,"2024-07-15 00:00:00",10:54:53,"2024-07-15 00:00:00",17:34,1,1800,no,no,"no (EMPTY)"
1499,29625,2,closed,"2024-07-16 00:00:00",20:22:00,"2024-07-17 00:00:00",20:00:00,1,1850,no,no,"no (EMPTY)"
1498,29622,2,closed,"2024-07-16 00:00:00",17:56:21,"2024-07-20 00:00:00",23:00:00,5,1801,no,no,"no (EMPTY)"
1497,29616,2,closed,"2024-07-16 00:00:00",13:06:31,"2024-07-19 00:00:00",14:00:00,3,1753,no,no,"no (EMPTY)"
1496,29614,2,closed,"2024-07-16 00:00:00",10:45:00,"2024-07-17 00:00:00",19:00:00,2,1774,no,no,"no (EMPTY)"
1502,29635,2,closed,"2024-07-17 00:00:00",14:13:59,"2024-07-19 00:00:00",22:00:00,3,1809,no,no,"no (EMPTY)"
1501,29634,2,closed,"2024-07-17 00:00:00",13:42:27,"2024-07-20 00:00:00",13:12,3,1802,no,no,"no (EMPTY)"
1500,29630,2,closed,"2024-07-17 00:00:00",10:45:00,"2024-07-22 00:00:00",19:23,6,1775,no,no,"no (EMPTY)"
1505,29662,2,closed,"2024-07-18 00:00:00",18:27:14,"2024-07-25 00:00:00",22:35:00,8,1769,no,no,"no (EMPTY)"
1504,29661,2,closed,"2024-07-18 00:00:00",18:19:42,"2024-07-22 00:00:00",19:26,4,1786,no,no,"no (EMPTY)"
1503,29655,2,closed,"2024-07-18 00:00:00",10:50:00,"2024-07-20 00:00:00",18:57,3,1780,no,no,"no (EMPTY)"
1510,29682,2,closed,"2024-07-19 00:00:00",20:00:00,"2024-07-20 00:00:00",12:00,1,1825,no,no,"no (EMPTY)"
1509,29679,2,closed,"2024-07-19 00:00:00",18:00:00,"2024-07-24 00:00:00",21:00:00,6,1767,no,no,"no (EMPTY)"
1508,29675,2,closed,"2024-07-19 00:00:00",15:05:00,"2024-07-19 00:00:00",17:00:00,0,1741,no,no,"no (EMPTY)"
1507,29674,2,closed,"2024-07-19 00:00:00",14:30:00,"2024-07-21 00:00:00",18:00:00,3,1833,no,no,"no (EMPTY)"
1506,29670,2,closed,"2024-07-19 00:00:00",10:50:00,"2024-07-20 00:00:00",15:57,2,1789,no,no,"no (EMPTY)"
1513,29694,2,closed,"2024-07-20 00:00:00",14:31:36,"2024-07-21 00:00:00",22:00:00,2,1834,no,no,"no (EMPTY)"
1512,29691,2,closed,"2024-07-20 00:00:00",11:53:15,"2024-07-20 00:00:00",23:00:00,1,1757,no,no,"no (EMPTY)"
1511,29689,2,closed,"2024-07-20 00:00:00",10:45:00,"2024-07-22 00:00:00",19:24,3,1826,no,no,"no (EMPTY)"
1515,29703,2,closed,"2024-07-20 00:00:00",19:00:04,"2024-07-21 00:00:00",22:00:00,2,1840,no,no,"no (EMPTY)"
1514,29700,2,closed,"2024-07-20 00:00:00",16:34:48,"2024-07-25 00:00:00",12:00:00,5,1812,no,no,"no (EMPTY)"
1517,29720,2,closed,"2024-07-21 00:00:00",19:30:00,"2024-07-26 00:00:00",20:09,5,1748,no,no,"no (EMPTY)"
1516,29711,2,closed,"2024-07-21 00:00:00",11:14:53,"2024-07-26 00:00:00",16:00:00,6,1820,no,no,"no (EMPTY)"
1521,29737,2,closed,"2024-07-22 00:00:00",19:30:00,"2024-07-24 00:00:00",16:00:00,2,1756,no,no,"no (EMPTY)"
1520,29736,2,closed,"2024-07-22 00:00:00",19:15:00,"2024-07-24 00:00:00",17:17:00,2,1765,no,no,"no (EMPTY)"
1519,29731,2,closed,"2024-07-22 00:00:00",16:00:00,"2024-07-24 00:00:00",17:00:00,2,1761,no,no,"no (EMPTY)"
1518,29729,2,closed,"2024-07-22 00:00:00",12:00:00,"2024-07-23 00:00:00",22:00:00,2,1729,no,no,"no (EMPTY)"
1523,29752,2,closed,"2024-07-23 00:00:00",16:48:34,"2024-07-27 00:00:00",23:30:00,5,1861,no,no,"no (EMPTY)"
1522,29745,2,closed,"2024-07-23 00:00:00",11:00:00,"2024-07-23 00:00:00",18:53,1,1762,no,no,"no (EMPTY)"
1527,29773,2,closed,"2024-07-24 00:00:00",21:15:17,"2024-07-27 00:00:00",16:00:00,3,1799,no,no,"no (EMPTY)"
1526,29770,2,closed,"2024-07-24 00:00:00",17:30:15,"2024-07-24 00:00:00",23:59:00,1,1800,no,no,"no (EMPTY)"
1525,29767,2,closed,"2024-07-24 00:00:00",15:25:00,"2024-07-24 00:00:00",20:45:00,1,1834,no,no,"no (EMPTY)"
1524,29762,2,closed,"2024-07-24 00:00:00",11:01:00,"2024-07-25 00:00:00",16:30:00,2,1801,no,no,"no (EMPTY)"
1531,29796,2,closed,"2024-07-25 00:00:00",20:50:00,"2024-07-26 00:00:00",23:00:00,2,1849,no,no,"no (EMPTY)"
1530,29792,2,closed,"2024-07-25 00:00:00",16:35:00,"2024-07-29 00:00:00",14:57:00,4,1758,no,no,"no (EMPTY)"
1529,29791,2,closed,"2024-07-25 00:00:00",15:30:00,"2024-07-27 00:00:00",20:30,3,1782,no,no,"no (EMPTY)"
1528,29782,2,closed,"2024-07-25 00:00:00",10:50:00,"2024-07-28 00:00:00",09:17,3,1771,no,no,"no (EMPTY)"
1534,29807,2,closed,"2024-07-26 00:00:00",18:05:00,"2024-07-29 00:00:00",16:45:00,3,1736,no,no,"no (EMPTY)"
1533,29806,2,closed,"2024-07-26 00:00:00",17:10:00,"2024-07-29 00:00:00",13:57,3,1776,no,no,"no (EMPTY)"
1532,29799,2,closed,"2024-07-26 00:00:00",11:45:00,"2024-07-27 00:00:00",13:46:00,1,1821,no,no,"no (EMPTY)"
1541,29837,2,closed,"2024-07-27 00:00:00",17:50:00,"2024-07-28 00:00:00",20:00:00,2,1800,no,no,"no (EMPTY)"
1540,29833,2,closed,"2024-07-27 00:00:00",16:05:00,"2024-07-31 00:00:00",15:22:00,4,1780,no,no,"no (EMPTY)"
1539,29829,2,closed,"2024-07-27 00:00:00",15:12:00,"2024-07-28 00:00:00",20:53,2,1787,no,no,"no (EMPTY)"
1538,29826,2,closed,"2024-07-27 00:00:00",11:45:00,"2024-08-03 00:00:00",15:17:00,8,1783,no,no,"no (EMPTY)"
1537,29822,2,closed,"2024-07-27 00:00:00",11:25:00,"2024-07-27 00:00:00",21:00:00,1,1734,no,no,"no (EMPTY)"
1536,29821,2,closed,"2024-07-27 00:00:00",11:15:00,"2024-07-29 00:00:00",21:48,3,1775,no,no,"no (EMPTY)"
1535,29820,2,closed,"2024-07-27 00:00:00",10:35:00,"2024-07-27 00:00:00",18:00:00,1,1732,no,no,"no (EMPTY)"
1544,29850,2,closed,"2024-07-28 00:00:00",17:10:00,"2024-07-28 00:00:00",21:00:00,1,1729,no,no,"no (EMPTY)"
1543,29847,2,closed,"2024-07-28 00:00:00",13:20:00,"2024-07-28 00:00:00",23:50:00,1,1852,no,no,"no (EMPTY)"
1542,29844,2,closed,"2024-07-28 00:00:00",11:05:00,"2024-07-29 00:00:00",21:39:00,2,1827,no,no,"no (EMPTY)"
1548,29880,2,closed,"2024-07-29 00:00:00",15:05:00,"2024-07-31 00:00:00",15:00:00,2,1825,no,no,"no (EMPTY)"
1547,29879,2,closed,"2024-07-29 00:00:00",14:45:00,"2024-09-29 00:00:00",22:00,63,1731,no,no,"no (EMPTY)"
1546,29870,2,closed,"2024-07-29 00:00:00",12:40:55,"2024-07-29 00:00:00",20:32,1,1750,no,no,"no (EMPTY)"
1545,29867,2,closed,"2024-07-29 00:00:00",11:00:00,"2024-08-01 00:00:00",21:53,4,1704,no,no,"no (EMPTY)"
1552,29906,2,closed,"2024-07-30 00:00:00",18:25:00,"2024-08-12 00:00:00",23:00:00,14,1826,no,no,"no (EMPTY)"
1551,29905,2,closed,"2024-07-30 00:00:00",18:17:29,"2024-08-07 00:00:00",14:05,8,1738,no,no,"no (EMPTY)"
1550,29903,2,closed,"2024-07-30 00:00:00",13:25:00,"2024-08-02 00:00:00",21:30:00,3,1763,no,no,"no (EMPTY)"
1549,29894,2,closed,"2024-07-30 00:00:00",11:00:00,"2024-08-01 00:00:00",16:30,3,1863,no,no,"no (EMPTY)"
1557,29933,2,closed,"2024-07-31 00:00:00",19:25:00,"2024-08-02 00:00:00",23:00:00,3,1757,no,no,"no (EMPTY)"
1556,29925,2,closed,"2024-07-31 00:00:00",16:05:08,"2024-08-01 00:00:00",22:00:00,2,1853,no,no,"no (EMPTY)"
1555,29924,2,closed,"2024-07-31 00:00:00",15:15:00,"2024-08-01 00:00:00",12:04,1,1834,no,no,"no (EMPTY)"
1554,29920,2,closed,"2024-07-31 00:00:00",13:15:00,"2024-07-31 00:00:00",23:15:00,1,1761,no,no,"no (EMPTY)"
1553,29917,2,closed,"2024-07-31 00:00:00",11:20:00,"2024-07-31 00:00:00",22:00:00,1,1810,no,no,"no (EMPTY)"
1562,29961,2,closed,"2024-08-01 00:00:00",21:35:00,"2024-08-02 00:00:00",13:40:00,1,1748,no,no,"no (EMPTY)"
1561,29951,2,closed,"2024-08-01 00:00:00",16:15:00,"2024-08-01 00:00:00",23:31,1,1814,no,no,"no (EMPTY)"
1560,29948,2,closed,"2024-08-01 00:00:00",14:10:00,"2024-08-04 00:00:00",20:07,4,1762,no,no,"no (EMPTY)"
1559,29944,2,closed,"2024-08-01 00:00:00",10:45:00,"2024-08-04 00:00:00",16:30:00,4,1778,no,no,"no (EMPTY)"
1558,29943,2,closed,"2024-08-01 00:00:00",10:30:00,"2024-08-02 00:00:00",21:10:00,2,1758,no,no,"no (EMPTY)"
1566,29979,2,closed,"2024-08-02 00:00:00",22:08:26,"2024-08-16 00:00:00",21:00:00,14,1805,no,no,"no (EMPTY)"
1565,29972,2,closed,"2024-08-02 00:00:00",13:00:00,"2024-08-09 00:00:00",13:12:00,7,1847,no,no,"no (EMPTY)"
1564,29971,2,closed,"2024-08-02 00:00:00",14:50:00,"2024-08-02 00:00:00",20:50:00,1,1780,no,no,"no (EMPTY)"
1563,29967,2,closed,"2024-08-02 00:00:00",10:39:00,"2024-08-03 00:00:00",18:03,2,1795,no,no,"no (EMPTY)"
1570,30000,2,closed,"2024-08-03 00:00:00",18:15:00,"2024-08-03 00:00:00",21:26,1,1797,no,no,"no (EMPTY)"
1569,29998,2,closed,"2024-08-03 00:00:00",17:12:00,"2024-08-07 00:00:00",13:45:00,4,1734,no,no,"no (EMPTY)"
1568,29990,2,closed,"2024-08-03 00:00:00",10:58:14,"2024-08-05 00:00:00",22:30:00,3,1761,no,no,"no (EMPTY)"
1567,29985,2,closed,"2024-08-03 00:00:00",10:34:38,"2024-08-03 00:00:00",22:00:00,1,1736,no,no,"no (EMPTY)"
1574,30017,2,closed,"2024-08-04 00:00:00",14:45:00,"2024-08-07 00:00:00",19:45:00,4,1741,no,no,"no (EMPTY)"
1573,30015,2,closed,"2024-08-04 00:00:00",14:10:00,"2024-08-04 00:00:00",15:30:00,0,1839,no,no,"no (EMPTY)"
1572,30011,2,closed,"2024-08-04 00:00:00",12:35:00,"2024-08-04 00:00:00",14:32,0,1789,no,no,"no (EMPTY)"
1571,30010,2,closed,"2024-08-04 00:00:00",10:25:00,"2024-08-04 00:00:00",12:20:00,0,1797,no,no,"no (EMPTY)"
1577,30030,2,closed,"2024-08-05 00:00:00",15:15:00,"2024-08-12 00:00:00",17:00:00,7,1770,no,no,"no (EMPTY)"
1576,30028,2,closed,"2024-08-05 00:00:00",12:55:00,"2024-08-08 00:00:00",16:26:00,4,1756,no,no,"no (EMPTY)"
1575,30026,2,closed,"2024-08-05 00:00:00",10:25:00,"2024-08-09 00:00:00",16:30:00,5,1784,no,no,"no (EMPTY)"
1578,30037,2,closed,"2024-08-05 00:00:00",21:00:00,"2024-08-06 00:00:00",11:15:00,1,1777,no,no,"no (EMPTY)"
1583,30064,2,closed,"2024-08-06 00:00:00",18:15:00,"2024-08-07 00:00:00",04:12,1,1820,no,no,"no (EMPTY)"
1582,30059,2,closed,"2024-08-06 00:00:00",17:35:24,"2024-08-07 00:00:00",01:10:00,1,1736,no,no,"no (EMPTY)"
1581,30054,2,closed,"2024-08-06 00:00:00",15:03:11,"2024-08-06 00:00:00",17:34,0,1797,no,no,"no (EMPTY)"
1580,30052,2,closed,"2024-08-06 00:00:00",11:20:00,"2024-08-06 00:00:00",14:41:00,1,1829,no,no,"no (EMPTY)"
1579,30048,2,closed,"2024-08-06 00:00:00",10:10:00,"2024-08-07 00:00:00",01:05:00,1,1808,no,no,"no (EMPTY)"
1589,30090,2,closed,"2024-08-07 00:00:00",22:36:00,"2024-08-12 00:00:00",12:40:00,5,1786,no,no,"no (EMPTY)"
1588,30086,2,closed,"2024-08-07 00:00:00",19:50:00,"2024-08-08 00:00:00",11:00:00,1,1777,no,no,"no (EMPTY)"
1587,30077,2,closed,"2024-08-07 00:00:00",14:00:00,"2024-08-08 00:00:00",19:30:00,2,1729,no,no,"no (EMPTY)"
1586,30076,2,closed,"2024-08-07 00:00:00",14:00:00,"2024-08-07 00:00:00",19:30:00,1,1758,no,no,"no (EMPTY)"
1585,30073,2,closed,"2024-08-07 00:00:00",11:40:00,"2024-08-09 00:00:00",21:00:00,3,1803,no,no,"no (EMPTY)"
1584,30072,2,closed,"2024-08-07 00:00:00",11:00:00,"2024-08-09 00:00:00",21:30:00,3,1844,no,no,"no (EMPTY)"
1595,30105,2,closed,"2024-08-08 00:00:00",19:34:40,"2024-08-09 00:00:00",01:38,1,1772,no,no,"no (EMPTY)"
1594,30100,2,closed,"2024-08-08 00:00:00",13:15:00,"2024-08-10 00:00:00",15:00:00,2,1781,no,no,"no (EMPTY)"
1593,30099,2,closed,"2024-08-08 00:00:00",13:15:00,"2024-08-08 00:00:00",18:30:00,1,1852,no,no,"no (EMPTY)"
1592,30098,2,closed,"2024-08-08 00:00:00",12:05:00,"2024-09-03 00:00:00",14:03:00,26,1862,no,no,"no (EMPTY)"
1591,30097,2,closed,"2024-08-08 00:00:00",12:00:00,"2024-09-04 00:00:00",20:21,28,1859,no,no,"no (EMPTY)"
1590,30094,2,closed,"2024-08-08 00:00:00",10:40:00,"2024-08-08 00:00:00",16:20:00,1,1753,no,no,"no (EMPTY)"
1601,30124,2,closed,"2024-08-09 00:00:00",19:50:00,"2024-08-12 00:00:00",13:01,3,1748,no,no,"no (EMPTY)"
1600,30123,2,closed,"2024-08-09 00:00:00",19:00:00,"2024-09-25 00:00:00",21:00:00,47,1864,no,no,"no (EMPTY)"
1599,30121,2,closed,"2024-08-09 00:00:00",17:10:00,"2024-08-11 00:00:00",16:30:00,2,1854,no,no,"no (EMPTY)"
1598,30118,2,closed,"2024-08-09 00:00:00",13:47:50,"2024-08-11 00:00:00",10:12,2,1767,no,no,"no (EMPTY)"
1597,30114,2,closed,"2024-08-09 00:00:00",10:45:00,"2024-08-10 00:00:00",22:00:00,2,1813,no,no,"no (EMPTY)"
1596,30113,2,closed,"2024-08-09 00:00:00",10:30:00,"2024-08-09 00:00:00",22:35:00,1,1774,no,no,"no (EMPTY)"
1607,30154,2,closed,"2024-08-10 00:00:00",21:30:00,"2024-08-14 00:00:00",12:15:00,4,1737,no,no,"no (EMPTY)"
1606,30150,2,closed,"2024-08-10 00:00:00",21:18:56,"2024-08-10 00:00:00",22:31:00,0,1839,no,no,"no (EMPTY)"
1605,30141,2,closed,"2024-08-10 00:00:00",15:25:00,"2024-08-12 00:00:00",11:45:00,2,1833,no,no,"no (EMPTY)"
1604,30140,2,closed,"2024-08-10 00:00:00",15:15:00,"2024-08-10 00:00:00",17:34,0,1771,no,no,"no (EMPTY)"
1603,30139,2,closed,"2024-08-10 00:00:00",13:00:00,"2024-08-10 00:00:00",21:00:00,1,1753,no,no,"no (EMPTY)"
1602,30134,2,closed,"2024-08-10 00:00:00",10:25:00,"2024-08-11 00:00:00",18:00:00,2,1773,no,no,"no (EMPTY)"
1609,30166,2,closed,"2024-08-11 00:00:00",18:26:54,"2024-08-11 00:00:00",20:00:00,0,1825,no,no,"no (EMPTY)"
1608,30165,2,closed,"2024-08-11 00:00:00",16:55:00,"2024-08-19 00:00:00",22:00:00,9,1790,no,no,"no (EMPTY)"
1615,30191,2,closed,"2024-08-12 00:00:00",17:28:11,"2024-08-13 00:00:00",23:05:00,2,1729,no,no,"no (EMPTY)"
1614,30190,2,closed,"2024-08-12 00:00:00",17:19:01,"2024-08-13 00:00:00",12:27,1,1834,no,no,"no (EMPTY)"
1613,30183,2,closed,"2024-08-12 00:00:00",13:02:55,"2024-08-13 00:00:00",23:15:00,2,1776,no,no,"no (EMPTY)"
1612,30181,2,closed,"2024-08-12 00:00:00",12:20:50,"2024-08-12 00:00:00",16:00:00,1,1712,no,no,"no (EMPTY)"
1611,30180,2,closed,"2024-08-12 00:00:00",12:00:00,"2024-08-13 00:00:00",17:56:00,2,1812,no,no,"no (EMPTY)"
1610,30177,2,closed,"2024-08-12 00:00:00",10:35:00,"2024-08-12 00:00:00",22:00:00,1,1763,no,no,"no (EMPTY)"
1619,30217,2,closed,"2024-08-13 00:00:00",20:03:54,"2024-08-14 00:00:00",15:25,1,1754,no,no,"no (EMPTY)"
1618,30212,2,closed,"2024-08-13 00:00:00",18:15:00,"2024-08-18 00:00:00",01:54,5,1735,no,no,"no (EMPTY)"
1617,30203,2,closed,"2024-08-13 00:00:00",13:00:00,"2024-08-16 00:00:00",13:30:00,3,1750,no,no,"no (EMPTY)"
1616,30202,2,closed,"2024-08-13 00:00:00",10:57:56,"2024-08-13 00:00:00",18:15:00,1,1763,no,no,"no (EMPTY)"
1625,30239,2,closed,"2024-08-14 00:00:00",21:32:00,"2024-08-16 00:00:00",15:25:00,2,1758,no,no,"no (EMPTY)"
1624,30237,2,closed,"2024-08-14 00:00:00",19:33:00,"2024-08-18 00:00:00",21:09,4,1754,no,no,"no (EMPTY)"
1623,30234,2,closed,"2024-08-14 00:00:00",15:55:00,"2024-08-14 00:00:00",19:20:00,1,1738,no,no,"no (EMPTY)"
1622,30227,2,closed,"2024-08-14 00:00:00",12:10:00,"2024-08-23 00:00:00",16:00:00,10,1778,no,no,"no (EMPTY)"
1621,30226,2,closed,"2024-08-14 00:00:00",10:35:00,"2024-08-16 00:00:00",19:24,3,1801,no,no,"no (EMPTY)"
1620,30225,2,closed,"2024-08-14 00:00:00",10:25:00,"2024-08-14 00:00:00",21:30:00,1,1861,no,no,"no (EMPTY)"
1628,30255,2,closed,"2024-08-15 00:00:00",17:00:00,"2024-08-15 00:00:00",22:31,1,1771,no,no,"no (EMPTY)"
1627,30246,2,closed,"2024-08-15 00:00:00",12:04:00,"2024-08-15 00:00:00",17:53,1,1796,no,no,"no (EMPTY)"
1626,30244,2,closed,"2024-08-15 00:00:00",10:30:00,"2024-08-15 00:00:00",22:43,1,1784,no,no,"no (EMPTY)"
1633,30275,2,closed,"2024-08-16 00:00:00",23:06:27,"2024-08-18 00:00:00",23:00:00,2,1767,no,no,"no (EMPTY)"
1632,30272,2,closed,"2024-08-16 00:00:00",18:55:49,"2024-08-17 00:00:00",14:00:00,1,1761,no,no,"no (EMPTY)"
1631,30268,2,closed,"2024-08-16 00:00:00",15:30:00,"2024-08-17 00:00:00",17:30:00,1,1773,no,no,"no (EMPTY)"
1630,30267,2,closed,"2024-08-16 00:00:00",14:30:00,"2024-08-23 00:00:00",21:00:00,8,1839,no,no,"no (EMPTY)"
1629,30262,2,closed,"2024-08-16 00:00:00",10:35:00,"2024-08-16 00:00:00",22:30:00,1,1774,no,no,"no (EMPTY)"
1638,30293,2,closed,"2024-08-17 00:00:00",17:37:47,"2024-08-18 00:00:00",23:00:00,2,1850,no,no,"no (EMPTY)"
1637,30292,2,closed,"2024-08-17 00:00:00",16:55:00,"2024-08-17 00:00:00",22:15:00,1,1849,no,no,"no (EMPTY)"
1636,30288,2,closed,"2024-08-17 00:00:00",15:48:00,"2024-08-17 00:00:00",23:15:00,1,1763,no,no,"no (EMPTY)"
1635,30280,2,closed,"2024-08-17 00:00:00",11:15:00,"2024-08-20 00:00:00",15:00:00,4,1808,no,no,"no (EMPTY)"
1634,30279,2,closed,"2024-08-17 00:00:00",10:30:00,"2024-08-19 00:00:00",15:00:00,3,1738,no,no,"no (EMPTY)"
1643,30320,2,closed,"2024-08-18 00:00:00",20:40:00,"2024-08-24 00:00:00",22:15:00,6,1844,no,no,"no (EMPTY)"
1642,30312,2,closed,"2024-08-18 00:00:00",17:05:00,"2024-08-19 00:00:00",23:40:00,2,1765,no,no,"no (EMPTY)"
1641,30311,2,closed,"2024-08-18 00:00:00",16:45:00,"2024-08-20 00:00:00",23:00:00,3,1793,no,no,"no (EMPTY)"
1640,30310,2,closed,"2024-08-18 00:00:00",16:42:46,"2024-08-22 00:00:00",08:37,4,1801,no,no,"no (EMPTY)"
1639,30299,2,closed,"2024-08-18 00:00:00",10:20:00,"2024-08-21 00:00:00",14:00:00,4,1814,no,no,"no (EMPTY)"
1644,30325,2,closed,"2024-08-19 00:00:00",10:45:00,"2024-08-19 00:00:00",22:00:00,1,1748,no,no,"no (EMPTY)"
1645,30331,2,closed,"2024-08-19 00:00:00",15:35:00,"2024-08-22 00:00:00",15:00:00,3,1786,no,no,"no (EMPTY)"
1649,30358,2,closed,"2024-08-20 00:00:00",22:00:00,"2024-08-23 00:00:00",22:00:00,3,1704,no,no,"no (EMPTY)"
1648,30357,2,closed,"2024-08-20 00:00:00",22:00:00,"2024-08-21 00:00:00",23:50:00,1,1851,no,no,"no (EMPTY)"
1647,30346,2,closed,"2024-08-20 00:00:00",15:25:36,"2024-09-06 00:00:00",17:00:00,17,1729,no,no,"no (EMPTY)"
1646,30337,2,closed,"2024-08-20 00:00:00",10:22:00,"2024-08-21 00:00:00",17:18,2,1770,no,no,"no (EMPTY)"
1652,30369,2,closed,"2024-08-21 00:00:00",14:17:50,"2024-08-23 00:00:00",12:33,2,1860,no,no,"no (EMPTY)"
1651,30365,2,closed,"2024-08-21 00:00:00",10:51:03,"2024-08-22 00:00:00",19:00:00,2,1734,no,no,"no (EMPTY)"
1650,30363,2,closed,"2024-08-21 00:00:00",10:37:15,"2024-08-21 00:00:00",11:45:00,0,1771,no,no,"no (EMPTY)"
1655,30399,2,closed,"2024-08-22 00:00:00",19:10:00,"2024-08-24 00:00:00",22:20:00,3,1741,no,no,"no (EMPTY)"
1654,30382,2,closed,"2024-08-22 00:00:00",10:30:00,"2024-08-24 00:00:00",13:15:00,3,1777,no,no,"no (EMPTY)"
1653,30381,2,closed,"2024-08-22 00:00:00",10:30:00,"2024-08-28 00:00:00",11:54,6,1757,no,no,"no (EMPTY)"
1657,30408,2,closed,"2024-08-23 00:00:00",18:30:00,"2024-09-02 00:00:00",21:51:00,11,1737,no,no,"no (EMPTY)"
1656,30404,2,closed,"2024-08-23 00:00:00",11:35:00,"2024-08-23 00:00:00",14:30:00,1,1805,no,no,"no (EMPTY)"
1662,30430,2,closed,"2024-08-24 00:00:00",22:30:00,"2024-08-26 00:00:00",13:43,2,1851,no,no,"no (EMPTY)"
1661,30429,2,closed,"2024-08-24 00:00:00",19:15:00,"2024-08-24 00:00:00",22:10:00,1,1786,no,no,"no (EMPTY)"
1660,30425,2,closed,"2024-08-24 00:00:00",15:20:00,"2024-08-24 00:00:00",19:24,1,1848,no,no,"no (EMPTY)"
1659,30420,2,closed,"2024-08-24 00:00:00",10:54:00,"2024-08-27 00:00:00",14:00:00,4,1712,no,no,"no (EMPTY)"
1658,30419,2,closed,"2024-08-24 00:00:00",10:25:00,"2024-08-24 00:00:00",22:00:00,1,1763,no,no,"no (EMPTY)"
1669,30447,2,closed,"2024-08-25 00:00:00",22:51:55,"2024-08-26 00:00:00",19:47:00,1,1793,no,no,"no (EMPTY)"
1668,30444,2,closed,"2024-08-25 00:00:00",20:35:00,"2024-08-29 00:00:00",14:18,4,1786,no,no,"no (EMPTY)"
1667,30442,2,closed,"2024-08-25 00:00:00",18:26:56,"2024-08-25 00:00:00",21:08,1,1738,no,no,"no (EMPTY)"
1666,30440,2,closed,"2024-08-25 00:00:00",16:55:00,"2024-08-25 00:00:00",20:30:00,1,1733,no,no,"no (EMPTY)"
1665,30438,2,closed,"2024-08-25 00:00:00",16:11:47,"2024-08-25 00:00:00",21:59,1,1702,no,no,"no (EMPTY)"
1664,30437,2,closed,"2024-08-25 00:00:00",15:38:00,"2024-08-25 00:00:00",22:20:00,1,1748,no,no,"no (EMPTY)"
1663,30433,2,closed,"2024-08-25 00:00:00",11:20:00,"2024-08-25 00:00:00",20:00:00,1,1810,no,no,"no (EMPTY)"
1674,30469,2,closed,"2024-08-26 00:00:00",23:38:00,"2024-09-01 00:00:00",11:00:00,6,1823,no,no,"no (EMPTY)"
1673,30459,2,closed,"2024-08-26 00:00:00",13:45:00,"2024-08-26 00:00:00",20:36:00,1,1810,no,no,"no (EMPTY)"
1672,30457,2,closed,"2024-08-26 00:00:00",12:48:00,"2024-08-27 00:00:00",12:43,1,1800,no,no,"no (EMPTY)"
1671,30454,2,closed,"2024-08-26 00:00:00",10:40:00,"2024-08-27 00:00:00",18:40:00,2,1789,no,no,"no (EMPTY)"
1670,30453,2,closed,"2024-08-26 00:00:00",10:35:00,"2024-08-26 00:00:00",13:35:00,1,1790,no,no,"no (EMPTY)"
1679,30491,2,closed,"2024-08-27 00:00:00",21:36:00,"2024-08-29 00:00:00",13:30:00,2,1768,no,no,"no (EMPTY)"
1678,30486,2,closed,"2024-08-27 00:00:00",18:42:27,"2024-08-28 00:00:00",14:30:00,1,1770,no,no,"no (EMPTY)"
1677,30478,2,closed,"2024-08-27 00:00:00",13:30:00,"2024-08-27 00:00:00",23:00:00,1,1782,no,no,"no (EMPTY)"
1676,30472,2,closed,"2024-08-27 00:00:00",12:45:00,"2024-08-27 00:00:00",17:59,1,1834,no,no,"no (EMPTY)"
1675,30470,2,closed,"2024-08-27 00:00:00",10:40:00,"2024-08-28 00:00:00",18:30:00,2,1758,no,no,"no (EMPTY)"
1684,30503,2,closed,"2024-08-28 00:00:00",18:45:00,"2024-08-29 00:00:00",22:00:00,2,1814,no,no,"no (EMPTY)"
1683,30501,2,closed,"2024-08-28 00:00:00",15:00:00,"2024-08-29 00:00:00",14:10:00,1,1778,no,no,"no (EMPTY)"
1682,30499,2,closed,"2024-08-28 00:00:00",11:28:00,"2024-08-29 00:00:00",16:38,2,1794,no,no,"no (EMPTY)"
1681,30498,2,closed,"2024-08-28 00:00:00",10:06:00,"2024-08-28 00:00:00",17:30:00,1,1803,no,no,"no (EMPTY)"
1680,30493,2,closed,"2024-08-28 00:00:00",00:26:40,"2024-08-28 00:00:00",11:07,1,1780,no,no,"no (EMPTY)"
1688,30524,2,closed,"2024-08-29 00:00:00",22:30:00,"2024-08-31 00:00:00",20:00:00,2,1796,no,no,"no (EMPTY)"
1687,30519,2,closed,"2024-08-29 00:00:00",14:42:00,"2024-08-31 00:00:00",20:00:00,3,1848,no,no,"no (EMPTY)"
1686,30515,2,closed,"2024-08-29 00:00:00",13:12:00,"2024-08-30 00:00:00",13:39,1,1736,no,no,"no (EMPTY)"
1685,30512,2,closed,"2024-08-29 00:00:00",10:36:00,"2024-08-30 00:00:00",12:45:00,1,1813,no,no,"no (EMPTY)"
1694,30541,2,closed,"2024-08-30 00:00:00",21:00:00,"2024-08-30 00:00:00",22:00:00,0,1780,no,no,"no (EMPTY)"
1693,30537,2,closed,"2024-08-30 00:00:00",16:00:00,"2024-09-19 00:00:00",15:55,20,1858,no,no,"no (EMPTY)"
1692,30534,2,closed,"2024-08-30 00:00:00",15:25:00,"2024-09-01 00:00:00",22:56,3,1761,no,no,"no (EMPTY)"
1691,30533,2,closed,"2024-08-30 00:00:00",15:56:00,"2024-08-31 00:00:00",23:38,2,1763,no,no,"no (EMPTY)"
1690,30530,2,closed,"2024-08-30 00:00:00",10:45:00,"2024-08-31 00:00:00",15:03,2,1829,no,no,"no (EMPTY)"
1689,30529,2,closed,"2024-08-30 00:00:00",10:40:00,"2024-08-31 00:00:00",13:00:00,2,1794,no,no,"no (EMPTY)"
1698,30552,2,closed,"2024-08-31 00:00:00",19:50:16,"2024-09-03 00:00:00",13:35,3,1821,no,no,"no (EMPTY)"
1697,30551,2,closed,"2024-08-31 00:00:00",13:59:49,"2024-09-01 00:00:00",20:16:00,2,1849,no,no,"no (EMPTY)"
1696,30547,2,closed,"2024-08-31 00:00:00",10:15:00,"2024-09-01 00:00:00",14:55:00,2,1770,no,no,"no (EMPTY)"
1695,30546,2,closed,"2024-08-31 00:00:00",10:15:00,"2024-08-31 00:00:00",13:54,1,1809,no,no,"no (EMPTY)"
1702,30570,2,closed,"2024-09-01 00:00:00",16:19:53,"2024-09-04 00:00:00",20:45,4,1783,no,no,"no (EMPTY)"
1701,30568,2,closed,"2024-09-01 00:00:00",15:40:55,"2024-09-01 00:00:00",22:09,1,1765,no,no,"no (EMPTY)"
1700,30561,2,closed,"2024-09-01 00:00:00",11:50:25,"2024-09-03 00:00:00",18:30:00,3,1826,no,no,"no (EMPTY)"
1699,30560,2,closed,"2024-09-01 00:00:00",11:04:00,"2024-09-02 00:00:00",16:40:00,2,1750,no,no,"no (EMPTY)"
1707,30607,2,closed,"2024-09-02 00:00:00",20:17:00,"2024-09-05 00:00:00",13:33:00,3,1823,no,no,"no (EMPTY)"
1706,30598,2,closed,"2024-09-02 00:00:00",16:05:00,"2024-09-03 00:00:00",18:10:00,1,1800,no,no,"no (EMPTY)"
1705,30596,2,closed,"2024-09-02 00:00:00",13:25:00,"2024-09-03 00:00:00",22:10:00,2,1834,no,no,"no (EMPTY)"
1704,30595,2,closed,"2024-09-02 00:00:00",13:00:00,"2024-09-02 00:00:00",16:40:00,1,1853,no,no,"no (EMPTY)"
1703,30591,2,closed,"2024-09-02 00:00:00",10:35:00,"2024-09-02 00:00:00",22:51:00,1,1851,no,no,"no (EMPTY)"
1718,30667,2,closed,"2024-09-03 00:00:00",15:05:00,"2024-09-12 00:00:00",21:10:00,10,1837,no,no,"no (EMPTY)"
1711,30628,2,closed,"2024-09-03 00:00:00",21:16:56,"2024-09-05 00:00:00",21:15:00,2,1828,no,no,"no (EMPTY)"
1710,30621,2,closed,"2024-09-03 00:00:00",14:05:00,"2024-09-08 00:00:00",15:07,5,1736,no,no,"no (EMPTY)"
1709,30620,2,closed,"2024-09-03 00:00:00",13:30:00,"2024-09-04 00:00:00",16:30:00,2,1793,no,no,"no (EMPTY)"
1708,30614,2,closed,"2024-09-03 00:00:00",11:10:00,"2024-09-03 00:00:00",22:31,1,1822,no,no,"no (EMPTY)"
1719,30670,2,closed,"2024-09-04 00:00:00",20:40:00,"2024-09-07 00:00:00",11:05:00,3,1787,no,no,"no (EMPTY)"
1713,30657,2,closed,"2024-09-04 00:00:00",20:10:00,"2024-09-05 00:00:00",21:30:00,1,1781,no,no,"no (EMPTY)"
1712,30640,2,closed,"2024-09-04 00:00:00",11:17:00,"2024-09-05 00:00:00",20:03,2,1788,no,no,"no (EMPTY)"
1720,30671,2,closed,"2024-09-05 00:00:00",16:00:15,"2024-09-06 00:00:00",10:00:00,1,1738,no,no,"no (EMPTY)"
1717,30665,2,closed,"2024-09-05 00:00:00",13:48:00,"2024-09-07 00:00:00",13:00:00,2,1750,no,no,"no (EMPTY)"
1716,30663,2,closed,"2024-09-05 00:00:00",13:17:00,"2024-09-06 00:00:00",00:12:00,1,1741,no,no,"no (EMPTY)"
1715,30661,2,closed,"2024-09-05 00:00:00",11:12,"2024-09-05 00:00:00",13:00:00,0,1763,no,no,"no (EMPTY)"
1714,30660,2,closed,"2024-09-05 00:00:00",08:12:00,"2024-09-07 00:00:00",09:08:00,2,1762,no,no,"no (EMPTY)"
1723,30693,2,closed,"2024-09-06 00:00:00",15:50:00,"2024-09-06 00:00:00",19:30:00,1,1753,no,no,"no (EMPTY)"
1722,30690,2,closed,"2024-09-06 00:00:00",14:40:00,"2024-09-08 00:00:00",14:54,2,1808,no,no,"no (EMPTY)"
1721,30689,2,closed,"2024-09-06 00:00:00",11:30:00,"2024-09-08 00:00:00",16:46:00,3,1860,no,no,"no (EMPTY)"
1728,30728,2,closed,"2024-09-07 00:00:00",22:35:00,"2024-09-12 00:00:00",18:00:00,5,1819,no,no,"no (EMPTY)"
1727,30725,2,closed,"2024-09-07 00:00:00",17:48:53,"2024-09-08 00:00:00",23:20:00,2,1762,no,no,"no (EMPTY)"
1726,30720,2,closed,"2024-09-07 00:00:00",16:11:43,"2024-09-10 00:00:00",22:40:00,4,1752,no,no,"no (EMPTY)"
1725,30705,2,closed,"2024-09-07 00:00:00",11:08:00,"2024-09-07 00:00:00",18:15,1,1776,no,no,"no (EMPTY)"
1724,30704,2,closed,"2024-09-07 00:00:00",08:08:00,"2024-09-17 00:00:00",17:38,11,1835,no,no,"no (EMPTY)"
1729,30734,2,closed,"2024-09-08 00:00:00",23:21,"2024-09-08 00:00:00",22:10:00,1,1762,no,no,"no (EMPTY)"
1733,30749,2,closed,"2024-09-09 00:00:00",15:15:25,"2024-09-09 00:00:00",18:05:00,1,1829,no,no,"no (EMPTY)"
1732,30747,2,closed,"2024-09-09 00:00:00",12:00:00,"2024-09-10 00:00:00",21:25:00,2,1738,no,no,"no (EMPTY)"
1731,30744,2,closed,"2024-09-09 00:00:00",10:17:52,"2024-09-10 00:00:00",18:22,2,1780,no,no,"no (EMPTY)"
1730,30743,2,closed,"2024-09-09 00:00:00",08:40:00,"2024-09-11 00:00:00",12:04,3,1828,no,no,"no (EMPTY)"
1736,30773,2,closed,"2024-09-10 00:00:00",21:30:13,"2024-09-12 00:00:00",14:00:00,2,1851,no,no,"no (EMPTY)"
1735,30767,2,closed,"2024-09-10 00:00:00",16:11:12,"2024-09-12 00:00:00",22:05:00,3,1737,no,no,"no (EMPTY)"
1734,30765,2,closed,"2024-09-10 00:00:00",14:31:04,"2024-09-10 00:00:00",23:28:00,1,1748,no,no,"no (EMPTY)"
1739,30790,2,closed,"2024-09-11 00:00:00",19:02:39,"2024-09-12 00:00:00",12:30,1,1800,no,no,"no (EMPTY)"
1738,30785,2,closed,"2024-09-11 00:00:00",15:37:00,"2024-09-13 00:00:00",23:50:00,3,1834,no,no,"no (EMPTY)"
1737,30781,2,closed,"2024-09-11 00:00:00",12:15:00,"2024-09-11 00:00:00",20:20:00,1,1805,no,no,"no (EMPTY)"
1743,30818,2,closed,"2024-09-12 00:00:00",22:58:27,"2024-09-13 00:00:00",20:25:00,1,1712,no,no,"no (EMPTY)"
1742,30811,2,closed,"2024-09-12 00:00:00",18:12:00,"2024-09-13 00:00:00",11:00:00,1,1736,no,no,"no (EMPTY)"
1741,30804,2,closed,"2024-09-12 00:00:00",14:35:00,"2024-09-12 00:00:00",22:18,1,1853,no,no,"no (EMPTY)"
1740,30798,2,closed,"2024-09-12 00:00:00",10:21:00,"2024-09-15 00:00:00",20:10,4,1748,no,no,"no (EMPTY)"
1748,30835,2,closed,"2024-09-13 00:00:00",22:18:40,"2024-09-14 00:00:00",20:39,1,1796,no,no,"no (EMPTY)"
1747,30833,2,closed,"2024-09-13 00:00:00",19:20:00,"2024-09-15 00:00:00",23:59:00,3,1762,no,no,"no (EMPTY)"
1746,30832,2,closed,"2024-09-13 00:00:00",19:10:00,"2024-09-16 00:00:00",22:52,4,1812,no,no,"no (EMPTY)"
1745,30828,2,closed,"2024-09-13 00:00:00",16:35:05,"2024-09-22 00:00:00",12:40:00,9,1833,no,no,"no (EMPTY)"
1744,30820,2,closed,"2024-09-13 00:00:00",10:48:24,"2024-09-13 00:00:00",12:04:00,0,1822,no,no,"no (EMPTY)"
1751,30852,2,closed,"2024-09-14 00:00:00",19:45:00,"2024-09-15 00:00:00",12:20,1,1771,no,no,"no (EMPTY)"
1750,30850,2,closed,"2024-09-14 00:00:00",17:56:23,"2024-09-15 00:00:00",16:40,1,1763,no,no,"no (EMPTY)"
1749,30837,2,closed,"2024-09-14 00:00:00",10:11:00,"2024-09-16 00:00:00",18:39,3,1741,no,no,"no (EMPTY)"
1754,30864,2,closed,"2024-09-15 00:00:00",15:03:00,"2024-09-19 00:00:00",23:30:00,5,1848,no,no,"no (EMPTY)"
1753,30862,2,closed,"2024-09-15 00:00:00",12:30:00,"2024-09-27 00:00:00",22:28,13,1773,no,no,"no (EMPTY)"
1752,30860,2,closed,"2024-09-15 00:00:00",09:00:00,"2024-09-18 00:00:00",22:08:00,4,1757,no,no,"no (EMPTY)"
1757,30893,2,closed,"2024-09-16 00:00:00",21:10:00,"2024-09-23 00:00:00",12:40:00,7,1748,no,no,"no (EMPTY)"
1756,30892,2,closed,"2024-09-16 00:00:00",20:45:00,"2024-09-17 00:00:00",21:00:00,1,1750,no,no,"no (EMPTY)"
1755,30884,2,closed,"2024-09-16 00:00:00",13:18:00,"2024-09-16 00:00:00",22:04,1,1841,no,no,"no (EMPTY)"
1761,30917,2,closed,"2024-09-17 00:00:00",21:20:00,"2024-09-18 00:00:00",16:00:00,1,1805,no,no,"no (EMPTY)"
1760,30916,2,closed,"2024-09-17 00:00:00",21:10:00,"2024-09-19 00:00:00",15:32,2,1853,no,no,"no (EMPTY)"
1759,30909,2,closed,"2024-09-17 00:00:00",15:10:00,"2024-09-17 00:00:00",22:00:00,1,1784,no,no,"no (EMPTY)"
1758,30903,2,closed,"2024-09-17 00:00:00",12:27:11,"2024-09-17 00:00:00",14:41,0,1850,no,no,"no (EMPTY)"
1763,30935,2,closed,"2024-09-18 00:00:00",16:51:00,"2024-09-19 00:00:00",20:28,2,1815,no,no,"no (EMPTY)"
1762,30923,2,closed,"2024-09-18 00:00:00",11:00:00,"2024-09-21 00:00:00",23:45:00,4,1825,no,no,"no (EMPTY)"
1765,30959,2,closed,"2024-09-19 00:00:00",18:10:00,"2024-09-25 00:00:00",22:00:00,7,1706,no,no,"no (EMPTY)"
1764,30944,2,closed,"2024-09-19 00:00:00",10:42:23,"2024-09-22 00:00:00",21:40:00,4,1784,no,no,"no (EMPTY)"
1769,30979,2,closed,"2024-09-20 00:00:00",17:25:00,"2024-09-20 00:00:00",21:43,1,1771,no,no,"no (EMPTY)"
1768,30978,2,closed,"2024-09-20 00:00:00",22:00:00,"2024-10-02 00:00:00",16:37:00,12,1737,no,no,"no (EMPTY)"
1767,30973,2,closed,"2024-09-20 00:00:00",14:05:00,"2024-09-22 00:00:00",16:44:00,2,1756,no,no,"no (EMPTY)"
1766,30970,2,closed,"2024-09-20 00:00:00",12:47:45,"2024-09-21 00:00:00",15:41,2,1788,no,no,"no (EMPTY)"
1771,30994,2,closed,"2024-09-21 00:00:00",15:15:00,"2024-09-23 00:00:00",10:00:00,2,1738,no,no,"no (EMPTY)"
1770,30985,2,closed,"2024-09-21 00:00:00",00:26:00,"2024-09-25 00:00:00",17:08,5,1730,no,no,"no (EMPTY)"
1772,31000,2,closed,"2024-09-21 00:00:00",18:36:37,"2024-09-22 00:00:00",17:05:00,1,1702,no,no,"no (EMPTY)"
1774,31014,2,closed,"2024-09-22 00:00:00",12:00:00,"2024-09-24 00:00:00",14:48,2,1826,no,no,"no (EMPTY)"
1773,31013,2,closed,"2024-09-22 00:00:00",11:40:00,"2024-09-26 00:00:00",23:00:00,5,1782,no,no,"no (EMPTY)"
1776,31034,2,closed,"2024-09-23 00:00:00",13:05:00,"2024-09-23 00:00:00",20:20:00,1,1794,no,no,"no (EMPTY)"
1775,31030,2,closed,"2024-09-23 00:00:00",10:05:00,"2024-09-27 00:00:00",11:50:00,4,1847,no,no,"no (EMPTY)"
1780,31061,2,closed,"2024-09-24 00:00:00",20:41:00,"2024-09-26 00:00:00",11:13,2,1812,no,no,"no (EMPTY)"
1779,31058,2,closed,"2024-09-24 00:00:00",19:47:35,"2024-10-02 00:00:00",16:05,8,1735,no,no,"no (EMPTY)"
1778,31056,2,closed,"2024-09-24 00:00:00",18:07:00,"2024-09-26 00:00:00",21:50:00,3,1776,no,no,"no (EMPTY)"
1777,31051,2,closed,"2024-09-24 00:00:00",14:57:44,"2024-09-27 00:00:00",15:15,3,1768,no,no,"no (EMPTY)"
1784,31080,2,closed,"2024-09-25 00:00:00",17:30:00,"2024-10-02 00:00:00",16:46:00,7,1729,no,no,"no (EMPTY)"
1783,31079,2,closed,"2024-09-25 00:00:00",16:57:06,"2024-09-26 00:00:00",18:00:00,1,1801,no,no,"no (EMPTY)"
1782,31076,2,closed,"2024-09-25 00:00:00",13:52:00,"2024-09-26 00:00:00",15:50:00,1,1712,no,no,"no (EMPTY)"
1781,31073,2,closed,"2024-09-25 00:00:00",13:35:37,"2024-09-25 00:00:00",16:47,1,1823,no,no,"no (EMPTY)"
1788,31103,2,closed,"2024-09-26 00:00:00",18:43:19,"2024-10-07 00:00:00",10:46,11,1867,no,no,"no (EMPTY)"
1787,31102,2,closed,"2024-09-26 00:00:00",18:09:47,"2024-09-30 00:00:00",17:15:00,4,1778,no,no,"no (EMPTY)"
1786,31099,2,closed,"2024-09-26 00:00:00",17:20:00,"2024-09-30 00:00:00",13:29,4,1833,no,no,"no (EMPTY)"
1785,31094,2,closed,"2024-09-26 00:00:00",13:05:57,"2024-09-27 00:00:00",11:30:00,1,1704,no,no,"no (EMPTY)"
1793,31136,2,closed,"2024-09-27 00:00:00",14:30:00,"2024-10-15 00:00:00",21:07,19,1762,no,no,"no (EMPTY)"
1792,31130,2,closed,"2024-09-27 00:00:00",17:10:00,"2024-10-02 00:00:00",23:05:00,6,1859,no,no,"no (EMPTY)"
1791,31129,2,closed,"2024-09-27 00:00:00",13:45:00,"2024-09-29 00:00:00",18:42,3,1826,no,no,"no (EMPTY)"
1790,31122,2,closed,"2024-09-27 00:00:00",10:40:00,"2024-10-05 00:00:00",14:26,9,1780,no,no,"no (EMPTY)"
1789,31121,2,closed,"2024-09-27 00:00:00",10:36:00,"2024-09-27 00:00:00",23:23,1,1863,no,no,"no (EMPTY)"
1797,31160,2,closed,"2024-09-28 00:00:00",19:40:00,"2024-10-07 00:00:00",20:00:00,9,1810,no,no,"no (EMPTY)"
1796,31155,2,closed,"2024-09-28 00:00:00",18:11:28,"2024-09-28 00:00:00",22:40:00,1,1835,no,no,"no (EMPTY)"
1795,31151,2,closed,"2024-09-28 00:00:00",14:56:26,"2024-09-30 00:00:00",23:30:00,3,1846,no,no,"no (EMPTY)"
1794,31145,2,closed,"2024-09-28 00:00:00",11:25:00,"2024-09-28 00:00:00",21:33,1,1772,no,no,"no (EMPTY)"
1799,31182,2,closed,"2024-09-29 00:00:00",23:38:00,"2024-09-30 00:00:00",20:00:00,1,1774,no,no,"no (EMPTY)"
1798,31173,2,closed,"2024-09-29 00:00:00",12:59:53,"2024-10-01 00:00:00",20:52,3,1736,no,no,"no (EMPTY)"
1805,31207,2,closed,"2024-09-30 00:00:00",22:39:18,"2024-10-01 00:00:00",22:45:00,1,1853,no,no,"no (EMPTY)"
1804,31200,2,closed,"2024-09-30 00:00:00",19:30:00,"2024-10-01 00:00:00",23:14:00,2,1812,no,no,"no (EMPTY)"
1803,31195,2,closed,"2024-09-30 00:00:00",17:20:00,"2024-10-02 00:00:00",17:10:00,2,1844,no,no,"no (EMPTY)"
1802,31188,2,closed,"2024-09-30 00:00:00",13:34:49,"2024-10-02 00:00:00",12:01,2,1777,no,no,"no (EMPTY)"
1801,31186,2,closed,"2024-09-30 00:00:00",10:25:00,"2024-09-30 00:00:00",22:09,1,1831,no,no,"no (EMPTY)"
1800,31185,2,closed,"2024-09-30 00:00:00",10:20:00,"2024-09-30 00:00:00",23:56:00,1,1801,no,no,"no (EMPTY)"
1809,31225,2,closed,"2024-10-01 00:00:00",12:30:00,"2024-10-03 00:00:00",12:56:00,2,1776,no,no,"no (EMPTY)"
1808,31222,2,closed,"2024-10-01 00:00:00",19:45:00,"2024-10-02 00:00:00",20:26,1,1854,no,no,"no (EMPTY)"
1807,31216,2,closed,"2024-10-01 00:00:00",15:55:00,"2024-10-04 00:00:00",20:42,4,1732,no,no,"no (EMPTY)"
1806,31215,2,closed,"2024-10-01 00:00:00",15:03:24,"2024-10-08 00:00:00",19:13:00,8,1796,no,no,"no (EMPTY)"
1811,31248,2,closed,"2024-10-02 00:00:00",20:25:00,"2024-10-13 00:00:00",22:00:00,11,1748,no,no,"no (EMPTY)"
1810,31238,2,closed,"2024-10-02 00:00:00",16:17:41,"2024-10-03 00:00:00",18:00,1,1733,no,no,"no (EMPTY)"
1813,31267,2,closed,"2024-10-03 00:00:00",19:00:44,"2024-10-07 00:00:00",10:50,4,1857,no,no,"no (EMPTY)"
1812,31256,2,closed,"2024-10-03 00:00:00",11:10:00,"2024-10-06 00:00:00",10:41,3,1784,no,no,"no (EMPTY)"
1817,31283,2,closed,"2024-10-04 00:00:00",16:40:00,"2024-10-04 00:00:00",18:28,0,1767,no,no,"no (EMPTY)"
1816,31281,2,closed,"2024-10-04 00:00:00",16:11:31,"2024-10-04 00:00:00",18:28,0,1851,no,no,"no (EMPTY)"
1815,31277,2,closed,"2024-10-04 00:00:00",10:30:00,"2024-10-05 00:00:00",15:45:00,2,1794,no,no,"no (EMPTY)"
1814,31270,2,closed,"2024-10-04 00:00:00",00:25:47,"2024-10-04 00:00:00",16:26,1,1771,no,no,"no (EMPTY)"
1820,31316,2,closed,"2024-10-05 00:00:00",17:30:00,"2024-10-05 00:00:00",23:59:00,1,1789,no,no,"no (EMPTY)"
1819,31312,2,closed,"2024-10-05 00:00:00",14:35:00,"2024-10-05 00:00:00",18:38:00,1,1853,no,no,"no (EMPTY)"
1818,31311,2,closed,"2024-10-05 00:00:00",14:30:00,"2024-10-06 00:00:00",10:50,1,1773,no,no,"no (EMPTY)"
1823,31356,2,closed,"2024-10-06 00:00:00",21:09:11,"2024-10-14 00:00:00",15:51,8,1769,no,no,"no (EMPTY)"
1822,31342,2,closed,"2024-10-06 00:00:00",08:00:00,"2024-10-07 00:00:00",13:06,2,1737,no,no,"no (EMPTY)"
1821,31336,2,closed,"2024-10-06 00:00:00",10:35:00,"2024-10-06 00:00:00",14:00:00,1,1835,no,no,"no (EMPTY)"
1828,31374,2,closed,"2024-10-07 00:00:00",20:27:49,"2024-10-08 00:00:00",18:55,1,1809,no,no,"no (EMPTY)"
1827,31373,2,closed,"2024-10-07 00:00:00",18:00:00,"2024-10-09 00:00:00",12:30:00,2,1734,no,no,"no (EMPTY)"
1826,31368,2,closed,"2024-10-07 00:00:00",15:46:02,"2024-10-08 00:00:00",11:19,1,1808,no,no,"no (EMPTY)"
1825,31367,2,closed,"2024-10-07 00:00:00",14:56:26,"2024-10-08 00:00:00",08:29,1,1819,no,no,"no (EMPTY)"
1824,31357,2,closed,"2024-10-07 00:00:00",00:27:35,"2024-10-18 00:00:00",23:00:00,12,1704,no,no,"no (EMPTY)"
1830,31397,2,closed,"2024-10-08 00:00:00",18:00:13,"2024-10-28 00:00:00",19:20:00,20,1826,no,no,"no (EMPTY)"
1829,31378,2,closed,"2024-10-08 00:00:00",12:45:00,"2024-10-10 00:00:00",14:30:00,2,1846,no,no,"no (EMPTY)"
1835,31423,2,closed,"2024-10-09 00:00:00",17:00:00,"2024-10-10 00:00:00",20:00:00,2,1732,no,no,"no (EMPTY)"
1834,31416,2,closed,"2024-10-09 00:00:00",13:00:00,"2024-10-09 00:00:00",22:00:00,1,1860,no,no,"no (EMPTY)"
1833,31414,2,closed,"2024-10-09 00:00:00",10:20:00,"2024-10-12 00:00:00",22:31:00,4,1767,no,no,"no (EMPTY)"
1832,31413,2,closed,"2024-10-09 00:00:00",10:18:00,"2024-10-10 00:00:00",13:35:00,2,1783,no,no,"no (EMPTY)"
1831,31407,2,closed,"2024-10-09 00:00:00",00:15:01,"2024-10-09 00:00:00",21:00:00,1,1786,no,no,"no (EMPTY)"
1840,31446,2,closed,"2024-10-10 00:00:00",21:16:00,"2024-10-11 00:00:00",18:00:00,1,1780,no,no,"no (EMPTY)"
1839,31445,2,closed,"2024-10-10 00:00:00",21:15:00,"2024-10-12 00:00:00",21:28,2,1776,no,no,"no (EMPTY)"
1838,31436,2,closed,"2024-10-10 00:00:00",16:05:00,"2024-10-13 00:00:00",22:30:00,4,1840,no,no,"no (EMPTY)"
1837,31428,2,closed,"2024-10-10 00:00:00",10:35:00,"2024-10-17 00:00:00",23:23,8,1737,no,no,"no (EMPTY)"
1836,31427,2,closed,"2024-10-10 00:00:00",10:54:51,"2024-10-12 00:00:00",15:20:00,3,1807,no,no,"no (EMPTY)"
1857,31571,2,closed,"2024-10-11 00:00:00",12:00:00,"2024-10-26 00:00:00",11:38,15,1738,no,no,"no (EMPTY)"
1843,31460,2,closed,"2024-10-11 00:00:00",21:00:00,"2024-10-11 00:00:00",22:35:00,0,1857,no,no,"no (EMPTY)"
1842,31452,2,closed,"2024-10-11 00:00:00",12:15:00,"2024-10-11 00:00:00",21:04,1,1833,no,no,"no (EMPTY)"
1841,31451,2,closed,"2024-10-11 00:00:00",10:40:00,"2024-10-11 00:00:00",21:23:00,1,1730,no,no,"no (EMPTY)"
1847,31518,2,closed,"2024-10-12 00:00:00",15:00:00,"2024-10-15 00:00:00",19:36,3,1834,no,no,"no (EMPTY)"
1844,31479,2,closed,"2024-10-12 00:00:00",18:20:05,"2024-10-12 00:00:00",22:35:00,1,1729,no,no,"no (EMPTY)"
1846,31497,2,closed,"2024-10-13 00:00:00",16:05:16,"2024-10-15 00:00:00",17:25,2,1731,no,no,"no (EMPTY)"
1845,31487,2,closed,"2024-10-13 00:00:00",10:25:00,"2024-10-13 00:00:00",15:25,1,1758,no,no,"no (EMPTY)"
1848,31520,2,closed,"2024-10-14 00:00:00",17:45:00,"2024-10-15 00:00:00",23:50:00,2,1844,no,no,"no (EMPTY)"
1852,31536,2,closed,"2024-10-15 00:00:00",18:23:49,"2024-10-16 00:00:00",19:20,1,1783,no,no,"no (EMPTY)"
1851,31534,2,closed,"2024-10-15 00:00:00",16:40:00,"2024-10-15 00:00:00",18:10,0,1748,no,no,"no (EMPTY)"
1850,31529,2,closed,"2024-10-15 00:00:00",14:04:00,"2024-10-17 00:00:00",12:55,2,1835,no,no,"no (EMPTY)"
1849,31527,2,closed,"2024-10-15 00:00:00",11:00:00,"2024-10-15 00:00:00",22:00:00,1,1840,no,no,"no (EMPTY)"
1855,31558,2,closed,"2024-10-16 00:00:00",20:10:00,"2024-11-15 00:00:00",10:10:00,30,1755,no,no,"no (EMPTY)"
1854,31553,2,closed,"2024-10-16 00:00:00",16:40:00,"2024-10-17 00:00:00",21:09,2,1851,no,no,"no (EMPTY)"
1853,31550,2,closed,"2024-10-16 00:00:00",12:18:00,"2024-10-16 00:00:00",21:57,1,1776,no,no,"no (EMPTY)"
1860,31581,2,closed,"2024-10-17 00:00:00",19:40:00,"2024-10-18 00:00:00",21:40:00,1,1781,no,no,"no (EMPTY)"
1859,31577,2,closed,"2024-10-17 00:00:00",17:43:52,"2024-10-18 00:00:00",18:25,1,1816,no,no,"no (EMPTY)"
1858,31572,2,closed,"2024-10-17 00:00:00",14:50:46,"2024-10-19 00:00:00",16:24,2,1833,no,no,"no (EMPTY)"
1856,31566,2,closed,"2024-10-17 00:00:00",10:41,"2024-10-17 00:00:00",15:08,1,1774,no,no,"no (EMPTY)"
1865,31601,2,closed,"2024-10-18 00:00:00",20:46:12,"2024-10-19 00:00:00",14:18,1,1757,no,no,"no (EMPTY)"
1864,31600,2,closed,"2024-10-18 00:00:00",19:52:01,"2024-10-22 00:00:00",20:50:00,4,1846,no,no,"no (EMPTY)"
1863,31596,2,closed,"2024-10-18 00:00:00",17:56:00,"2024-10-18 00:00:00",22:20:00,1,1730,no,no,"no (EMPTY)"
1862,31590,2,closed,"2024-10-18 00:00:00",13:38:15,"2024-10-18 00:00:00",18:39,1,1857,no,no,"no (EMPTY)"
1861,31588,2,closed,"2024-10-18 00:00:00",10:50:00,"2024-10-18 00:00:00",19:42,1,1756,no,no,"no (EMPTY)"
1871,31626,2,closed,"2024-10-19 00:00:00",18:10:45,"2024-10-23 00:00:00",18:39,4,1782,no,no,"no (EMPTY)"
1870,31625,2,closed,"2024-10-19 00:00:00",17:32:29,"2024-10-21 00:00:00",22:00:00,3,1758,no,no,"no (EMPTY)"
1869,31616,2,closed,"2024-10-19 00:00:00",14:33:45,"2024-10-31 00:00:00",18:30:00,13,1835,no,no,"no (EMPTY)"
1868,31614,2,closed,"2024-10-19 00:00:00",13:20:23,"2024-10-19 00:00:00",20:26:00,1,1773,no,no,"no (EMPTY)"
1867,31610,2,closed,"2024-10-19 00:00:00",11:57:02,"2024-10-20 00:00:00",20:30:00,2,1784,no,no,"no (EMPTY)"
1866,31608,2,closed,"2024-10-19 00:00:00",10:44:00,"2024-10-19 00:00:00",20:44:00,1,1829,no,no,"no (EMPTY)"
1874,31646,2,closed,"2024-10-20 00:00:00",20:10:00,"2024-10-21 00:00:00",12:14,1,1774,no,no,"no (EMPTY)"
1873,31639,2,closed,"2024-10-20 00:00:00",15:50:00,"2024-10-21 00:00:00",22:40:00,2,1735,no,no,"no (EMPTY)"
1872,31632,2,closed,"2024-10-20 00:00:00",10:37:00,"2024-10-20 00:00:00",19:30:00,1,1809,no,no,"no (EMPTY)"
1876,31668,2,closed,"2024-10-21 00:00:00",20:25:00,"2024-10-22 00:00:00",10:47,1,1763,no,no,"no (EMPTY)"
1875,31653,2,closed,"2024-10-21 00:00:00",10:53:07,"2024-10-26 00:00:00",11:41,5,1822,no,no,"no (EMPTY)"
1877,31675,2,closed,"2024-10-22 00:00:00",11:05:47,"2024-10-24 00:00:00",14:56,3,1821,no,no,"no (EMPTY)"
1880,31690,2,closed,"2024-10-22 00:00:00",21:00:00,"2024-10-23 00:00:00",23:06,1,1861,no,no,"no (EMPTY)"
1879,31685,2,closed,"2024-10-22 00:00:00",16:45:25,"2024-10-26 00:00:00",20:20:00,5,1787,no,no,"no (EMPTY)"
1878,31680,2,closed,"2024-10-22 00:00:00",14:30:00,"2024-10-22 00:00:00",15:28,0,1844,no,no,"no (EMPTY)"
1885,31730,2,closed,"2024-10-23 00:00:00",14:50:00,"2024-10-24 00:00:00",13:50,1,1864,no,no,"no (EMPTY)"
1882,31700,2,closed,"2024-10-23 00:00:00",11:01:49,"2024-10-23 00:00:00",20:35:00,1,1857,no,no,"no (EMPTY)"
1881,31695,2,closed,"2024-10-23 00:00:00",00:16:06,"2024-10-24 00:00:00",10:20:00,2,1729,no,no,"no (EMPTY)"
1887,31734,2,closed,"2024-10-24 00:00:00",15:55:00,"2024-10-24 00:00:00",18:40:00,1,1834,no,no,"no (EMPTY)"
1886,31731,2,closed,"2024-10-24 00:00:00",13:51:58,"2024-10-24 00:00:00",21:05:00,1,1816,no,no,"no (EMPTY)"
1884,31729,2,closed,"2024-10-24 00:00:00",13:38:16,"2024-10-24 00:00:00",18:10,1,1812,no,no,"no (EMPTY)"
1883,31717,2,closed,"2024-10-24 00:00:00",10:55:00,"2024-10-25 00:00:00",16:51,2,1786,no,no,"no (EMPTY)"
1891,31758,2,closed,"2024-10-25 00:00:00",16:00:00,"2024-10-25 00:00:00",17:46,0,1782,no,no,"no (EMPTY)"
1890,31757,2,closed,"2024-10-25 00:00:00",14:50:00,"2024-10-26 00:00:00",23:58:00,2,1774,no,no,"no (EMPTY)"
1889,31749,2,closed,"2024-10-25 00:00:00",10:37:00,"2024-10-25 00:00:00",19:42:00,1,1735,no,no,"no (EMPTY)"
1888,31748,2,closed,"2024-10-25 00:00:00",10:35:00,"2024-10-26 00:00:00",21:12:00,2,1731,no,no,"no (EMPTY)"
1892,31776,2,closed,"2024-10-26 00:00:00",11:48:22,"2024-10-29 00:00:00",23:35:00,4,1813,no,no,"no (EMPTY)"
1898,31817,2,closed,"2024-10-27 00:00:00",22:40:00,"2024-11-04 00:00:00",15:45:00,8,1771,no,no,"no (EMPTY)"
1897,31811,2,closed,"2024-10-27 00:00:00",19:59:46,"2024-10-27 00:00:00",23:00:00,1,1776,no,no,"no (EMPTY)"
1896,31810,2,closed,"2024-10-27 00:00:00",19:55:41,"2024-10-31 00:00:00",11:40,4,1857,no,no,"no (EMPTY)"
1895,31807,2,closed,"2024-10-27 00:00:00",16:52:35,"2024-10-27 00:00:00",22:02,1,1862,no,no,"no (EMPTY)"
1894,31802,2,closed,"2024-10-27 00:00:00",15:36:26,"2024-10-29 00:00:00",22:50:00,3,1830,no,no,"no (EMPTY)"
1893,31798,2,closed,"2024-10-27 00:00:00",13:12:33,"2024-11-05 00:00:00",16:33,10,1748,no,no,"no (EMPTY)"
1904,31840,2,closed,"2024-10-28 00:00:00",19:24:00,"2024-11-06 00:00:00",13:45:00,9,1770,no,no,"no (EMPTY)"
1903,31839,2,closed,"2024-10-28 00:00:00",18:54:00,"2024-10-30 00:00:00",17:58,2,1738,no,no,"no (EMPTY)"
1902,31836,2,closed,"2024-10-28 00:00:00",17:02:00,"2024-10-28 00:00:00",18:50:00,0,1781,no,no,"no (EMPTY)"
1901,31831,2,closed,"2024-10-28 00:00:00",12:00:00,"2024-11-08 00:00:00",12:13,11,1802,no,no,"no (EMPTY)"
1900,31828,2,closed,"2024-10-28 00:00:00",10:42:00,"2024-11-02 00:00:00",19:17:00,6,1741,no,no,"no (EMPTY)"
1899,31827,2,closed,"2024-10-28 00:00:00",10:33:00,"2024-10-28 00:00:00",12:08,0,1734,no,no,"no (EMPTY)"
1908,31865,2,closed,"2024-10-29 00:00:00",23:00:00,"2024-11-06 00:00:00",21:15:00,8,1756,no,no,"no (EMPTY)"
1907,31858,2,closed,"2024-10-29 00:00:00",20:20:00,"2024-10-30 00:00:00",19:32:00,1,1864,no,no,"no (EMPTY)"
1906,31857,2,closed,"2024-10-29 00:00:00",18:20:00,"2024-11-02 00:00:00",13:35,4,1815,no,no,"no (EMPTY)"
1905,31847,2,closed,"2024-10-29 00:00:00",12:18:00,"2024-10-29 00:00:00",22:26,1,1736,no,no,"no (EMPTY)"
1913,31885,2,closed,"2024-10-30 00:00:00",23:42:26,"2024-11-07 00:00:00",23:54,8,1868,no,no,"no (EMPTY)"
1912,31882,2,closed,"2024-10-30 00:00:00",21:39:09,"2024-11-01 00:00:00",22:00:00,2,1853,no,no,"no (EMPTY)"
1911,31881,2,closed,"2024-10-30 00:00:00",20:21:00,"2024-10-31 00:00:00",16:45,1,1794,no,no,"no (EMPTY)"
1910,31878,2,closed,"2024-10-30 00:00:00",17:11:27,"2024-11-08 00:00:00",21:09,10,1772,no,no,"no (EMPTY)"
1909,31873,2,closed,"2024-10-30 00:00:00",12:37:00,"2024-11-05 00:00:00",21:30:00,7,1790,no,no,"no (EMPTY)"
1914,31890,2,closed,"2024-10-31 00:00:00",12:16:13,"2024-12-07 00:00:00",20:28:00,38,1869,no,no,"no (EMPTY)"
1918,31932,2,closed,"2024-11-01 00:00:00",23:54:26,"2024-11-09 00:00:00",23:13:00,8,1837,no,no,"no (EMPTY)"
1917,31931,2,closed,"2024-11-01 00:00:00",22:35:00,"2024-11-04 00:00:00",20:26:00,3,1776,no,no,"no (EMPTY)"
1916,31920,2,closed,"2024-11-01 00:00:00",14:40:00,"2024-11-01 00:00:00",16:47,0,1702,no,no,"no (EMPTY)"
1915,31915,2,closed,"2024-11-01 00:00:00",12:20:00,"2024-11-01 00:00:00",23:20:00,1,1763,no,no,"no (EMPTY)"
1921,31955,2,closed,"2024-11-02 00:00:00",19:25:00,"2024-11-05 00:00:00",18:38,3,1844,no,no,"no (EMPTY)"
1920,31952,2,closed,"2024-11-02 00:00:00",16:00:00,"2024-11-04 00:00:00",09:48,2,1735,no,no,"no (EMPTY)"
1919,31951,2,closed,"2024-11-02 00:00:00",13:26:00,"2024-11-05 00:00:00",11:40:00,3,1737,no,no,"no (EMPTY)"
1922,31973,2,closed,"2024-11-03 00:00:00",23:21:00,"2024-11-05 00:00:00",14:54,2,1829,no,no,"no (EMPTY)"
1925,31995,2,closed,"2024-11-04 00:00:00",20:30:00,"2024-11-06 00:00:00",23:00:00,3,1729,no,no,"no (EMPTY)"
1924,31986,2,closed,"2024-11-04 00:00:00",15:31:55,"2024-11-05 00:00:00",14:59,1,1812,no,no,"no (EMPTY)"
1923,31980,2,closed,"2024-11-04 00:00:00",13:44:56,"2024-11-04 00:00:00",16:50:00,1,1784,no,no,"no (EMPTY)"
1951,32146,2,closed,"2024-11-05 00:00:00",21:30:00,"2024-11-10 00:00:00",22:38:00,5,1738,no,no,"no (EMPTY)"
1950,32145,2,closed,"2024-11-05 00:00:00",12:48:00,"2024-11-29 00:00:00",13:20:00,24,1835,no,no,"no (EMPTY)"
1930,32018,2,closed,"2024-11-05 00:00:00",21:35:00,"2024-11-05 00:00:00",23:00:00,0,1816,no,no,"no (EMPTY)"
1929,32015,2,closed,"2024-11-05 00:00:00",19:25:23,"2024-11-09 00:00:00",12:36,4,1854,no,no,"no (EMPTY)"
1928,32010,2,closed,"2024-11-05 00:00:00",16:40:00,"2024-11-09 00:00:00",20:30:00,5,1769,no,no,"no (EMPTY)"
1927,32004,2,closed,"2024-11-05 00:00:00",10:25:00,"2024-11-05 00:00:00",18:48,1,1834,no,no,"no (EMPTY)"
1926,31998,2,closed,"2024-11-05 00:00:00",00:45:00,"2024-11-10 00:00:00",13:44:00,6,1803,no,no,"no (EMPTY)"
1934,32034,2,closed,"2024-11-06 00:00:00",22:15:00,"2024-11-08 00:00:00",10:46,2,1730,no,no,"no (EMPTY)"
1933,32033,2,closed,"2024-11-06 00:00:00",21:35:00,"2024-11-08 00:00:00",21:08:00,2,1782,no,no,"no (EMPTY)"
1932,32032,2,closed,"2024-11-06 00:00:00",20:05:00,"2024-11-09 00:00:00",20:30:00,3,1734,no,no,"no (EMPTY)"
1931,32021,2,closed,"2024-11-06 00:00:00",10:55:00,"2024-11-11 00:00:00",18:00,6,1762,no,no,"no (EMPTY)"
1938,32056,2,closed,"2024-11-07 00:00:00",22:32:00,"2024-11-09 00:00:00",19:00:00,2,1758,no,no,"no (EMPTY)"
1937,32046,2,closed,"2024-11-07 00:00:00",16:57:20,"2024-11-09 00:00:00",21:10:00,3,1840,no,no,"no (EMPTY)"
1936,32042,2,closed,"2024-11-07 00:00:00",13:30:22,"2024-11-15 00:00:00",13:41,8,1863,no,no,"no (EMPTY)"
1945,32093,2,closed,"2024-11-08 00:00:00",20:40:00,"2024-11-20 00:00:00",16:36:00,12,1844,no,no,"no (EMPTY)"
1943,32082,2,closed,"2024-11-08 00:00:00",21:23:28,"2024-11-10 00:00:00",18:18:00,2,1752,no,no,"no (EMPTY)"
1942,32081,2,closed,"2024-11-08 00:00:00",20:37:10,"2024-11-13 00:00:00",20:32:00,5,1862,no,no,"no (EMPTY)"
1941,32072,2,closed,"2024-11-08 00:00:00",14:10:00,"2024-11-11 00:00:00",12:11,3,1789,no,no,"no (EMPTY)"
1940,32063,2,closed,"2024-11-08 00:00:00",10:30:00,"2024-11-09 00:00:00",09:06,1,1773,no,no,"no (EMPTY)"
1939,32062,2,closed,"2024-11-08 00:00:00",11:06:55,"2024-11-10 00:00:00",12:38,2,1818,no,no,"no (EMPTY)"
1946,32108,2,closed,"2024-11-09 00:00:00",23:15:00,"2024-11-12 00:00:00",12:33:00,3,1850,no,no,"no (EMPTY)"
1944,32091,2,closed,"2024-11-09 00:00:00",00:35:00,"2024-11-10 00:00:00",22:56:00,2,1735,no,no,"no (EMPTY)"
1948,32127,2,closed,"2024-11-10 00:00:00",16:55:00,"2024-11-14 00:00:00",17:53,4,1831,no,no,"no (EMPTY)"
1947,32119,2,closed,"2024-11-10 00:00:00",11:28:50,"2024-11-10 00:00:00",18:55:00,1,1851,no,no,"no (EMPTY)"
1953,32153,2,closed,"2024-11-11 00:00:00",20:21:00,"2024-11-12 00:00:00",19:45:00,1,1729,no,no,"no (EMPTY)"
1952,32150,2,closed,"2024-11-11 00:00:00",18:27:00,"2024-11-21 00:00:00",16:00:00,10,1753,no,no,"no (EMPTY)"
1949,32139,2,closed,"2024-11-11 00:00:00",10:33:00,"2024-11-14 00:00:00",23:16:00,4,1767,no,no,"no (EMPTY)"
1958,32177,2,closed,"2024-11-12 00:00:00",23:21:32,"2024-11-18 00:00:00",15:08:00,6,1737,no,no,"no (EMPTY)"
1957,32170,2,closed,"2024-11-12 00:00:00",17:40:00,"2024-11-15 00:00:00",13:21:00,3,1774,no,no,"no (EMPTY)"
1956,32165,2,closed,"2024-11-12 00:00:00",15:06:41,"2024-11-12 00:00:00",17:41,0,1748,no,no,"no (EMPTY)"
1955,32164,2,closed,"2024-11-12 00:00:00",12:45:00,"2024-11-12 00:00:00",15:15,1,1864,no,no,"no (EMPTY)"
1960,32202,2,closed,"2024-11-13 00:00:00",19:45:00,"2024-11-14 00:00:00",21:03:00,1,1736,no,no,"no (EMPTY)"
1959,32183,2,closed,"2024-11-13 00:00:00",10:15:00,"2024-11-13 00:00:00",16:43,1,1731,no,no,"no (EMPTY)"
1962,32230,2,closed,"2024-11-14 00:00:00",21:15:00,"2024-11-17 00:00:00",17:00:00,3,1810,no,no,"no (EMPTY)"
1961,32227,2,closed,"2024-11-14 00:00:00",20:06:00,"2024-11-16 00:00:00",23:06,3,1805,no,no,"no (EMPTY)"
1963,32247,2,closed,"2024-11-15 00:00:00",14:12:00,"2024-11-16 00:00:00",13:30:00,1,1769,no,no,"no (EMPTY)"
1964,32263,2,closed,"2024-11-16 00:00:00",12:41:44,"2024-11-16 00:00:00",17:15:00,1,1829,no,no,"no (EMPTY)"
1954,32157,2,closed,"2024-11-16 00:00:00",12:35:00,"2024-11-16 00:00:00",12:36,0,1861,no,no,"no (EMPTY)"
1965,32286,2,closed,"2024-11-17 00:00:00",16:30:00,"2024-11-21 00:00:00",11:11,4,1755,no,no,"no (EMPTY)"
1970,32312,2,closed,"2024-11-18 00:00:00",16:11:03,"2024-11-21 00:00:00",17:29,3,1782,no,no,"no (EMPTY)"
1969,32308,2,closed,"2024-11-18 00:00:00",13:18:00,"2024-11-21 00:00:00",12:00:00,3,1758,no,no,"no (EMPTY)"
1968,32304,2,closed,"2024-11-18 00:00:00",12:35:25,"2024-11-19 00:00:00",12:43,1,1735,no,no,"no (EMPTY)"
1967,32303,2,closed,"2024-11-18 00:00:00",12:00:00,"2024-12-01 00:00:00",16:49,14,1870,no,no,"no (EMPTY)"
1966,32300,2,closed,"2024-11-18 00:00:00",10:44:00,"2024-11-18 00:00:00",12:10:00,0,1837,no,no,"no (EMPTY)"
1972,32334,2,closed,"2024-11-19 00:00:00",17:06:40,"2024-11-20 00:00:00",22:26,2,1799,no,no,"no (EMPTY)"
1971,32328,2,closed,"2024-11-19 00:00:00",12:38:40,"2024-11-20 00:00:00",21:10:00,2,1841,no,no,"no (EMPTY)"
1974,32341,2,closed,"2024-11-19 00:00:00",23:00:00,"2024-11-21 00:00:00",18:46,2,1756,no,no,"no (EMPTY)"
1973,32340,2,closed,"2024-11-19 00:00:00",23:11:00,"2024-11-20 00:00:00",20:08:00,1,1730,no,no,"no (EMPTY)"
1976,32362,2,closed,"2024-11-20 00:00:00",22:30:00,"2024-11-23 00:00:00",02:53,3,1784,no,no,"no (EMPTY)"
1975,32356,2,closed,"2024-11-20 00:00:00",17:41:00,"2024-12-03 00:00:00",10:05:00,13,1771,no,no,"no (EMPTY)"
1978,32387,2,closed,"2024-11-21 00:00:00",23:10:00,"2024-11-23 00:00:00",16:10:00,2,1794,no,no,"no (EMPTY)"
1977,32383,2,closed,"2024-11-21 00:00:00",19:54:00,"2024-11-23 00:00:00",13:50:00,2,1748,no,no,"no (EMPTY)"
1980,32404,2,closed,"2024-11-22 00:00:00",23:22:41,"2024-11-23 00:00:00",18:20,1,1854,no,no,"no (EMPTY)"
1979,32399,2,closed,"2024-11-22 00:00:00",15:40:00,"2024-11-22 00:00:00",18:35:00,1,1789,no,no,"no (EMPTY)"
1983,32425,2,closed,"2024-11-23 00:00:00",19:12:00,"2024-11-25 00:00:00",12:30:00,2,1762,no,no,"no (EMPTY)"
1982,32422,2,closed,"2024-11-23 00:00:00",17:15:00,"2024-11-23 00:00:00",19:05:00,0,1810,no,no,"no (EMPTY)"
1981,32415,2,closed,"2024-11-23 00:00:00",13:55:00,"2024-11-24 00:00:00",23:00:00,2,1788,no,no,"no (EMPTY)"
1986,32447,2,closed,"2024-11-24 00:00:00",18:48:37,"2024-11-28 00:00:00",15:05:00,4,1805,no,no,"no (EMPTY)"
1985,32438,2,closed,"2024-11-24 00:00:00",14:30:00,"2024-11-25 00:00:00",13:40:00,1,1862,no,no,"no (EMPTY)"
1984,32434,2,closed,"2024-11-24 00:00:00",12:05:00,"2024-11-26 00:00:00",19:50,3,1736,no,no,"no (EMPTY)"
1990,32465,2,closed,"2024-11-25 00:00:00",17:05:00,"2024-11-26 00:00:00",20:30:00,2,1781,no,no,"no (EMPTY)"
1989,32464,2,closed,"2024-11-25 00:00:00",15:51:10,"2024-11-27 00:00:00",22:00:00,3,1840,no,no,"no (EMPTY)"
1988,32463,2,closed,"2024-11-25 00:00:00",14:00:00,"2024-11-25 00:00:00",17:00:00,1,1754,no,no,"no (EMPTY)"
1987,32456,2,closed,"2024-11-25 00:00:00",10:30:00,"2024-11-27 00:00:00",20:16:00,3,1767,no,no,"no (EMPTY)"
1996,32489,2,closed,"2024-11-26 00:00:00",22:42:35,"2024-12-05 00:00:00",13:00:00,9,1769,no,no,"no (EMPTY)"
1995,32488,2,closed,"2024-11-26 00:00:00",22:33:50,"2024-12-03 00:00:00",22:45:00,7,1783,no,no,"no (EMPTY)"
1994,32484,2,closed,"2024-11-26 00:00:00",18:25:16,"2024-11-27 00:00:00",15:30:00,1,1853,no,no,"no (EMPTY)"
1993,32480,2,closed,"2024-11-26 00:00:00",15:02:04,"2024-11-28 00:00:00",22:36:00,3,1807,no,no,"no (EMPTY)"
1992,32477,2,closed,"2024-11-26 00:00:00",13:07:38,"2024-11-29 00:00:00",11:05:00,3,1803,no,no,"no (EMPTY)"
1991,32474,2,closed,"2024-11-26 00:00:00",10:18:20,"2024-11-28 00:00:00",15:39,3,1748,no,no,"no (EMPTY)"
2002,32518,2,closed,"2024-11-27 00:00:00",21:31:16,"2024-12-27 00:00:00",18:00:00,30,1749,no,no,"no (EMPTY)"
2001,32509,2,closed,"2024-11-27 00:00:00",16:06:00,"2024-11-28 00:00:00",14:18,1,1820,no,no,"no (EMPTY)"
2000,32508,2,closed,"2024-11-27 00:00:00",15:50:00,"2024-11-27 00:00:00",19:20:00,1,1729,no,no,"no (EMPTY)"
1999,32507,2,closed,"2024-11-27 00:00:00",15:00:00,"2024-11-29 00:00:00",20:00:00,3,1731,no,no,"no (EMPTY)"
1998,32506,2,closed,"2024-11-27 00:00:00",14:17:00,"2024-11-28 00:00:00",14:51,1,1780,no,no,"no (EMPTY)"
1997,32501,2,closed,"2024-11-27 00:00:00",11:50:00,"2024-12-24 00:00:00",08:09,27,1872,no,no,"no (EMPTY)"
2006,32544,2,closed,"2024-11-28 00:00:00",20:34:00,"2024-11-29 00:00:00",13:13:00,1,1850,no,no,"no (EMPTY)"
2005,32537,2,closed,"2024-11-28 00:00:00",18:10:00,"2024-12-03 00:00:00",16:00:00,5,1857,no,no,"no (EMPTY)"
2004,32532,2,closed,"2024-11-28 00:00:00",16:02:38,"2024-11-30 00:00:00",19:44:00,3,1738,no,no,"no (EMPTY)"
2003,32527,2,closed,"2024-11-28 00:00:00",12:18:00,"2024-11-28 00:00:00",20:10:00,1,1849,no,no,"no (EMPTY)"
2008,32566,2,closed,"2024-11-29 00:00:00",21:40:00,"2024-12-19 00:00:00",15:29,20,1735,no,no,"no (EMPTY)"
2007,32558,2,closed,"2024-11-29 00:00:00",16:37:15,"2024-11-29 00:00:00",22:05:00,1,1813,no,no,"no (EMPTY)"
2009,32570,2,closed,"2024-11-30 00:00:00",10:35:00,"2024-11-30 00:00:00",19:00:00,1,1788,no,no,"no (EMPTY)"
2014,32605,2,closed,"2024-12-01 00:00:00",20:15:00,"2024-12-06 00:00:00",19:05:00,5,1763,no,no,"no (EMPTY)"
2013,32604,2,closed,"2024-12-01 00:00:00",18:25:00,"2024-12-01 00:00:00",22:00:00,2,1780,no,no,"no (EMPTY)"
2012,32597,2,closed,"2024-12-01 00:00:00",15:33:00,"2024-12-03 00:00:00",18:37:00,3,1848,no,no,"no (EMPTY)"
2011,32590,2,closed,"2024-12-01 00:00:00",14:00:30,"2024-12-10 00:00:00",13:32,9,1734,no,no,"no (EMPTY)"
2010,32587,2,closed,"2024-12-01 00:00:00",12:41:25,"2024-12-01 00:00:00",15:33:00,1,1782,no,no,"no (EMPTY)"
2015,32627,2,closed,"2024-12-02 00:00:00",18:33:23,"2024-12-03 00:00:00",16:00:00,1,1822,no,no,"no (EMPTY)"
2019,32652,2,closed,"2024-12-03 00:00:00",22:47:00,"2024-12-04 00:00:00",20:00:00,1,1758,no,no,"no (EMPTY)"
2018,32645,2,closed,"2024-12-03 00:00:00",17:43:48,"2024-12-03 00:00:00",19:18:00,0,1835,no,no,"no (EMPTY)"
2017,32640,2,closed,"2024-12-03 00:00:00",11:35:56,"2024-12-04 00:00:00",13:48,1,1768,no,no,"no (EMPTY)"
2016,32639,2,closed,"2024-12-03 00:00:00",10:43:00,"2024-12-04 00:00:00",17:29,2,1814,no,no,"no (EMPTY)"
2023,32677,2,closed,"2024-12-04 00:00:00",19:35:00,"2024-12-04 00:00:00",22:00:00,1,1863,no,no,"no (EMPTY)"
2022,32675,2,closed,"2024-12-04 00:00:00",18:41:35,"2024-12-28 00:00:00",10:30:00,24,1743,no,no,"no (EMPTY)"
2021,32673,2,closed,"2024-12-04 00:00:00",18:36:24,"2024-12-05 00:00:00",13:57,1,1788,no,no,"no (EMPTY)"
2020,32671,2,closed,"2024-12-04 00:00:00",17:04:09,"2024-12-04 00:00:00",21:10,1,1809,no,no,"no (EMPTY)"
2030,32712,2,closed,"2024-12-05 00:00:00",23:47:00,"2024-12-09 00:00:00",17:00:00,4,1791,no,no,"no (EMPTY)"
2029,32711,2,closed,"2024-12-05 00:00:00",22:00:00,"2024-12-08 00:00:00",17:30:00,3,1804,no,no,"no (EMPTY)"
2028,32710,2,closed,"2024-12-05 00:00:00",19:36:00,"2024-12-06 00:00:00",13:06:00,1,1737,no,no,"no (EMPTY)"
2027,32704,2,closed,"2024-12-05 00:00:00",17:43:00,"2024-12-06 00:00:00",20:44,2,1795,no,no,"no (EMPTY)"
2026,32701,2,closed,"2024-12-05 00:00:00",14:15:38,"2024-12-06 00:00:00",17:35:00,2,1765,no,no,"no (EMPTY)"
2025,32698,2,closed,"2024-12-05 00:00:00",13:00:00,"2024-12-08 00:00:00",16:46,4,1797,no,no,"no (EMPTY)"
2024,32695,2,closed,"2024-12-05 00:00:00",11:50:47,"2024-12-06 00:00:00",10:34,1,1786,no,no,"no (EMPTY)"
2033,32734,2,closed,"2024-12-06 00:00:00",23:06:00,"2024-12-19 00:00:00",21:00:00,13,1783,no,no,"no (EMPTY)"
2032,32733,2,closed,"2024-12-06 00:00:00",20:49:45,"2024-12-07 00:00:00",23:25:00,2,1754,no,no,"no (EMPTY)"
2031,32726,2,closed,"2024-12-06 00:00:00",13:30:00,"2024-12-11 00:00:00",22:00:00,6,1826,no,no,"no (EMPTY)"
2036,32753,2,closed,"2024-12-07 00:00:00",15:00:51,"2024-12-08 00:00:00",19:54,2,1812,no,no,"no (EMPTY)"
2035,32751,2,closed,"2024-12-07 00:00:00",13:00:00,"2024-12-29 00:00:00",00:29,22,1873,no,no,"no (EMPTY)"
2034,32744,2,closed,"2024-12-07 00:00:00",12:06:31,"2024-12-07 00:00:00",21:40:00,1,1758,no,no,"no (EMPTY)"
2038,32763,2,closed,"2024-12-07 00:00:00",23:25:00,"2024-12-16 00:00:00",17:10:00,9,1844,no,no,"no (EMPTY)"
2037,32761,2,closed,"2024-12-07 00:00:00",21:15:00,"2024-12-08 00:00:00",12:15,1,1800,no,no,"no (EMPTY)"
2041,32783,2,closed,"2024-12-08 00:00:00",22:00:00,"2024-12-10 00:00:00",21:39:00,2,1736,no,no,"no (EMPTY)"
2040,32773,2,closed,"2024-12-08 00:00:00",11:55:00,"2024-12-10 00:00:00",13:18,2,1702,no,no,"no (EMPTY)"
2039,32771,2,closed,"2024-12-08 00:00:00",11:56:00,"2024-12-09 00:00:00",08:18,1,1807,no,no,"no (EMPTY)"
2049,32814,2,closed,"2024-12-09 00:00:00",17:15:00,"2024-12-10 00:00:00",19:45,1,1874,no,no,"no (EMPTY)"
2046,32806,2,closed,"2024-12-09 00:00:00",20:37:00,"2024-12-11 00:00:00",17:45:00,2,1748,no,no,"no (EMPTY)"
2045,32804,2,closed,"2024-12-09 00:00:00",19:58:06,"2024-12-11 00:00:00",18:10:00,2,1784,no,no,"no (EMPTY)"
2044,32802,2,closed,"2024-12-09 00:00:00",19:41:01,"2024-12-10 00:00:00",15:36:00,1,1737,no,no,"no (EMPTY)"
2043,32800,2,closed,"2024-12-09 00:00:00",17:00:00,"2024-12-10 00:00:00",13:57,1,1788,no,no,"no (EMPTY)"
2042,32790,2,closed,"2024-12-09 00:00:00",11:15:00,"2024-12-09 00:00:00",22:00:00,1,1813,no,no,"no (EMPTY)"
2053,32831,2,closed,"2024-12-10 00:00:00",21:30:00,"2024-12-13 00:00:00",19:48:00,3,1840,no,no,"no (EMPTY)"
2052,32824,2,closed,"2024-12-10 00:00:00",18:22:00,"2024-12-12 00:00:00",20:16:00,2,1781,no,no,"no (EMPTY)"
2051,32820,2,closed,"2024-12-10 00:00:00",15:47:02,"2024-12-11 00:00:00",11:59,1,1851,no,no,"no (EMPTY)"
2050,32818,2,closed,"2024-12-10 00:00:00",14:09:02,"2024-12-11 00:00:00",20:30:00,2,1772,no,no,"no (EMPTY)"
2048,32808,2,closed,"2024-12-10 00:00:00",00:05:00,"2024-12-28 00:00:00",12:27,19,1742,no,no,"no (EMPTY)"
2047,32807,2,closed,"2024-12-10 00:00:00",22:52:00,"2024-12-13 00:00:00",19:55:00,3,1780,no,no,"no (EMPTY)"
2058,32854,2,closed,"2024-12-11 00:00:00",23:55:00,"2024-12-12 00:00:00",22:43:00,1,1730,no,no,"no (EMPTY)"
2057,32850,2,closed,"2024-12-11 00:00:00",22:15:14,"2024-12-13 00:00:00",17:47,2,1810,no,no,"no (EMPTY)"
2056,32841,2,closed,"2024-12-11 00:00:00",12:06:55,"2024-12-15 00:00:00",19:01:00,5,1799,no,no,"no (EMPTY)"
2055,32838,2,closed,"2024-12-11 00:00:00",11:10:00,"2024-12-13 00:00:00",19:30:00,3,1755,no,no,"no (EMPTY)"
2054,32837,2,closed,"2024-12-11 00:00:00",10:27:00,"2024-12-12 00:00:00",20:00:00,2,1794,no,no,"no (EMPTY)"
2061,32866,2,closed,"2024-12-12 00:00:00",21:20:00,"2024-12-13 00:00:00",16:25:00,1,1808,no,no,"no (EMPTY)"
2060,32863,2,closed,"2024-12-12 00:00:00",16:18:27,"2024-12-19 00:00:00",16:36,7,1843,no,no,"no (EMPTY)"
2059,32858,2,closed,"2024-12-12 00:00:00",11:22:00,"2024-12-13 00:00:00",12:00:00,1,1734,no,no,"no (EMPTY)"
2067,32895,2,closed,"2024-12-13 00:00:00",19:45:00,"2024-12-14 00:00:00",23:00:00,2,1767,no,no,"no (EMPTY)"
2066,32886,2,closed,"2024-12-13 00:00:00",18:22:00,"2024-12-15 00:00:00",14:03,2,1853,no,no,"no (EMPTY)"
2065,32883,2,closed,"2024-12-13 00:00:00",17:11:09,"2024-12-14 00:00:00",21:04,2,1851,no,no,"no (EMPTY)"
2064,32880,2,closed,"2024-12-13 00:00:00",00:00:00,"2024-12-23 00:00:00",17:46,11,1774,no,no,"no (EMPTY)"
2063,32878,2,closed,"2024-12-13 00:00:00",10:52:00,"2024-12-13 00:00:00",19:40:00,1,1864,no,no,"no (EMPTY)"
2062,32874,2,closed,"2024-12-13 00:00:00",11:00:00,"2024-12-15 00:00:00",15:16,3,1800,no,no,"no (EMPTY)"
2073,32917,2,closed,"2024-12-14 00:00:00",21:31:47,"2024-12-16 00:00:00",15:30:00,2,1797,no,no,"no (EMPTY)"
2072,32916,2,closed,"2024-12-14 00:00:00",20:00:00,"2024-12-17 00:00:00",16:40:00,3,1839,no,no,"no (EMPTY)"
2071,32912,2,closed,"2024-12-14 00:00:00",18:00:00,"2024-12-15 00:00:00",18:11,1,1807,no,no,"no (EMPTY)"
2070,32905,2,closed,"2024-12-14 00:00:00",14:45:00,"2024-12-14 00:00:00",16:30:00,0,1765,no,no,"no (EMPTY)"
2069,32903,2,closed,"2024-12-14 00:00:00",13:05:00,"2024-12-14 00:00:00",18:09:00,1,1729,no,no,"no (EMPTY)"
2068,32901,2,closed,"2024-12-14 00:00:00",10:55:00,"2024-12-15 00:00:00",19:00:00,2,1738,no,no,"no (EMPTY)"
2078,32942,2,closed,"2024-12-15 00:00:00",23:21:00,"2024-12-20 00:00:00",18:59,5,1878,no,no,"no (EMPTY)"
2077,32938,2,closed,"2024-12-15 00:00:00",20:27:16,"2024-12-17 00:00:00",18:00:00,2,1761,no,no,"no (EMPTY)"
2076,32935,2,closed,"2024-12-15 00:00:00",18:42:14,"2024-12-15 00:00:00",20:00:00,0,1812,no,no,"no (EMPTY)"
2075,32927,2,closed,"2024-12-15 00:00:00",12:59:53,"2024-12-17 00:00:00",22:10:00,3,1850,no,no,"no (EMPTY)"
2074,32925,2,closed,"2024-12-15 00:00:00",10:38:00,"2024-12-15 00:00:00",12:00:00,0,1757,no,no,"no (EMPTY)"
2083,32957,2,closed,"2024-12-16 00:00:00",20:15:00,"2024-12-19 00:00:00",19:10,3,1870,no,no,"no (EMPTY)"
2082,32954,2,closed,"2024-12-16 00:00:00",17:15:00,"2024-12-17 00:00:00",23:12:00,2,1795,no,no,"no (EMPTY)"
2081,32951,2,closed,"2024-12-16 00:00:00",15:25:00,"2024-12-16 00:00:00",17:20:00,0,1869,no,no,"no (EMPTY)"
2080,32947,2,closed,"2024-12-16 00:00:00",11:50:00,"2024-12-16 00:00:00",17:05:00,1,1857,no,no,"no (EMPTY)"
2079,32946,2,closed,"2024-12-16 00:00:00",11:20:00,"2024-12-16 00:00:00",21:00:00,1,1801,no,no,"no (EMPTY)"
2087,32985,2,closed,"2024-12-17 00:00:00",23:40:00,"2024-12-21 00:00:00",22:30:00,4,1734,no,no,"no (EMPTY)"
2086,32982,2,closed,"2024-12-17 00:00:00",18:20:00,"2024-12-20 00:00:00",11:50:00,3,1754,no,no,"no (EMPTY)"
2085,32981,2,closed,"2024-12-17 00:00:00",18:40:00,"2024-12-19 00:00:00",23:59:00,3,1821,no,no,"no (EMPTY)"
2100,33081,2,closed,"2024-12-18 00:00:00",16:00:00,"2024-12-21 00:00:00",21:00:00,4,1816,no,no,"no (EMPTY)"
2091,33004,2,closed,"2024-12-18 00:00:00",17:56:02,"2024-12-19 00:00:00",23:59:00,2,1762,no,no,"no (EMPTY)"
2090,33002,2,closed,"2024-12-18 00:00:00",16:27:00,"2024-12-19 00:00:00",10:10:00,1,1773,no,no,"no (EMPTY)"
2089,32999,2,closed,"2024-12-18 00:00:00",14:32:06,"2024-12-18 00:00:00",16:07:00,0,1750,no,no,"no (EMPTY)"
2088,32994,2,closed,"2024-12-18 00:00:00",10:45:00,"2024-12-20 00:00:00",13:00:00,3,1757,no,no,"no (EMPTY)"
2095,33034,2,closed,"2024-12-19 00:00:00",19:30:00,"2024-12-24 00:00:00",22:22,5,1770,no,no,"no (EMPTY)"
2094,33030,2,closed,"2024-12-19 00:00:00",16:30:00,"2024-12-20 00:00:00",22:05:00,2,1758,no,no,"no (EMPTY)"
2093,33027,2,closed,"2024-12-19 00:00:00",14:20:00,"2024-12-20 00:00:00",17:30:00,2,1848,no,no,"no (EMPTY)"
2092,33024,2,closed,"2024-12-19 00:00:00",10:36:00,"2024-12-20 00:00:00",13:39,2,1840,no,no,"no (EMPTY)"
2099,33060,2,closed,"2024-12-20 00:00:00",22:48:00,"2024-12-25 00:00:00",14:30:00,5,1791,no,no,"no (EMPTY)"
2098,33053,2,closed,"2024-12-20 00:00:00",14:12:00,"2024-12-30 00:00:00",10:55:00,10,1772,no,no,"no (EMPTY)"
2097,33048,2,closed,"2024-12-20 00:00:00",10:30:00,"2024-12-22 00:00:00",15:08,3,1810,no,no,"no (EMPTY)"
2096,33047,2,closed,"2024-12-20 00:00:00",10:30:00,"2024-12-21 00:00:00",20:15:00,2,1736,no,no,"no (EMPTY)"
2116,33202,2,closed,"2024-12-22 00:00:00",17:00:00,"2024-12-26 00:00:00",14:33,4,1784,no,no,"no (EMPTY)"
2104,33118,2,closed,"2024-12-22 00:00:00",23:41,"2024-12-28 00:00:00",23:07:00,6,1787,no,no,"no (EMPTY)"
2103,33110,2,closed,"2024-12-22 00:00:00",18:20:00,"2024-12-22 00:00:00",20:00:00,0,1878,no,no,"no (EMPTY)"
2102,33109,2,closed,"2024-12-22 00:00:00",18:15:00,"2024-12-23 00:00:00",08:38,1,1879,no,no,"no (EMPTY)"
2101,33095,2,closed,"2024-12-22 00:00:00",10:30:00,"2024-12-22 00:00:00",20:32,1,1767,no,no,"no (EMPTY)"
2109,33152,2,closed,"2024-12-23 00:00:00",23:50:00,"2025-01-02 00:00:00",10:56,10,1844,no,no,"no (EMPTY)"
2108,33147,2,closed,"2024-12-23 00:00:00",22:40:33,"2024-12-25 00:00:00",13:03,2,1863,no,no,"no (EMPTY)"
2107,33139,2,closed,"2024-12-23 00:00:00",18:00:00,"2024-12-25 00:00:00",08:26,2,1870,no,no,"no (EMPTY)"
2106,33132,2,closed,"2024-12-23 00:00:00",13:30:00,"2024-12-25 00:00:00",00:30:00,2,1874,no,no,"no (EMPTY)"
2105,33130,2,closed,"2024-12-23 00:00:00",14:20:15,"2024-12-23 00:00:00",21:20,1,1738,no,no,"no (EMPTY)"
2114,33182,2,closed,"2024-12-24 00:00:00",15:45:00,"2025-01-02 00:00:00",11:35,9,1852,no,no,"no (EMPTY)"
2113,33175,2,closed,"2024-12-24 00:00:00",18:00:00,"2025-01-05 00:00:00",13:15,12,1875,no,no,"no (EMPTY)"
2112,33168,2,closed,"2024-12-24 00:00:00",16:10:00,"2024-12-25 00:00:00",11:22,1,1881,no,no,"no (EMPTY)"
2111,33165,2,closed,"2024-12-24 00:00:00",14:15:00,"2024-12-24 00:00:00",20:40,1,1735,no,no,"no (EMPTY)"
2110,33159,2,closed,"2024-12-24 00:00:00",11:30:00,"2024-12-24 00:00:00",14:00:00,1,1825,no,no,"no (EMPTY)"
2118,33210,2,closed,"2024-12-25 00:00:00",00:43:00,"2024-12-27 00:00:00",15:11,3,1774,no,no,"no (EMPTY)"
2117,33207,2,closed,"2024-12-25 00:00:00",18:00:00,"2024-12-31 00:00:00",17:06,6,1876,no,no,"no (EMPTY)"
2115,33200,2,closed,"2024-12-25 00:00:00",14:30:00,"2024-12-26 00:00:00",23:25:00,2,1780,no,no,"no (EMPTY)"
2122,33226,2,closed,"2024-12-26 00:00:00",15:36:00,"2024-12-27 00:00:00",22:00:00,2,1813,no,no,"no (EMPTY)"
2121,33221,2,closed,"2024-12-26 00:00:00",10:50:00,"2024-12-26 00:00:00",18:00:00,1,1752,no,no,"no (EMPTY)"
2120,33220,2,closed,"2024-12-26 00:00:00",13:30:58,"2024-12-26 00:00:00",15:28,0,1781,no,no,"no (EMPTY)"
2119,33219,2,closed,"2024-12-26 00:00:00",01:45:00,"2024-12-27 00:00:00",10:49,2,1786,no,no,"no (EMPTY)"
2124,33253,2,closed,"2024-12-27 00:00:00",22:40:00,"2025-01-02 00:00:00",21:27:00,6,1783,no,no,"no (EMPTY)"
2123,33247,2,closed,"2024-12-27 00:00:00",18:40:00,"2024-12-27 00:00:00",21:52:00,1,1853,no,no,"no (EMPTY)"
2128,33282,2,closed,"2024-12-28 00:00:00",23:06:00,"2024-12-29 00:00:00",12:00:00,1,1784,no,no,"no (EMPTY)"
2127,33272,2,closed,"2024-12-28 00:00:00",18:45:33,"2024-12-29 00:00:00",23:45:00,2,1860,no,no,"no (EMPTY)"
2126,33269,2,closed,"2024-12-28 00:00:00",16:48:17,"2024-12-28 00:00:00",18:30:00,0,1797,no,no,"no (EMPTY)"
2125,33256,2,closed,"2024-12-28 00:00:00",11:15:00,"2024-12-28 00:00:00",20:35:00,1,1786,no,no,"no (EMPTY)"
2131,33307,2,closed,"2024-12-29 00:00:00",19:24:00,"2025-01-02 00:00:00",20:43:00,4,1830,no,no,"no (EMPTY)"
2130,33291,2,closed,"2024-12-29 00:00:00",12:16:38,"2024-12-29 00:00:00",23:40:00,1,1803,no,no,"no (EMPTY)"
2129,33290,2,closed,"2024-12-29 00:00:00",11:25:00,"2024-12-30 00:00:00",14:48,2,1729,no,no,"no (EMPTY)"
2136,33333,2,closed,"2024-12-30 00:00:00",19:15:00,"2024-12-31 00:00:00",16:33,1,1753,no,no,"no (EMPTY)"
2135,33325,5,closed,"2024-12-30 00:00:00",16:10:27,"2024-12-30 00:00:00",16:10:27,0,1748,yes,yes,"no (EMPTY)"
2134,33323,2,closed,"2024-12-30 00:00:00",14:40:12,"2024-12-31 00:00:00",14:11,1,1742,no,no,"no (EMPTY)"
2133,33320,5,closed,"2024-12-30 00:00:00",13:21:00,"2024-12-30 00:00:00",13:21:00,0,1863,yes,yes,"no (EMPTY)"
2132,33317,2,closed,"2024-12-30 00:00:00",11:41:00,"2024-12-30 00:00:00",13:52:00,0,1762,no,no,"no (EMPTY)"
2141,33361,2,closed,"2024-12-31 00:00:00",23:54:00,"2025-01-01 00:00:00",23:00:00,1,1840,no,no,"no (EMPTY)"
2140,33357,2,closed,"2024-12-31 00:00:00",21:50:00,"2024-12-31 00:00:00",23:53:00,0,1794,no,no,"no (EMPTY)"
2139,33352,2,closed,"2024-12-31 00:00:00",16:20:00,"2025-01-01 00:00:00",10:23,1,1735,no,no,"no (EMPTY)"
2138,33343,2,closed,"2024-12-31 00:00:00",14:00:00,"2025-01-01 00:00:00",21:00:00,2,1778,no,no,"no (EMPTY)"
2137,33342,5,closed,"2024-12-31 00:00:00",13:00:00,"2024-12-31 00:00:00",13:00:00,0,1860,yes,yes,"no (EMPTY)"
2147,33385,2,closed,"2025-01-01 00:00:00",19:21:08,"2025-01-03 00:00:00",12:00:00,2,1774,no,no,"no (EMPTY)"
2146,33383,2,closed,"2025-01-01 00:00:00",18:09:00,"2025-01-01 00:00:00",19:35:00,0,1780,no,no,"no (EMPTY)"
2145,33377,2,closed,"2025-01-01 00:00:00",15:24:15,"2025-01-01 00:00:00",17:26:00,0,1789,no,no,"no (EMPTY)"
2144,33376,2,closed,"2025-01-01 00:00:00",15:20:41,"2025-01-01 00:00:00",23:16:00,1,1812,no,no,"no (EMPTY)"
2143,33373,2,closed,"2025-01-01 00:00:00",13:36:00,"2025-01-01 00:00:00",15:14,0,1737,no,no,"no (EMPTY)"
2142,33371,2,closed,"2025-01-01 00:00:00",11:45:00,"2025-01-01 00:00:00",13:55,0,1738,no,no,"no (EMPTY)"
2153,33421,2,closed,"2025-01-02 00:00:00",22:14:03,"2025-02-11 00:00:00",16:28,40,1786,no,no,"no (EMPTY)"
2152,33420,2,closed,"2025-01-02 00:00:00",20:10:00,"2025-01-03 00:00:00",19:31,1,1843,no,no,"no (EMPTY)"
2151,33411,2,closed,"2025-01-02 00:00:00",17:25:00,"2025-01-02 00:00:00",22:33,1,1762,no,no,"no (EMPTY)"
2150,33404,2,closed,"2025-01-02 00:00:00",13:06:00,"2025-01-05 00:00:00",18:07,4,1826,no,no,"no (EMPTY)"
2149,33399,2,closed,"2025-01-02 00:00:00",10:45:00,"2025-01-02 00:00:00",19:00:00,1,1729,no,no,"no (EMPTY)"
2148,33397,2,closed,"2025-01-02 00:00:00",10:30:00,"2025-01-02 00:00:00",13:23:00,1,1795,no,no,"no (EMPTY)"
2158,33451,2,closed,"2025-01-03 00:00:00",22:50:00,"2025-01-08 00:00:00",22:00:00,5,1736,no,no,"no (EMPTY)"
2157,33447,2,closed,"2025-01-03 00:00:00",20:00:00,"2025-01-08 00:00:00",14:00:00,5,1807,no,no,"no (EMPTY)"
2156,33445,2,closed,"2025-01-03 00:00:00",18:42:00,"2025-01-03 00:00:00",20:25,0,1773,no,no,"no (EMPTY)"
2155,33439,2,closed,"2025-01-03 00:00:00",15:06:00,"2025-01-03 00:00:00",17:24:00,0,1755,no,no,"no (EMPTY)"
2154,33435,2,closed,"2025-01-03 00:00:00",12:24:00,"2025-01-04 00:00:00",09:20,1,1752,no,no,"no (EMPTY)"
2167,33477,2,closed,"2025-01-04 00:00:00",23:00:00,"2025-01-12 00:00:00",21:00:00,8,1844,no,no,"no (EMPTY)"
2166,33476,2,closed,"2025-01-04 00:00:00",20:20:00,"2025-04-28 00:00:00",21:00,114,1871,no,no,"no (EMPTY)"
2165,33475,2,closed,"2025-01-04 00:00:00",21:00:00,"2025-01-05 00:00:00",10:24,1,1765,no,no,"no (EMPTY)"
2164,33472,2,closed,"2025-01-04 00:00:00",19:50:00,"2025-01-07 00:00:00",15:00:00,3,1847,no,no,"no (EMPTY)"
2163,33471,2,closed,"2025-01-04 00:00:00",19:03:37,"2025-01-04 00:00:00",21:00:00,0,1758,no,no,"no (EMPTY)"
2162,33468,2,closed,"2025-01-04 00:00:00",16:13:00,"2025-01-05 00:00:00",14:11,1,1778,no,no,"no (EMPTY)"
2161,33467,2,closed,"2025-01-04 00:00:00",16:12:17,"2025-01-04 00:00:00",18:30:00,0,1881,no,no,"no (EMPTY)"
2160,33464,2,closed,"2025-01-04 00:00:00",12:44:00,"2025-01-07 00:00:00",14:05,3,1872,no,no,"no (EMPTY)"
2159,33458,2,closed,"2025-01-04 00:00:00",12:09:29,"2025-01-07 00:00:00",22:13,4,1780,no,no,"no (EMPTY)"
2172,33506,2,closed,"2025-01-05 00:00:00",23:25:00,"2025-01-07 00:00:00",19:00:00,2,1731,no,no,"no (EMPTY)"
2171,33492,2,closed,"2025-01-05 00:00:00",16:33:00,"2025-01-07 00:00:00",14:05,2,1788,no,no,"no (EMPTY)"
2170,33491,2,closed,"2025-01-05 00:00:00",16:20:00,"2025-01-06 00:00:00",11:57,1,1812,no,no,"no (EMPTY)"
2169,33489,2,closed,"2025-01-05 00:00:00",14:04:20,"2025-01-05 00:00:00",20:15:00,1,1787,no,no,"no (EMPTY)"
2168,33482,2,closed,"2025-01-05 00:00:00",10:44:00,"2025-01-05 00:00:00",18:05:00,1,1828,no,no,"no (EMPTY)"
2177,33527,2,closed,"2025-01-06 00:00:00",23:03:00,"2025-01-08 00:00:00",12:18,2,1770,no,no,"no (EMPTY)"
2176,33525,2,closed,"2025-01-06 00:00:00",21:00:00,"2025-01-10 00:00:00",19:09:00,4,1794,no,no,"no (EMPTY)"
2175,33520,2,closed,"2025-01-06 00:00:00",15:40:00,"2025-01-17 00:00:00",15:00:00,11,1784,no,no,"no (EMPTY)"
2174,33514,2,closed,"2025-01-06 00:00:00",11:20:00,"2025-01-06 00:00:00",15:10:00,1,1767,no,no,"no (EMPTY)"
2173,33513,2,closed,"2025-01-06 00:00:00",10:40:00,"2025-01-06 00:00:00",13:00:00,1,1732,no,no,"no (EMPTY)"
2179,33549,2,closed,"2025-01-07 00:00:00",22:00:00,"2025-01-17 00:00:00",13:17,10,1774,no,no,"no (EMPTY)"
2178,33540,2,closed,"2025-01-07 00:00:00",15:03:36,"2025-01-09 00:00:00",12:00:00,2,1825,no,no,"no (EMPTY)"
2185,33573,2,closed,"2025-01-08 00:00:00",16:38:49,"2025-01-09 00:00:00",18:05:00,1,1857,no,no,"no (EMPTY)"
2184,33572,2,closed,"2025-01-08 00:00:00",16:35:22,"2025-01-24 00:00:00",22:14:00,17,1880,no,no,"no (EMPTY)"
2183,33564,2,closed,"2025-01-08 00:00:00",13:17:00,"2025-01-09 00:00:00",14:00:00,1,1763,no,no,"no (EMPTY)"
2180,33553,2,closed,"2025-01-08 00:00:00",00:40:00,"2025-01-10 00:00:00",20:16,3,1840,no,no,"no (EMPTY)"
2199,33643,2,closed,"2025-01-09 00:00:00",20:30:00,"2025-01-10 00:00:00",20:00:00,1,1793,no,no,"no (EMPTY)"
2192,33595,2,closed,"2025-01-09 00:00:00",20:36:04,"2025-01-11 00:00:00",21:00:00,2,1762,no,no,"no (EMPTY)"
2191,33591,2,closed,"2025-01-09 00:00:00",18:16:07,"2025-01-12 00:00:00",17:00:00,3,1765,no,no,"no (EMPTY)"
2190,33590,2,closed,"2025-01-09 00:00:00",18:01:05,"2025-01-10 00:00:00",20:21,1,1761,no,no,"no (EMPTY)"
2189,33585,2,closed,"2025-01-09 00:00:00",13:51:00,"2025-01-09 00:00:00",18:04,1,1799,no,no,"no (EMPTY)"
2188,33583,2,closed,"2025-01-09 00:00:00",12:25:00,"2025-01-09 00:00:00",19:00:00,1,1778,no,no,"no (EMPTY)"
2187,33582,2,closed,"2025-01-09 00:00:00",12:10:00,"2025-01-10 00:00:00",19:30:00,2,1753,no,no,"no (EMPTY)"
2186,33581,2,closed,"2025-01-09 00:00:00",10:10:00,"2025-01-09 00:00:00",13:44,1,1758,no,no,"no (EMPTY)"
2195,33624,2,closed,"2025-01-10 00:00:00",19:35:00,"2025-01-11 00:00:00",12:26,1,1870,no,no,"no (EMPTY)"
2194,33614,2,closed,"2025-01-10 00:00:00",12:33:00,"2025-01-11 00:00:00",21:00:00,2,1702,no,no,"no (EMPTY)"
2193,33611,2,closed,"2025-01-10 00:00:00",11:06,"2025-01-10 00:00:00",13:02,1,1769,no,no,"no (EMPTY)"
2200,33652,2,closed,"2025-01-11 00:00:00",19:00:00,"2025-01-11 00:00:00",20:58,0,1782,no,no,"no (EMPTY)"
2198,33641,2,closed,"2025-01-11 00:00:00",14:12:00,"2025-01-11 00:00:00",21:00:00,1,1861,no,no,"no (EMPTY)"
2197,33635,2,closed,"2025-01-11 00:00:00",12:40:04,"2025-01-12 00:00:00",11:49,1,1868,no,no,"no (EMPTY)"
2196,33634,2,closed,"2025-01-11 00:00:00",12:25:00,"2025-01-11 00:00:00",15:00:00,1,1755,no,no,"no (EMPTY)"
2204,33671,2,closed,"2025-01-12 00:00:00",16:45:00,"2025-01-15 00:00:00",11:00:00,3,1734,no,no,"no (EMPTY)"
2203,33665,2,closed,"2025-01-12 00:00:00",14:30:00,"2025-01-14 00:00:00",17:06,3,1854,no,no,"no (EMPTY)"
2202,33664,2,closed,"2025-01-12 00:00:00",13:39:36,"2025-01-31 00:00:00",12:00:00,19,1836,no,no,"no (EMPTY)"
2201,33657,2,closed,"2025-01-12 00:00:00",11:00:00,"2025-01-12 00:00:00",21:07,1,1812,no,no,"no (EMPTY)"
2205,33680,2,closed,"2025-01-13 00:00:00",10:15:00,"2025-01-13 00:00:00",12:00:00,0,1729,no,no,"no (EMPTY)"
2210,33690,2,closed,"2025-01-13 00:00:00",15:16:43,"2025-01-13 00:00:00",23:00:00,1,1879,no,no,"no (EMPTY)"
2209,33689,2,closed,"2025-01-13 00:00:00",14:20:00,"2025-01-13 00:00:00",18:50,1,1773,no,no,"no (EMPTY)"
2208,33684,2,closed,"2025-01-13 00:00:00",12:10:00,"2025-01-14 00:00:00",11:33,1,1826,no,no,"no (EMPTY)"
2207,33683,2,closed,"2025-01-13 00:00:00",11:50:00,"2025-01-13 00:00:00",14:20:00,1,1778,no,no,"no (EMPTY)"
2206,33681,2,closed,"2025-01-13 00:00:00",10:30:00,"2025-01-13 00:00:00",19:00:00,1,1814,no,no,"no (EMPTY)"
2212,33723,2,closed,"2025-01-14 00:00:00",17:44:00,"2025-01-14 00:00:00",19:44:00,0,1801,no,no,"no (EMPTY)"
2211,33710,2,closed,"2025-01-14 00:00:00",12:13:00,"2025-01-17 00:00:00",20:48:00,4,1812,no,no,"no (EMPTY)"
2219,33747,2,closed,"2025-01-15 00:00:00",19:06:00,"2025-01-21 00:00:00",10:16,6,1857,no,no,"no (EMPTY)"
2218,33743,2,closed,"2025-01-15 00:00:00",16:17:03,"2025-01-16 00:00:00",18:04:00,1,1800,no,no,"no (EMPTY)"
2217,33741,2,closed,"2025-01-15 00:00:00",15:20:00,"2025-01-16 00:00:00",18:32,2,1852,no,no,"no (EMPTY)"
2216,33740,2,closed,"2025-01-15 00:00:00",13:50:00,"2025-01-16 00:00:00",15:32:00,1,1834,no,no,"no (EMPTY)"
2215,33734,2,closed,"2025-01-15 00:00:00",11:10:43,"2025-01-15 00:00:00",15:30:00,1,1797,no,no,"no (EMPTY)"
2214,33732,2,closed,"2025-01-15 00:00:00",10:30:00,"2025-01-16 00:00:00",19:17,2,1802,no,no,"no (EMPTY)"
2213,33731,2,closed,"2025-01-15 00:00:00",10:25:00,"2025-01-18 00:00:00",17:07,4,1796,no,no,"no (EMPTY)"
2227,33774,2,closed,"2025-01-16 00:00:00",20:20:00,"2025-01-16 00:00:00",22:09:00,0,1870,no,no,"no (EMPTY)"
2226,33772,2,closed,"2025-01-16 00:00:00",19:07:00,"2025-01-17 00:00:00",11:03,1,1840,no,no,"no (EMPTY)"
2225,33769,2,closed,"2025-01-16 00:00:00",17:58:47,"2025-01-17 00:00:00",22:50,2,1734,no,no,"no (EMPTY)"
2224,33766,2,closed,"2025-01-16 00:00:00",15:07:22,"2025-01-17 00:00:00",14:23,1,1753,no,no,"no (EMPTY)"
2223,33764,2,closed,"2025-01-16 00:00:00",13:56:19,"2025-01-18 00:00:00",20:30:00,3,1763,no,no,"no (EMPTY)"
2222,33762,2,closed,"2025-01-16 00:00:00",12:45:00,"2025-01-16 00:00:00",22:00:00,1,1821,no,no,"no (EMPTY)"
2221,33761,2,closed,"2025-01-16 00:00:00",11:44:58,"2025-01-17 00:00:00",23:30:00,2,1738,no,no,"no (EMPTY)"
2220,33757,2,closed,"2025-01-16 00:00:00",10:55:54,"2025-01-16 00:00:00",16:41,1,1864,no,no,"no (EMPTY)"
2236,33798,2,closed,"2025-01-17 00:00:00",21:24:00,"2025-01-17 00:00:00",23:00:00,0,1794,no,no,"no (EMPTY)"
2235,33795,2,closed,"2025-01-17 00:00:00",19:45:35,"2025-01-18 00:00:00",10:38,1,1729,no,no,"no (EMPTY)"
2234,33794,2,closed,"2025-01-17 00:00:00",18:40:00,"2025-01-20 00:00:00",16:15,3,1814,no,no,"no (EMPTY)"
2233,33793,2,closed,"2025-01-17 00:00:00",18:30:00,"2025-01-18 00:00:00",18:00:00,1,1844,no,no,"no (EMPTY)"
2232,33789,2,closed,"2025-01-17 00:00:00",14:50:00,"2025-01-17 00:00:00",19:16,1,1843,no,no,"no (EMPTY)"
2231,33786,2,closed,"2025-01-17 00:00:00",14:10:00,"2025-01-17 00:00:00",15:00:00,0,1752,no,no,"no (EMPTY)"
2230,33785,2,closed,"2025-01-17 00:00:00",12:40:00,"2025-01-20 00:00:00",14:00:00,3,1730,no,no,"no (EMPTY)"
2229,33780,2,closed,"2025-01-17 00:00:00",10:35:00,"2025-01-18 00:00:00",17:14,2,1742,no,no,"no (EMPTY)"
2228,33778,2,closed,"2025-01-17 00:00:00",00:37:46,"2025-01-17 00:00:00",22:03:00,1,1868,no,no,"no (EMPTY)"
2240,33824,2,closed,"2025-01-18 00:00:00",21:20:00,"2025-01-18 00:00:00",22:36:00,0,1804,no,no,"no (EMPTY)"
2239,33823,2,closed,"2025-01-18 00:00:00",20:40:00,"2025-01-22 00:00:00",13:00:00,4,1795,no,no,"no (EMPTY)"
2238,33817,2,closed,"2025-01-18 00:00:00",16:45:00,"2025-01-18 00:00:00",21:00:00,1,1869,no,no,"no (EMPTY)"
2237,33815,2,closed,"2025-01-18 00:00:00",15:01:56,"2025-01-18 00:00:00",17:16,0,1769,no,no,"no (EMPTY)"
2247,33847,2,closed,"2025-01-19 00:00:00",17:19:00,"2025-01-21 00:00:00",15:52,2,1777,no,no,"no (EMPTY)"
2246,33846,2,closed,"2025-01-19 00:00:00",17:20:00,"2025-01-19 00:00:00",17:29:00,0,1767,no,no,"no (EMPTY)"
2245,33844,2,closed,"2025-01-19 00:00:00",15:50:00,"2025-01-23 00:00:00",20:20:00,5,1812,no,no,"no (EMPTY)"
2244,33840,2,closed,"2025-01-19 00:00:00",14:08:00,"2025-01-22 00:00:00",14:51:00,3,1813,no,no,"no (EMPTY)"
2243,33839,2,closed,"2025-01-19 00:00:00",12:55:30,"2025-01-22 00:00:00",17:08:00,4,1757,no,no,"no (EMPTY)"
2242,33836,2,closed,"2025-01-19 00:00:00",12:12:20,"2025-01-22 00:00:00",17:06,4,1810,no,no,"no (EMPTY)"
2241,33834,2,closed,"2025-01-19 00:00:00",11:51:00,"2025-02-12 00:00:00",17:53,25,1780,no,no,"no (EMPTY)"
2251,33872,2,closed,"2025-01-20 00:00:00",21:45:00,"2025-01-22 00:00:00",13:05:00,2,1807,no,no,"no (EMPTY)"
2250,33869,2,closed,"2025-01-20 00:00:00",19:23:00,"2025-01-22 00:00:00",17:15,2,1825,no,no,"no (EMPTY)"
2249,33866,2,closed,"2025-01-20 00:00:00",18:34:01,"2025-01-20 00:00:00",21:27:00,1,1801,no,no,"no (EMPTY)"
2248,33858,2,closed,"2025-01-20 00:00:00",12:00:00,"2025-01-21 00:00:00",19:24,2,1847,no,no,"no (EMPTY)"
2259,33893,2,closed,"2025-01-21 00:00:00",21:17:00,"2025-01-22 00:00:00",17:24,1,1869,no,no,"no (EMPTY)"
2258,33891,2,closed,"2025-01-21 00:00:00",19:55:00,"2025-01-23 00:00:00",13:20,2,1774,no,no,"no (EMPTY)"
2257,33889,2,closed,"2025-01-21 00:00:00",19:00:00,"2025-01-22 00:00:00",08:31,1,1875,no,no,"no (EMPTY)"
2256,33887,2,closed,"2025-01-21 00:00:00",17:50:00,"2025-01-21 00:00:00",18:51:00,0,1861,no,no,"no (EMPTY)"
2255,33886,2,closed,"2025-01-21 00:00:00",15:00:00,"2025-01-22 00:00:00",10:39:00,1,1738,no,no,"no (EMPTY)"
2254,33884,2,closed,"2025-01-21 00:00:00",13:35:56,"2025-01-22 00:00:00",17:25,2,1731,no,no,"no (EMPTY)"
2253,33874,2,closed,"2025-01-21 00:00:00",01:35:19,"2025-01-21 00:00:00",14:49:00,1,1852,no,no,"no (EMPTY)"
2252,33873,2,closed,"2025-01-21 00:00:00",01:15:00,"2025-01-24 00:00:00",11:12:00,4,1736,no,no,"no (EMPTY)"
2263,33917,2,closed,"2025-01-22 00:00:00",20:37:00,"2025-01-24 00:00:00",14:09:00,2,1854,no,no,"no (EMPTY)"
2262,33915,2,closed,"2025-01-22 00:00:00",18:46:00,"2025-01-23 00:00:00",15:38,1,1770,no,no,"no (EMPTY)"
2261,33913,2,closed,"2025-01-22 00:00:00",17:35:00,"2025-01-23 00:00:00",11:41,1,1850,no,no,"no (EMPTY)"
2260,33912,2,closed,"2025-01-22 00:00:00",16:30:00,"2025-01-25 00:00:00",11:54,3,1808,no,no,"no (EMPTY)"
2270,33949,2,closed,"2025-01-23 00:00:00",21:26:45,"2025-01-24 00:00:00",14:03:00,1,1754,no,no,"no (EMPTY)"
2269,33946,2,closed,"2025-01-23 00:00:00",20:15:00,"2025-01-24 00:00:00",21:05:00,1,1787,no,no,"no (EMPTY)"
2268,33944,2,closed,"2025-01-23 00:00:00",18:56:00,"2025-01-23 00:00:00",21:18:00,1,1742,no,no,"no (EMPTY)"
2267,33938,2,closed,"2025-01-23 00:00:00",15:00:00,"2025-01-26 00:00:00",12:00,3,1886,no,no,"no (EMPTY)"
2266,33934,2,closed,"2025-01-23 00:00:00",15:05:33,"2025-01-25 00:00:00",21:12:00,3,1796,no,no,"no (EMPTY)"
2265,33932,2,closed,"2025-01-23 00:00:00",14:22:44,"2025-01-23 00:00:00",15:45,0,1769,no,no,"no (EMPTY)"
2264,33923,2,closed,"2025-01-23 00:00:00",10:18:00,"2025-01-23 00:00:00",12:44:00,0,1762,no,no,"no (EMPTY)"
2275,33967,2,closed,"2025-01-24 00:00:00",16:35:00,"2025-01-25 00:00:00",03:54,1,1729,no,no,"no (EMPTY)"
2274,33965,2,closed,"2025-01-24 00:00:00",14:20:00,"2025-01-24 00:00:00",17:03:00,1,1730,no,no,"no (EMPTY)"
2273,33961,2,closed,"2025-01-24 00:00:00",13:46:01,"2025-01-24 00:00:00",22:16:00,1,1875,no,no,"no (EMPTY)"
2272,33956,2,closed,"2025-01-24 00:00:00",12:00:00,"2025-04-02 00:00:00",20:48,69,1883,no,no,"no (EMPTY)"
2271,33955,2,closed,"2025-01-24 00:00:00",12:00:00,"2025-01-28 00:00:00",21:00:00,5,1804,no,no,"no (EMPTY)"
2279,33991,2,closed,"2025-01-25 00:00:00",15:23:25,"2025-01-27 00:00:00",23:19:00,3,1863,no,no,"no (EMPTY)"
2278,33988,2,closed,"2025-01-25 00:00:00",14:15:00,"2025-01-27 00:00:00",13:32,2,1847,no,no,"no (EMPTY)"
2277,33985,2,closed,"2025-01-25 00:00:00",13:02:00,"2025-01-30 00:00:00",20:11:00,6,1712,no,no,"no (EMPTY)"
2276,33981,2,closed,"2025-01-25 00:00:00",10:45:00,"2025-01-26 00:00:00",12:02,1,1851,no,no,"no (EMPTY)"
2281,34011,2,closed,"2025-01-25 00:00:00",22:00:00,"2025-01-27 00:00:00",22:08:00,2,1773,no,no,"no (EMPTY)"
2280,34003,2,closed,"2025-01-25 00:00:00",18:40:00,"2025-01-25 00:00:00",21:14:00,1,1829,no,no,"no (EMPTY)"
2288,34032,2,closed,"2025-01-26 00:00:00",20:54:00,"2025-01-26 00:00:00",22:06:00,0,1756,no,no,"no (EMPTY)"
2287,34028,2,closed,"2025-01-26 00:00:00",19:54:32,"2025-01-27 00:00:00",13:46:00,1,1848,no,no,"no (EMPTY)"
2286,34025,2,closed,"2025-01-26 00:00:00",17:42:00,"2025-01-26 00:00:00",19:07:00,0,1762,no,no,"no (EMPTY)"
2285,34024,2,closed,"2025-01-26 00:00:00",16:49:44,"2025-01-30 00:00:00",16:10,4,1782,no,no,"no (EMPTY)"
2284,34020,2,closed,"2025-01-26 00:00:00",15:50:58,"2025-01-26 00:00:00",20:45,1,1765,no,no,"no (EMPTY)"
2283,34019,2,closed,"2025-01-26 00:00:00",14:35:32,"2025-01-31 00:00:00",22:28:00,6,1803,no,no,"no (EMPTY)"
2282,34017,2,closed,"2025-01-26 00:00:00",12:30:00,"2025-01-27 00:00:00",12:52,1,1834,no,no,"no (EMPTY)"
2291,34043,2,closed,"2025-01-27 00:00:00",14:09:22,"2025-01-28 00:00:00",14:34,1,1750,no,no,"no (EMPTY)"
2290,34042,2,closed,"2025-01-27 00:00:00",14:00:00,"2025-01-29 00:00:00",20:09,3,1880,no,no,"no (EMPTY)"
2289,34037,2,closed,"2025-01-27 00:00:00",12:00:00,"2025-01-28 00:00:00",22:49:00,2,1777,no,no,"no (EMPTY)"
2297,34082,2,closed,"2025-01-28 00:00:00",21:30:00,"2025-02-04 00:00:00",23:36:00,7,1885,no,no,"no (EMPTY)"
2296,34074,2,closed,"2025-01-28 00:00:00",20:00:00,"2025-01-29 00:00:00",18:00:00,1,1834,no,no,"no (EMPTY)"
2295,34069,2,closed,"2025-01-28 00:00:00",15:28:39,"2025-02-05 00:00:00",18:03,9,1886,no,no,"no (EMPTY)"
2294,34068,2,closed,"2025-01-28 00:00:00",15:00:00,"2025-01-29 00:00:00",18:01,2,1843,no,no,"no (EMPTY)"
2293,34062,2,closed,"2025-01-28 00:00:00",11:57:00,"2025-01-28 00:00:00",22:46:00,1,1830,no,no,"no (EMPTY)"
2292,34057,2,closed,"2025-01-28 00:00:00",10:13:29,"2025-01-28 00:00:00",12:10,0,1826,no,no,"no (EMPTY)"
2306,34103,2,closed,"2025-01-29 00:00:00",19:34:00,"2025-01-29 00:00:00",22:19:00,1,1875,no,no,"no (EMPTY)"
2305,34099,2,closed,"2025-01-29 00:00:00",18:15:00,"2025-01-29 00:00:00",18:35:00,0,1850,no,no,"no (EMPTY)"
2304,34097,2,closed,"2025-01-29 00:00:00",16:40:00,"2025-01-29 00:00:00",20:43,1,1752,no,no,"no (EMPTY)"
2303,34096,2,closed,"2025-01-29 00:00:00",15:41:18,"2025-01-29 00:00:00",20:32,1,1774,no,no,"no (EMPTY)"
2302,34095,2,closed,"2025-01-29 00:00:00",14:37:00,"2025-01-31 00:00:00",17:21,3,1743,no,no,"no (EMPTY)"
2301,34093,2,closed,"2025-01-29 00:00:00",14:25:00,"2025-01-30 00:00:00",20:25:00,2,1863,no,no,"no (EMPTY)"
2300,34091,2,closed,"2025-01-29 00:00:00",13:35:00,"2025-01-30 00:00:00",15:54,1,1793,no,no,"no (EMPTY)"
2299,34090,2,closed,"2025-01-29 00:00:00",13:15:00,"2025-01-30 00:00:00",11:11,1,1757,no,no,"no (EMPTY)"
2298,34086,2,closed,"2025-01-29 00:00:00",10:12:00,"2025-01-29 00:00:00",19:08,1,1748,no,no,"no (EMPTY)"
2311,34131,2,closed,"2025-01-30 00:00:00",20:19:21,"2025-02-02 00:00:00",16:04,3,1826,no,no,"no (EMPTY)"
2310,34127,2,closed,"2025-01-30 00:00:00",16:59:00,"2025-01-30 00:00:00",19:01:00,1,1810,no,no,"no (EMPTY)"
2309,34121,2,closed,"2025-01-30 00:00:00",14:06:00,"2025-01-30 00:00:00",16:18,0,1702,no,no,"no (EMPTY)"
2308,34120,2,closed,"2025-01-30 00:00:00",12:57:00,"2025-02-02 00:00:00",14:59,3,1849,no,no,"no (EMPTY)"
2307,34118,2,closed,"2025-01-30 00:00:00",12:34:11,"2025-01-30 00:00:00",22:06:00,1,1758,no,no,"no (EMPTY)"
2315,34144,2,closed,"2025-01-31 00:00:00",15:06:00,"2025-01-31 00:00:00",21:00:00,1,1763,no,no,"no (EMPTY)"
2314,34141,2,closed,"2025-01-31 00:00:00",12:22:59,"2025-02-08 00:00:00",20:56,9,1887,no,no,"no (EMPTY)"
2313,34140,2,closed,"2025-01-31 00:00:00",12:10:00,"2025-01-31 00:00:00",14:10:00,0,1800,no,no,"no (EMPTY)"
2312,34138,2,closed,"2025-01-31 00:00:00",10:55:00,"2025-02-03 00:00:00",15:38:00,4,1752,no,no,"no (EMPTY)"
2324,34195,2,closed,"2025-02-01 00:00:00",10:38:00,"2025-02-02 00:00:00",14:51,2,1784,no,no,"no (EMPTY)"
2321,34180,2,closed,"2025-02-01 00:00:00",20:39:00,"2025-02-01 00:00:00",21:30:00,0,1777,no,no,"no (EMPTY)"
2320,34178,2,closed,"2025-02-01 00:00:00",20:26:00,"2025-02-05 00:00:00",18:00:00,4,1773,no,no,"no (EMPTY)"
2319,34175,2,closed,"2025-02-01 00:00:00",19:12:00,"2025-02-01 00:00:00",20:25:00,0,1796,no,no,"no (EMPTY)"
2318,34169,2,closed,"2025-02-01 00:00:00",16:20:00,"2025-02-03 00:00:00",21:30:00,3,1736,no,no,"no (EMPTY)"
2317,34165,2,closed,"2025-02-01 00:00:00",15:05:00,"2025-02-13 00:00:00",17:10,12,1730,no,no,"no (EMPTY)"
2316,34163,2,closed,"2025-02-01 00:00:00",13:45:00,"2025-02-01 00:00:00",17:54,1,1742,no,no,"no (EMPTY)"
2328,34211,2,closed,"2025-02-02 00:00:00",20:57:00,"2025-02-07 00:00:00",22:20:00,5,1869,no,no,"no (EMPTY)"
2327,34204,2,closed,"2025-02-02 00:00:00",17:12:52,"2025-02-03 00:00:00",08:52,1,1734,no,no,"no (EMPTY)"
2326,34201,2,closed,"2025-02-02 00:00:00",15:52:00,"2025-02-02 00:00:00",17:45:00,0,1765,no,no,"no (EMPTY)"
2325,34196,2,closed,"2025-02-02 00:00:00",14:12:57,"2025-02-04 00:00:00",14:55,2,1794,no,no,"no (EMPTY)"
2323,34194,2,closed,"2025-02-02 00:00:00",13:29:44,"2025-02-05 00:00:00",21:05:00,4,1802,no,no,"no (EMPTY)"
2322,34192,2,closed,"2025-02-02 00:00:00",12:52:00,"2025-02-02 00:00:00",16:15,1,1767,no,no,"no (EMPTY)"
2332,34228,2,closed,"2025-02-03 00:00:00",20:25:00,"2025-02-04 00:00:00",14:44:00,1,1748,no,no,"no (EMPTY)"
2331,34226,2,closed,"2025-02-03 00:00:00",15:49:00,"2025-02-05 00:00:00",10:30,2,1880,no,no,"no (EMPTY)"
2330,34217,2,closed,"2025-02-03 00:00:00",10:41:00,"2025-02-04 00:00:00",16:00,2,1870,no,no,"no (EMPTY)"
2329,34215,2,closed,"2025-02-03 00:00:00",10:03:00,"2025-02-03 00:00:00",22:10:00,1,1738,no,no,"no (EMPTY)"
2336,34251,2,closed,"2025-02-04 00:00:00",14:30:00,"2025-02-05 00:00:00",10:40:00,1,1836,no,no,"no (EMPTY)"
2335,34250,2,closed,"2025-02-04 00:00:00",16:55:00,"2025-02-04 00:00:00",19:24,1,1840,no,no,"no (EMPTY)"
2334,34242,2,closed,"2025-02-04 00:00:00",14:23:00,"2025-02-04 00:00:00",16:47:00,0,1789,no,no,"no (EMPTY)"
2333,34236,2,closed,"2025-02-04 00:00:00",12:57:00,"2025-02-06 00:00:00",13:35:00,2,1812,no,no,"no (EMPTY)"
2337,34258,2,closed,"2025-02-04 00:00:00",21:38:00,"2025-02-07 00:00:00",22:01:00,3,1783,no,no,"no (EMPTY)"
2343,34290,2,closed,"2025-02-05 00:00:00",21:49:00,"2025-02-05 00:00:00",22:35:00,0,1743,no,no,"no (EMPTY)"
2342,34283,2,closed,"2025-02-05 00:00:00",18:50:00,"2025-02-06 00:00:00",09:22,1,1879,no,no,"no (EMPTY)"
2341,34280,2,closed,"2025-02-05 00:00:00",17:10:00,"2025-02-07 00:00:00",14:00,2,1851,no,no,"no (EMPTY)"
2340,34277,2,closed,"2025-02-05 00:00:00",16:07:00,"2025-02-05 00:00:00",22:30:00,1,1774,no,no,"no (EMPTY)"
2339,34272,2,closed,"2025-02-05 00:00:00",15:22:00,"2025-02-08 00:00:00",10:57,3,1737,no,no,"no (EMPTY)"
2338,34268,2,closed,"2025-02-05 00:00:00",11:19:08,"2025-02-05 00:00:00",17:00:00,1,1793,no,no,"no (EMPTY)"
2349,34314,2,closed,"2025-02-06 00:00:00",20:30:00,"2025-02-09 00:00:00",13:33,3,1824,no,no,"no (EMPTY)"
2348,34309,2,closed,"2025-02-06 00:00:00",18:00:00,"2025-02-09 00:00:00",15:53,3,1808,no,no,"no (EMPTY)"
2347,34306,2,closed,"2025-02-06 00:00:00",16:40:00,"2025-02-06 00:00:00",19:36,1,1813,no,no,"no (EMPTY)"
2346,34304,2,closed,"2025-02-06 00:00:00",15:54:05,"2025-02-06 00:00:00",19:37,1,1861,no,no,"no (EMPTY)"
2345,34300,2,closed,"2025-02-06 00:00:00",14:45:00,"2025-02-08 00:00:00",19:40:00,3,1801,no,no,"no (EMPTY)"
2344,34299,2,closed,"2025-02-06 00:00:00",13:50:00,"2025-02-06 00:00:00",19:35,1,1797,no,no,"no (EMPTY)"
2355,34337,2,closed,"2025-02-07 00:00:00",18:33:00,"2025-02-07 00:00:00",19:30:00,0,1762,no,no,"no (EMPTY)"
2354,34332,2,closed,"2025-02-07 00:00:00",15:00:00,"2025-02-08 00:00:00",08:31,1,1854,no,no,"no (EMPTY)"
2353,34327,2,closed,"2025-02-07 00:00:00",13:58:00,"2025-02-08 00:00:00",21:30:00,2,1862,no,no,"no (EMPTY)"
2352,34326,2,closed,"2025-02-07 00:00:00",13:53:53,"2025-02-08 00:00:00",08:51,1,1793,no,no,"no (EMPTY)"
2351,34323,2,closed,"2025-02-07 00:00:00",11:46:00,"2025-02-08 00:00:00",17:30:00,2,1873,no,no,"no (EMPTY)"
2361,34367,2,closed,"2025-02-08 00:00:00",21:17:00,"2025-02-08 00:00:00",21:42:00,0,1886,no,no,"no (EMPTY)"
2360,34363,2,closed,"2025-02-08 00:00:00",19:52:31,"2025-02-08 00:00:00",20:15:00,0,1774,no,no,"no (EMPTY)"
2359,34360,2,closed,"2025-02-08 00:00:00",18:50:00,"2025-02-12 00:00:00",15:55:00,4,1885,no,no,"no (EMPTY)"
2358,34357,2,closed,"2025-02-08 00:00:00",17:50:00,"2025-02-08 00:00:00",23:00:00,1,1834,no,no,"no (EMPTY)"
2357,34356,2,closed,"2025-02-08 00:00:00",16:25:00,"2025-02-08 00:00:00",19:15,1,1750,no,no,"no (EMPTY)"
2356,34352,2,closed,"2025-02-08 00:00:00",15:11:00,"2025-02-08 00:00:00",22:30,1,1777,no,no,"no (EMPTY)"
2366,34397,2,closed,"2025-02-09 00:00:00",21:39:00,"2025-02-24 00:00:00",19:20:00,15,1841,no,no,"no (EMPTY)"
2365,34394,2,closed,"2025-02-09 00:00:00",20:57:00,"2025-02-09 00:00:00",22:50:00,0,1757,no,no,"no (EMPTY)"
2364,34393,2,closed,"2025-02-09 00:00:00",19:39:00,"2025-02-12 00:00:00",17:54,3,1736,no,no,"no (EMPTY)"
2363,34389,2,closed,"2025-02-09 00:00:00",18:20:00,"2025-02-09 00:00:00",20:08:00,0,1807,no,no,"no (EMPTY)"
2362,34385,2,closed,"2025-02-09 00:00:00",16:50:00,"2025-02-11 00:00:00",23:20:00,3,1843,no,no,"no (EMPTY)"
2369,34412,2,closed,"2025-02-10 00:00:00",20:42:00,"2025-02-11 00:00:00",16:44:00,1,1762,no,no,"no (EMPTY)"
2368,34406,2,closed,"2025-02-10 00:00:00",14:32:00,"2025-02-11 00:00:00",16:53,1,1802,no,no,"no (EMPTY)"
2367,34403,2,closed,"2025-02-10 00:00:00",14:53:00,"2025-02-11 00:00:00",08:14,1,1799,no,no,"no (EMPTY)"
2375,34443,2,closed,"2025-02-11 00:00:00",19:32:00,"2025-02-15 00:00:00",15:11,4,1748,no,no,"no (EMPTY)"
2374,34437,2,closed,"2025-02-11 00:00:00",18:17:51,"2025-02-13 00:00:00",09:26,2,1702,no,no,"no (EMPTY)"
2373,34434,2,closed,"2025-02-11 00:00:00",01:33:00,"2025-02-13 00:00:00",12:12,3,1804,no,no,"no (EMPTY)"
2372,34429,2,closed,"2025-02-11 00:00:00",14:58:00,"2025-02-12 00:00:00",17:35:00,2,1738,no,no,"no (EMPTY)"
2371,34424,2,closed,"2025-02-11 00:00:00",11:47:00,"2025-02-13 00:00:00",12:03,2,1840,no,no,"no (EMPTY)"
2370,34423,2,closed,"2025-02-11 00:00:00",11:47:00,"2025-02-12 00:00:00",16:00:00,2,1737,no,no,"no (EMPTY)"
2379,34473,2,closed,"2025-02-12 00:00:00",22:10:00,"2025-02-27 00:00:00",15:44,15,1858,no,no,"no (EMPTY)"
2378,34471,2,closed,"2025-02-12 00:00:00",20:45:00,"2025-02-16 00:00:00",14:22,4,1790,no,no,"no (EMPTY)"
2377,34467,2,closed,"2025-02-12 00:00:00",18:35:00,"2025-02-12 00:00:00",20:00:00,0,1774,no,no,"no (EMPTY)"
2376,34464,2,closed,"2025-02-12 00:00:00",16:23:00,"2025-02-12 00:00:00",22:52:00,1,1869,no,no,"no (EMPTY)"
2386,34502,2,closed,"2025-02-13 00:00:00",20:50:00,"2025-02-17 00:00:00",16:31:00,4,1803,no,no,"no (EMPTY)"
2385,34496,2,closed,"2025-02-13 00:00:00",16:45:00,"2025-02-13 00:00:00",17:16,0,1864,no,no,"no (EMPTY)"
2384,34492,2,closed,"2025-02-13 00:00:00",15:00:00,"2025-02-14 00:00:00",18:20,2,1834,no,no,"no (EMPTY)"
2383,34491,2,closed,"2025-02-13 00:00:00",13:50:00,"2025-02-13 00:00:00",22:02:00,1,1808,no,no,"no (EMPTY)"
2382,34485,2,closed,"2025-02-13 00:00:00",12:25:00,"2025-02-13 00:00:00",16:25:00,1,1784,no,no,"no (EMPTY)"
2381,34481,2,closed,"2025-02-13 00:00:00",11:35:00,"2025-02-13 00:00:00",13:24,0,1870,no,no,"no (EMPTY)"
2380,34480,2,closed,"2025-02-13 00:00:00",11:34:00,"2025-02-15 00:00:00",08:05,2,1773,no,no,"no (EMPTY)"
2391,34521,2,closed,"2025-02-14 00:00:00",17:13:00,"2025-02-16 00:00:00",14:20,2,1863,no,no,"no (EMPTY)"
2390,34520,2,closed,"2025-02-14 00:00:00",13:10:00,"2025-02-14 00:00:00",18:23,1,1826,no,no,"no (EMPTY)"
2389,34519,2,closed,"2025-02-14 00:00:00",15:42:00,"2025-02-14 00:00:00",16:14:00,0,1793,no,no,"no (EMPTY)"
2388,34517,2,closed,"2025-02-14 00:00:00",14:02:00,"2025-02-15 00:00:00",17:07:00,2,1758,no,no,"no (EMPTY)"
2387,34513,2,closed,"2025-02-14 00:00:00",11:50:00,"2025-02-14 00:00:00",12:24:00,0,1734,no,no,"no (EMPTY)"
2397,34547,2,closed,"2025-02-15 00:00:00",18:22:04,"2025-02-15 00:00:00",19:11:00,0,1754,no,no,"no (EMPTY)"
2396,34546,2,closed,"2025-02-15 00:00:00",16:44:00,"2025-02-16 00:00:00",11:56,1,1771,no,no,"no (EMPTY)"
2395,34542,2,closed,"2025-02-15 00:00:00",15:42:19,"2025-02-15 00:00:00",21:54:00,1,1743,no,no,"no (EMPTY)"
2394,34539,2,closed,"2025-02-15 00:00:00",14:45:00,"2025-02-17 00:00:00",13:43,2,1777,no,no,"no (EMPTY)"
2393,34536,2,closed,"2025-02-15 00:00:00",13:42:00,"2025-02-15 00:00:00",18:54:00,1,1795,no,no,"no (EMPTY)"
2392,34533,2,closed,"2025-02-15 00:00:00",10:14:00,"2025-03-08 00:00:00",12:05:00,21,1852,no,no,"no (EMPTY)"
2398,34565,2,closed,"2025-02-16 00:00:00",14:25:00,"2025-02-20 00:00:00",12:08,4,1794,no,no,"no (EMPTY)"
2402,34582,2,closed,"2025-02-16 00:00:00",19:52:00,"2025-02-16 00:00:00",21:00:00,0,1791,no,no,"no (EMPTY)"
2401,34580,2,closed,"2025-02-16 00:00:00",19:05:00,"2025-04-02 00:00:00",22:52,46,1859,no,no,"no (EMPTY)"
2400,34579,2,closed,"2025-02-16 00:00:00",18:54:25,"2025-02-20 00:00:00",08:04,4,1804,no,no,"no (EMPTY)"
2399,34576,2,closed,"2025-02-16 00:00:00",17:44:26,"2025-02-16 00:00:00",18:27:00,0,1767,no,no,"no (EMPTY)"
2410,34619,2,closed,"2025-02-17 00:00:00",20:00:00,"2025-02-18 00:00:00",23:00:00,2,1864,no,no,"no (EMPTY)"
2409,34612,2,closed,"2025-02-17 00:00:00",18:37:00,"2025-02-17 00:00:00",20:00:00,0,1795,no,no,"no (EMPTY)"
2408,34607,2,closed,"2025-02-17 00:00:00",17:42:00,"2025-02-18 00:00:00",10:32,1,1742,no,no,"no (EMPTY)"
2407,34605,2,closed,"2025-02-17 00:00:00",16:33:01,"2025-02-25 00:00:00",20:17:00,9,1797,no,no,"no (EMPTY)"
2406,34604,2,closed,"2025-02-17 00:00:00",15:40:00,"2025-02-19 00:00:00",10:45:00,2,1808,no,no,"no (EMPTY)"
2405,34599,2,closed,"2025-02-17 00:00:00",13:46:00,"2025-02-17 00:00:00",16:35:00,1,1861,no,no,"no (EMPTY)"
2404,34598,2,closed,"2025-02-17 00:00:00",13:15:00,"2025-02-20 00:00:00",12:30:00,3,1821,no,no,"no (EMPTY)"
2403,34593,2,closed,"2025-02-17 00:00:00",12:30:00,"2025-02-17 00:00:00",20:07:00,1,1750,no,no,"no (EMPTY)"
2416,34645,2,closed,"2025-02-18 00:00:00",19:31:00,"2025-02-20 00:00:00",17:20,2,1807,no,no,"no (EMPTY)"
2415,34640,2,closed,"2025-02-18 00:00:00",17:30:00,"2025-02-19 00:00:00",09:35,1,1862,no,no,"no (EMPTY)"
2414,34633,2,closed,"2025-02-18 00:00:00",12:30:00,"2025-02-18 00:00:00",14:49:00,0,1756,no,no,"no (EMPTY)"
2413,34631,2,closed,"2025-02-18 00:00:00",11:58:08,"2025-02-19 00:00:00",14:19,2,1878,no,no,"no (EMPTY)"
2412,34627,2,closed,"2025-02-18 00:00:00",11:15:00,"2025-02-18 00:00:00",12:57,0,1730,no,no,"no (EMPTY)"
2411,34626,2,closed,"2025-02-18 00:00:00",11:10:00,"2025-02-19 00:00:00",09:32,1,1818,no,no,"no (EMPTY)"
2420,34675,2,closed,"2025-02-19 00:00:00",21:29:00,"2025-02-20 00:00:00",11:15,1,1790,no,no,"no (EMPTY)"
2419,34673,2,closed,"2025-02-19 00:00:00",20:41:00,"2025-02-19 00:00:00",21:26:00,0,1734,no,no,"no (EMPTY)"
2418,34665,2,closed,"2025-02-19 00:00:00",18:45:55,"2025-02-20 00:00:00",13:56:00,1,1738,no,no,"no (EMPTY)"
2417,34661,2,closed,"2025-02-19 00:00:00",18:05:00,"2025-02-19 00:00:00",18:29:00,0,1789,no,no,"no (EMPTY)"
2429,34703,2,closed,"2025-02-20 00:00:00",21:44:00,"2025-02-21 00:00:00",11:28,1,1873,no,no,"no (EMPTY)"
2428,34702,2,closed,"2025-02-20 00:00:00",20:34:00,"2025-02-22 00:00:00",12:42:00,2,1752,no,no,"no (EMPTY)"
2427,34699,2,closed,"2025-02-20 00:00:00",19:00:00,"2025-02-21 00:00:00",10:43,1,1742,no,no,"no (EMPTY)"
2426,34698,2,closed,"2025-02-20 00:00:00",18:44:00,"2025-02-21 00:00:00",19:21,1,1748,no,no,"no (EMPTY)"
2425,34696,2,closed,"2025-02-20 00:00:00",17:47:00,"2025-02-20 00:00:00",17:49:00,0,1730,no,no,"no (EMPTY)"
2424,34693,2,closed,"2025-02-20 00:00:00",16:30:00,"2025-02-22 00:00:00",11:20,2,1773,no,no,"no (EMPTY)"
2423,34691,2,closed,"2025-02-20 00:00:00",16:07:48,"2025-02-20 00:00:00",18:25:00,0,1880,no,no,"no (EMPTY)"
2422,34686,2,closed,"2025-02-20 00:00:00",14:00:00,"2025-02-20 00:00:00",16:15,0,1851,no,no,"no (EMPTY)"
2436,34732,2,closed,"2025-02-21 00:00:00",20:36:00,"2025-02-23 00:00:00",23:00:00,3,1834,no,no,"no (EMPTY)"
2435,34731,2,closed,"2025-02-21 00:00:00",19:30:00,"2025-02-23 00:00:00",01:00:00,2,1872,no,no,"no (EMPTY)"
2434,34724,2,closed,"2025-02-21 00:00:00",18:15:00,"2025-02-22 00:00:00",16:10:00,1,1826,no,no,"no (EMPTY)"
2433,34721,2,closed,"2025-02-21 00:00:00",17:32:00,"2025-02-22 00:00:00",10:58,1,1886,no,no,"no (EMPTY)"
2432,34719,2,closed,"2025-02-21 00:00:00",16:20:00,"2025-02-22 00:00:00",12:17,1,1857,no,no,"no (EMPTY)"
2431,34717,2,closed,"2025-02-21 00:00:00",16:06:13,"2025-02-21 00:00:00",18:55,0,1862,no,no,"no (EMPTY)"
2430,34716,2,closed,"2025-02-21 00:00:00",15:42:00,"2025-02-21 00:00:00",16:24,0,1781,no,no,"no (EMPTY)"
2440,34761,2,closed,"2025-02-22 00:00:00",23:50:00,"2025-02-23 00:00:00",18:56:00,1,1824,no,no,"no (EMPTY)"
2439,34756,2,closed,"2025-02-22 00:00:00",18:42:00,"2025-02-28 00:00:00",08:07:00,6,1814,no,no,"no (EMPTY)"
2438,34748,2,closed,"2025-02-22 00:00:00",16:10:00,"2025-02-22 00:00:00",18:24:00,0,1803,no,no,"no (EMPTY)"
2437,34742,2,closed,"2025-02-22 00:00:00",07:00:00,"2025-02-23 00:00:00",12:15,2,1748,no,no,"no (EMPTY)"
2445,34778,2,closed,"2025-02-23 00:00:00",20:01:23,"2025-02-23 00:00:00",23:40:00,1,1742,no,no,"no (EMPTY)"
2444,34768,2,closed,"2025-02-23 00:00:00",13:38:32,"2025-02-25 00:00:00",18:49:00,3,1815,no,no,"no (EMPTY)"
2443,34767,2,closed,"2025-02-23 00:00:00",13:33:25,"2025-02-24 00:00:00",12:54,1,1729,no,no,"no (EMPTY)"
2442,34766,2,closed,"2025-02-23 00:00:00",12:39:00,"2025-02-23 00:00:00",13:10:00,0,1786,no,no,"no (EMPTY)"
2441,34765,2,closed,"2025-02-23 00:00:00",11:54:38,"2025-02-24 00:00:00",14:00:00,2,1780,no,no,"no (EMPTY)"
2450,34801,2,closed,"2025-02-24 00:00:00",20:42:00,"2025-02-24 00:00:00",22:00:00,0,1816,no,no,"no (EMPTY)"
2449,34799,2,closed,"2025-02-24 00:00:00",19:12:00,"2025-02-25 00:00:00",12:15,1,1801,no,no,"no (EMPTY)"
2448,34798,2,closed,"2025-02-24 00:00:00",17:37:00,"2025-02-26 00:00:00",20:54:00,3,1809,no,no,"no (EMPTY)"
2447,34795,2,closed,"2025-02-24 00:00:00",15:40:00,"2025-02-27 00:00:00",14:22,3,1765,no,no,"no (EMPTY)"
2446,34793,2,closed,"2025-02-24 00:00:00",14:36:00,"2025-02-26 00:00:00",20:40:00,3,1767,no,no,"no (EMPTY)"
2456,34825,2,closed,"2025-02-25 00:00:00",20:13:00,"2025-03-03 00:00:00",21:37:00,6,1864,no,no,"no (EMPTY)"
2455,34824,2,closed,"2025-02-25 00:00:00",18:58:00,"2025-02-25 00:00:00",19:58:00,0,1873,no,no,"no (EMPTY)"
2454,34821,2,closed,"2025-02-25 00:00:00",17:30:00,"2025-02-25 00:00:00",18:56:00,0,1857,no,no,"no (EMPTY)"
2453,34817,2,closed,"2025-02-25 00:00:00",16:27:14,"2025-02-27 00:00:00",15:56,2,1887,no,no,"no (EMPTY)"
2452,34815,2,closed,"2025-02-25 00:00:00",14:20:00,"2025-03-03 00:00:00",12:10:00,6,1753,no,no,"no (EMPTY)"
2451,34811,2,closed,"2025-02-25 00:00:00",12:30:00,"2025-03-01 00:00:00",18:13:00,5,1795,no,no,"no (EMPTY)"
2461,34851,2,closed,"2025-02-26 00:00:00",20:50:00,"2025-02-28 00:00:00",18:23:00,2,1822,no,no,"no (EMPTY)"
2460,34848,2,closed,"2025-02-26 00:00:00",19:34:00,"2025-02-28 00:00:00",20:00:00,2,1851,no,no,"no (EMPTY)"
2459,34843,2,closed,"2025-02-26 00:00:00",18:32:00,"2025-02-27 00:00:00",15:37:00,1,1829,no,no,"no (EMPTY)"
2468,34872,2,closed,"2025-02-27 00:00:00",19:38:00,"2025-03-03 00:00:00",21:54,4,1773,no,no,"no (EMPTY)"
2467,34868,2,closed,"2025-02-27 00:00:00",18:30:00,"2025-02-27 00:00:00",19:16:00,0,1886,no,no,"no (EMPTY)"
2466,34867,2,closed,"2025-02-27 00:00:00",16:41:00,"2025-03-01 00:00:00",21:31:00,3,1762,no,no,"no (EMPTY)"
2465,34866,2,closed,"2025-02-27 00:00:00",16:30:00,"2025-02-28 00:00:00",17:11,1,1742,no,no,"no (EMPTY)"
2464,34864,2,closed,"2025-02-27 00:00:00",15:50:00,"2025-03-01 00:00:00",12:05,2,1730,no,no,"no (EMPTY)"
2463,34863,2,closed,"2025-02-27 00:00:00",14:33:00,"2025-02-28 00:00:00",17:29:00,2,1840,no,no,"no (EMPTY)"
2462,34858,2,closed,"2025-02-27 00:00:00",10:45:00,"2025-03-03 00:00:00",19:21:00,5,1755,no,no,"no (EMPTY)"
2473,34895,2,closed,"2025-02-28 00:00:00",17:28:00,"2025-03-03 00:00:00",21:39,4,1850,no,no,"no (EMPTY)"
2472,34893,2,closed,"2025-02-28 00:00:00",17:16:26,"2025-03-06 00:00:00",19:42,6,1776,no,no,"no (EMPTY)"
2471,34890,2,closed,"2025-02-28 00:00:00",16:45:00,"2025-02-28 00:00:00",17:20:00,0,1748,no,no,"no (EMPTY)"
2470,34888,2,closed,"2025-02-28 00:00:00",15:50:00,"2025-03-01 00:00:00",12:00:00,1,1808,no,no,"no (EMPTY)"
2469,34886,2,closed,"2025-02-28 00:00:00",15:03:00,"2025-02-28 00:00:00",20:10:00,1,1872,no,no,"no (EMPTY)"
2474,34899,2,closed,"2025-02-28 00:00:00",20:30:00,"2025-03-02 00:00:00",19:37:00,2,1831,no,no,"no (EMPTY)"
2482,34917,2,closed,"2025-03-01 00:00:00",22:32:00,"2025-03-06 00:00:00",22:15,5,1824,no,no,"no (EMPTY)"
2481,34916,2,closed,"2025-03-01 00:00:00",21:45:00,"2025-03-04 00:00:00",14:21,3,1862,no,no,"no (EMPTY)"
2480,34914,2,closed,"2025-03-01 00:00:00",20:46:00,"2025-03-01 00:00:00",22:39:00,0,1800,no,no,"no (EMPTY)"
2479,34913,2,closed,"2025-03-01 00:00:00",19:54:51,"2025-03-04 00:00:00",10:19,3,1834,no,no,"no (EMPTY)"
2478,34911,2,closed,"2025-03-01 00:00:00",19:51:00,"2025-03-03 00:00:00",08:22,2,1734,no,no,"no (EMPTY)"
2477,34909,2,closed,"2025-03-01 00:00:00",15:14:00,"2025-03-03 00:00:00",11:44,2,1736,no,no,"no (EMPTY)"
2476,34908,2,closed,"2025-03-01 00:00:00",14:30:00,"2025-03-01 00:00:00",17:04,1,1885,no,no,"no (EMPTY)"
2475,34907,2,closed,"2025-03-01 00:00:00",14:30:00,"2025-03-01 00:00:00",18:00:00,1,1738,no,no,"no (EMPTY)"
2487,34935,2,closed,"2025-03-02 00:00:00",22:38:00,"2025-03-03 00:00:00",14:19,1,1743,no,no,"no (EMPTY)"
2486,34934,2,closed,"2025-03-02 00:00:00",21:29:00,"2025-03-06 00:00:00",18:00:00,4,1812,no,no,"no (EMPTY)"
2485,34932,2,closed,"2025-03-02 00:00:00",20:15:00,"2025-03-03 00:00:00",16:20:00,1,1836,no,no,"no (EMPTY)"
2484,34927,2,closed,"2025-03-02 00:00:00",16:40:16,"2025-03-03 00:00:00",15:00:00,1,1782,no,no,"no (EMPTY)"
2483,34924,2,closed,"2025-03-02 00:00:00",14:36:00,"2025-03-02 00:00:00",16:44,0,1702,no,no,"no (EMPTY)"
2490,34950,2,closed,"2025-03-03 00:00:00",15:18:00,"2025-03-12 00:00:00",19:44:00,10,1806,no,no,"no (EMPTY)"
2489,34949,2,closed,"2025-03-03 00:00:00",14:52:00,"2025-03-04 00:00:00",14:21,1,1818,no,no,"no (EMPTY)"
2488,34946,2,closed,"2025-03-03 00:00:00",14:00:00,"2025-03-05 00:00:00",11:00:00,2,1861,no,no,"no (EMPTY)"
2495,34983,2,closed,"2025-03-04 00:00:00",21:22:00,"2025-03-04 00:00:00",23:16:00,0,1813,no,no,"no (EMPTY)"
2494,34977,2,closed,"2025-03-04 00:00:00",12:07:00,"2025-03-22 00:00:00",11:00:00,18,1869,no,no,"no (EMPTY)"
2493,34970,2,closed,"2025-03-04 00:00:00",14:41:14,"2025-03-05 00:00:00",19:56,2,1864,no,no,"no (EMPTY)"
2492,34968,2,closed,"2025-03-04 00:00:00",10:48:00,"2025-03-04 00:00:00",12:39:00,0,1773,no,no,"no (EMPTY)"
2491,34965,2,closed,"2025-03-04 00:00:00",11:22:40,"2025-03-06 00:00:00",21:18,3,1737,no,no,"no (EMPTY)"
2499,35006,2,closed,"2025-03-05 00:00:00",20:44:00,"2025-03-07 00:00:00",14:42:00,2,1797,no,no,"no (EMPTY)"
2498,35005,2,closed,"2025-03-05 00:00:00",19:54:00,"2025-03-06 00:00:00",15:27:00,1,1767,no,no,"no (EMPTY)"
2497,35000,2,closed,"2025-03-05 00:00:00",15:20:00,"2025-03-06 00:00:00",14:32,1,1881,no,no,"no (EMPTY)"
2496,34997,2,closed,"2025-03-05 00:00:00",13:43:00,"2025-03-06 00:00:00",15:26:00,1,1830,no,no,"no (EMPTY)"
2505,35027,2,closed,"2025-03-06 00:00:00",23:34:00,"2025-03-07 00:00:00",15:30,1,1815,no,no,"no (EMPTY)"
2504,35026,2,closed,"2025-03-06 00:00:00",22:52:00,"2025-03-07 00:00:00",22:05:00,1,1780,no,no,"no (EMPTY)"
2503,35017,2,closed,"2025-03-06 00:00:00",15:43:00,"2025-03-08 00:00:00",17:14,2,1729,no,no,"no (EMPTY)"
2502,35016,2,closed,"2025-03-06 00:00:00",15:12:00,"2025-03-07 00:00:00",20:14:00,2,1836,no,no,"no (EMPTY)"
2501,35015,2,closed,"2025-03-06 00:00:00",14:03:00,"2025-03-07 00:00:00",11:38:00,1,1884,no,no,"no (EMPTY)"
2500,35012,2,closed,"2025-03-06 00:00:00",12:58:00,"2025-03-06 00:00:00",13:51:00,0,1851,no,no,"no (EMPTY)"
2509,35044,2,closed,"2025-03-07 00:00:00",20:08:00,"2025-03-09 00:00:00",16:46,2,1840,no,no,"no (EMPTY)"
2508,35039,2,closed,"2025-03-07 00:00:00",14:05:00,"2025-03-08 00:00:00",15:00:00,1,1774,no,no,"no (EMPTY)"
2507,35035,2,closed,"2025-03-07 00:00:00",12:20:00,"2025-03-10 00:00:00",13:00:00,3,1821,no,no,"no (EMPTY)"
2506,35034,2,closed,"2025-03-07 00:00:00",11:52:00,"2025-03-07 00:00:00",13:27,0,1762,no,no,"no (EMPTY)"
2510,35047,2,closed,"2025-03-07 00:00:00",21:41:00,"2025-03-07 00:00:00",22:41:00,0,1752,no,no,"no (EMPTY)"
2519,35072,2,closed,"2025-03-08 00:00:00",23:37:00,"2025-03-14 00:00:00",15:30:00,6,1795,no,no,"no (EMPTY)"
2518,35070,2,closed,"2025-03-08 00:00:00",22:06:00,"2025-03-08 00:00:00",22:56:00,0,1772,no,no,"no (EMPTY)"
2517,35068,2,closed,"2025-03-08 00:00:00",20:19:00,"2025-03-14 00:00:00",17:52,6,1743,no,no,"no (EMPTY)"
2516,35067,2,closed,"2025-03-08 00:00:00",20:16:00,"2025-03-09 00:00:00",20:09,1,1742,no,no,"no (EMPTY)"
2515,35060,2,closed,"2025-03-08 00:00:00",15:19:32,"2025-03-08 00:00:00",16:19:00,0,1843,no,no,"no (EMPTY)"
2514,35056,2,closed,"2025-03-08 00:00:00",14:00:00,"2025-03-08 00:00:00",19:53:00,1,1809,no,no,"no (EMPTY)"
2513,35054,2,closed,"2025-03-08 00:00:00",13:08:00,"2025-03-09 00:00:00",22:10:00,2,1756,no,no,"no (EMPTY)"
2512,35053,2,closed,"2025-03-08 00:00:00",12:33:00,"2025-03-09 00:00:00",15:04,2,1885,no,no,"no (EMPTY)"
2511,35051,2,closed,"2025-03-08 00:00:00",12:14:00,"2025-03-09 00:00:00",16:17:00,2,1793,no,no,"no (EMPTY)"
2525,35098,2,closed,"2025-03-09 00:00:00",22:27:00,"2025-03-11 00:00:00",11:42,2,1737,no,no,"no (EMPTY)"
2524,35097,2,closed,"2025-03-09 00:00:00",21:54:00,"2025-03-09 00:00:00",22:32:00,0,1748,no,no,"no (EMPTY)"
2523,35093,2,closed,"2025-03-09 00:00:00",19:50:00,"2025-03-09 00:00:00",20:36:00,0,1774,no,no,"no (EMPTY)"
2522,35092,2,closed,"2025-03-09 00:00:00",19:13:00,"2025-03-11 00:00:00",13:29:00,2,1796,no,no,"no (EMPTY)"
2521,35083,2,closed,"2025-03-09 00:00:00",14:02:00,"2025-03-10 00:00:00",12:56,1,1755,no,no,"no (EMPTY)"
2520,35082,2,closed,"2025-03-09 00:00:00",12:07:31,"2025-03-12 00:00:00",13:25,3,1776,no,no,"no (EMPTY)"
2531,35118,2,closed,"2025-03-10 00:00:00",22:08:00,"2025-03-10 00:00:00",22:34:00,0,1807,no,no,"no (EMPTY)"
2530,35115,2,closed,"2025-03-10 00:00:00",15:54:34,"2025-03-10 00:00:00",23:29,1,1767,no,no,"no (EMPTY)"
2529,35112,2,closed,"2025-03-10 00:00:00",14:30:00,"2025-03-11 00:00:00",23:01:00,2,1782,no,no,"no (EMPTY)"
2528,35109,2,closed,"2025-03-10 00:00:00",13:36:00,"2025-03-13 00:00:00",10:02,3,1801,no,no,"no (EMPTY)"
2527,35108,2,closed,"2025-03-10 00:00:00",12:39:47,"2025-03-11 00:00:00",19:58:00,2,1788,no,no,"no (EMPTY)"
2526,35106,2,closed,"2025-03-10 00:00:00",11:30:00,"2025-03-13 00:00:00",12:32:00,3,1794,no,no,"no (EMPTY)"
2536,35137,2,closed,"2025-03-11 00:00:00",21:05,"2025-03-13 00:00:00",13:35:00,2,1777,no,no,"no (EMPTY)"
2535,35136,2,closed,"2025-03-11 00:00:00",23:16:00,"2025-03-13 00:00:00",20:10:00,2,1868,no,no,"no (EMPTY)"
2534,35128,2,closed,"2025-03-11 00:00:00",14:43:10,"2025-03-11 00:00:00",15:34,0,1868,no,no,"no (EMPTY)"
2533,35125,2,closed,"2025-03-11 00:00:00",12:52:02,"2025-03-11 00:00:00",14:27,0,1822,no,no,"no (EMPTY)"
2532,35124,2,closed,"2025-03-11 00:00:00",11:37:16,"2025-03-11 00:00:00",15:35,1,1830,no,no,"no (EMPTY)"
2539,35159,2,closed,"2025-03-12 00:00:00",20:41:00,"2025-03-13 00:00:00",23:48,2,1861,no,no,"no (EMPTY)"
2538,35154,2,closed,"2025-03-12 00:00:00",15:34:00,"2025-03-29 00:00:00",15:22,17,1841,no,no,"no (EMPTY)"
2537,35150,2,closed,"2025-03-12 00:00:00",13:17:00,"2025-03-12 00:00:00",15:37:00,0,1887,no,no,"no (EMPTY)"
2546,35180,2,closed,"2025-03-13 00:00:00",22:46:17,"2025-03-15 00:00:00",15:34:00,2,1850,no,no,"no (EMPTY)"
2545,35179,2,closed,"2025-03-13 00:00:00",20:55:00,"2025-03-13 00:00:00",22:20:00,0,1818,no,no,"no (EMPTY)"
2544,35172,2,closed,"2025-03-13 00:00:00",14:33:00,"2025-03-14 00:00:00",11:14,1,1851,no,no,"no (EMPTY)"
2543,35170,2,closed,"2025-03-13 00:00:00",13:38:00,"2025-03-13 00:00:00",15:52,0,1812,no,no,"no (EMPTY)"
2542,35169,2,closed,"2025-03-13 00:00:00",13:20:00,"2025-03-15 00:00:00",12:18:00,2,1784,no,no,"no (EMPTY)"
2541,35168,2,closed,"2025-03-13 00:00:00",13:24:00,"2025-03-13 00:00:00",14:10:00,0,1872,no,no,"no (EMPTY)"
2553,35205,2,closed,"2025-03-14 00:00:00",22:46:47,"2025-03-15 00:00:00",15:12:00,1,1800,no,no,"no (EMPTY)"
2552,35203,2,closed,"2025-03-14 00:00:00",22:42:19,"2025-03-15 00:00:00",00:10:00,1,1742,no,no,"no (EMPTY)"
2551,35202,2,closed,"2025-03-14 00:00:00",21:45:29,"2025-03-14 00:00:00",23:07:00,0,1776,no,no,"no (EMPTY)"
2550,35201,2,closed,"2025-03-14 00:00:00",21:05:00,"2025-03-14 00:00:00",22:09:00,0,1729,no,no,"no (EMPTY)"
2549,35200,2,closed,"2025-03-14 00:00:00",20:15:00,"2025-03-15 00:00:00",22:35:00,1,1837,no,no,"no (EMPTY)"
2548,35194,2,closed,"2025-03-14 00:00:00",14:37:00,"2025-03-15 00:00:00",00:40:00,1,1791,no,no,"no (EMPTY)"
2547,35191,2,closed,"2025-03-14 00:00:00",12:07:00,"2025-03-14 00:00:00",13:22:00,0,1756,no,no,"no (EMPTY)"
2560,35223,2,closed,"2025-03-15 00:00:00",22:33:00,"2025-03-20 00:00:00",16:52:00,5,1773,no,no,"no (EMPTY)"
2559,35222,2,closed,"2025-03-15 00:00:00",21:45:00,"2025-03-15 00:00:00",22:16:00,0,1884,no,no,"no (EMPTY)"
2558,35219,2,closed,"2025-03-15 00:00:00",20:15:00,"2025-03-15 00:00:00",21:35:00,0,1781,no,no,"no (EMPTY)"
2557,35213,2,closed,"2025-03-15 00:00:00",14:58:00,"2025-03-15 00:00:00",23:50:00,1,1830,no,no,"no (EMPTY)"
2556,35212,2,closed,"2025-03-15 00:00:00",13:59:17,"2025-03-15 00:00:00",14:37:00,0,1822,no,no,"no (EMPTY)"
2555,35211,2,closed,"2025-03-15 00:00:00",13:10:09,"2025-03-17 00:00:00",17:14:00,3,1768,no,no,"no (EMPTY)"
2554,35209,2,closed,"2025-03-15 00:00:00",12:30:33,"2025-03-15 00:00:00",13:36:00,0,1886,no,no,"no (EMPTY)"
2565,35240,2,closed,"2025-03-16 00:00:00",22:08:00,"2025-03-17 00:00:00",23:40:00,1,1778,no,no,"no (EMPTY)"
2564,35239,2,closed,"2025-03-16 00:00:00",21:16:00,"2025-03-17 00:00:00",17:15,1,1772,no,no,"no (EMPTY)"
2563,35231,2,closed,"2025-03-16 00:00:00",14:48:00,"2025-03-16 00:00:00",15:11,0,1782,no,no,"no (EMPTY)"
2562,35229,2,closed,"2025-03-16 00:00:00",13:18:32,"2025-03-19 00:00:00",13:08:00,3,1757,no,no,"no (EMPTY)"
2561,35228,2,closed,"2025-03-16 00:00:00",12:18:48,"2025-03-16 00:00:00",21:38,1,1780,no,no,"no (EMPTY)"
2567,35257,2,closed,"2025-03-17 00:00:00",23:00:00,"2025-03-20 00:00:00",15:35,3,1712,no,no,"no (EMPTY)"
2566,35250,2,closed,"2025-03-17 00:00:00",15:57:00,"2025-03-18 00:00:00",00:24:00,1,1824,no,no,"no (EMPTY)"
2574,35276,2,closed,"2025-03-18 00:00:00",22:30:00,"2025-03-18 00:00:00",23:14:00,0,1809,no,no,"no (EMPTY)"
2573,35274,2,closed,"2025-03-18 00:00:00",21:00:00,"2025-03-18 00:00:00",22:10:00,0,1812,no,no,"no (EMPTY)"
2572,35269,2,closed,"2025-03-18 00:00:00",14:30:00,"2025-03-18 00:00:00",15:18:00,0,1743,no,no,"no (EMPTY)"
2571,35268,2,closed,"2025-03-18 00:00:00",13:30:00,"2025-03-18 00:00:00",23:00:00,1,1813,no,no,"no (EMPTY)"
2570,35264,2,closed,"2025-03-18 00:00:00",12:24:00,"2025-03-19 00:00:00",15:58,2,1781,no,no,"no (EMPTY)"
2569,35263,2,closed,"2025-03-18 00:00:00",12:13:44,"2025-03-19 00:00:00",15:04:00,2,1736,no,no,"no (EMPTY)"
2568,35262,2,closed,"2025-03-18 00:00:00",10:50:00,"2025-03-19 00:00:00",12:09,1,1834,no,no,"no (EMPTY)"
2581,35301,2,closed,"2025-03-19 00:00:00",23:22:00,"2025-03-19 00:00:00",23:50:00,0,1730,no,no,"no (EMPTY)"
2580,35300,2,closed,"2025-03-19 00:00:00",21:00:00,"2025-03-20 00:00:00",15:21,1,1868,no,no,"no (EMPTY)"
2579,35290,2,closed,"2025-03-19 00:00:00",15:06:00,"2025-03-28 00:00:00",09:35,9,1788,no,no,"no (EMPTY)"
2578,35289,2,closed,"2025-03-19 00:00:00",01:35:00,"2025-03-29 00:00:00",14:43:00,11,1755,no,no,"no (EMPTY)"
2577,35288,2,closed,"2025-03-19 00:00:00",14:38:00,"2025-03-21 00:00:00",13:18:00,2,1794,no,no,"no (EMPTY)"
2576,35285,2,closed,"2025-03-19 00:00:00",13:45:00,"2025-03-20 00:00:00",08:49,1,1729,no,no,"no (EMPTY)"
2575,35283,2,closed,"2025-03-19 00:00:00",13:20:58,"2025-03-19 00:00:00",16:02:00,1,1767,no,no,"no (EMPTY)"
2590,35324,2,closed,"2025-03-20 00:00:00",23:37:00,"2025-03-23 00:00:00",02:30:00,3,1886,no,no,"no (EMPTY)"
2589,35323,2,closed,"2025-03-20 00:00:00",22:30:00,"2025-03-20 00:00:00",23:36:00,0,1885,no,no,"no (EMPTY)"
2588,35321,2,closed,"2025-03-20 00:00:00",21:18:00,"2025-03-22 00:00:00",15:00:00,2,1799,no,no,"no (EMPTY)"
2587,35320,2,closed,"2025-03-20 00:00:00",20:14:00,"2025-03-21 00:00:00",20:10:00,1,1784,no,no,"no (EMPTY)"
2586,35317,2,closed,"2025-03-20 00:00:00",19:35:00,"2025-03-20 00:00:00",21:08:00,0,1849,no,no,"no (EMPTY)"
2585,35316,2,closed,"2025-03-20 00:00:00",20:13:00,"2025-03-26 00:00:00",18:23:00,6,1828,no,no,"no (EMPTY)"
2584,35310,2,closed,"2025-03-20 00:00:00",15:18:00,"2025-03-20 00:00:00",16:00:00,0,1753,no,no,"no (EMPTY)"
2583,35307,2,closed,"2025-03-20 00:00:00",14:28:00,"2025-03-21 00:00:00",20:49,2,1815,no,no,"no (EMPTY)"
2582,35306,2,closed,"2025-03-20 00:00:00",14:15:00,"2025-03-21 00:00:00",14:27,1,1782,no,no,"no (EMPTY)"
2593,35335,2,closed,"2025-03-21 00:00:00",22:00:00,"2025-03-22 00:00:00",00:10:00,1,1781,no,no,"no (EMPTY)"
2592,35334,2,closed,"2025-03-21 00:00:00",21:03:00,"2025-03-23 00:00:00",22:05:00,2,1820,no,no,"no (EMPTY)"
2591,35328,2,closed,"2025-03-21 00:00:00",14:18:00,"2025-03-21 00:00:00",23:48:00,1,1802,no,no,"no (EMPTY)"
2597,35349,2,closed,"2025-03-22 00:00:00",16:45:00,"2025-03-24 00:00:00",14:17:00,2,1736,no,no,"no (EMPTY)"
2596,35346,2,closed,"2025-03-22 00:00:00",13:33:00,"2025-03-26 00:00:00",08:58,4,1754,no,no,"no (EMPTY)"
2595,35344,2,closed,"2025-03-22 00:00:00",12:10:00,"2025-04-06 00:00:00",16:30,16,1892,no,no,"no (EMPTY)"
2594,35343,2,closed,"2025-03-22 00:00:00",12:07:13,"2025-03-22 00:00:00",14:02:00,0,1737,no,no,"no (EMPTY)"
2600,35356,2,closed,"2025-03-22 00:00:00",23:23:00,"2025-03-23 00:00:00",00:18:00,1,1730,no,no,"no (EMPTY)"
2599,35355,2,closed,"2025-03-22 00:00:00",21:22:00,"2025-03-23 00:00:00",10:26,1,1887,no,no,"no (EMPTY)"
2598,35353,2,closed,"2025-03-22 00:00:00",19:50:00,"2025-03-24 00:00:00",15:06,2,1789,no,no,"no (EMPTY)"
2605,35379,2,closed,"2025-03-23 00:00:00",19:18:00,"2025-05-17 00:00:00",17:17:00,55,1778,no,no,"no (EMPTY)"
2604,35377,2,closed,"2025-03-23 00:00:00",22:40:00,"2025-03-24 00:00:00",23:58:00,1,1801,no,no,"no (EMPTY)"
2603,35373,2,closed,"2025-03-23 00:00:00",20:45:00,"2025-03-26 00:00:00",11:46,3,1803,no,no,"no (EMPTY)"
2602,35372,2,closed,"2025-03-23 00:00:00",20:10:00,"2025-03-24 00:00:00",12:09:00,1,1730,no,no,"no (EMPTY)"
2601,35366,2,closed,"2025-03-23 00:00:00",15:37:00,"2025-03-24 00:00:00",01:15:00,1,1851,no,no,"no (EMPTY)"
2616,35430,2,closed,"2025-03-24 00:00:00",09:45:00,"2025-03-29 00:00:00",21:50:00,6,1846,no,no,"no (EMPTY)"
2607,35389,2,closed,"2025-03-24 00:00:00",15:40:00,"2025-04-01 00:00:00",13:31,8,1748,no,no,"no (EMPTY)"
2606,35387,2,closed,"2025-03-24 00:00:00",14:48:00,"2025-03-24 00:00:00",20:44:00,1,1786,no,no,"no (EMPTY)"
2613,35414,2,closed,"2025-03-25 00:00:00",21:46:28,"2025-03-25 00:00:00",22:23:00,0,1774,no,no,"no (EMPTY)"
2612,35412,2,closed,"2025-03-25 00:00:00",20:18:00,"2025-03-28 00:00:00",15:21:00,3,1858,no,no,"no (EMPTY)"
2611,35410,2,closed,"2025-03-25 00:00:00",15:31:00,"2025-04-01 00:00:00",17:57,7,1758,no,no,"no (EMPTY)"
2610,35408,2,closed,"2025-03-25 00:00:00",14:43:00,"2025-03-25 00:00:00",20:38:00,1,1815,no,no,"no (EMPTY)"
2609,35407,2,closed,"2025-03-25 00:00:00",13:00:00,"2025-03-27 00:00:00",11:46:00,2,1783,no,no,"no (EMPTY)"
2608,35405,2,closed,"2025-03-25 00:00:00",10:43:00,"2025-03-26 00:00:00",15:58,2,1816,no,no,"no (EMPTY)"
2618,35443,2,closed,"2025-03-26 00:00:00",21:50:00,"2025-03-28 00:00:00",18:24:00,2,1780,no,no,"no (EMPTY)"
2617,35442,2,closed,"2025-03-26 00:00:00",23:18:00,"2025-05-12 00:00:00",12:36:00,47,1893,no,no,"no (EMPTY)"
2615,35427,2,closed,"2025-03-26 00:00:00",14:18:00,"2025-03-26 00:00:00",20:25:00,1,1791,no,no,"no (EMPTY)"
2614,35422,2,closed,"2025-03-26 00:00:00",12:40:00,"2025-03-27 00:00:00",17:45,2,1776,no,no,"no (EMPTY)"
2621,35459,2,closed,"2025-03-27 00:00:00",22:16:00,"2025-03-28 00:00:00",11:05,1,1742,no,no,"no (EMPTY)"
2620,35452,2,closed,"2025-03-27 00:00:00",16:54:07,"2025-03-27 00:00:00",17:50,0,1794,no,no,"no (EMPTY)"
2619,35450,2,closed,"2025-03-27 00:00:00",16:13:00,"2025-03-28 00:00:00",12:42,1,1843,no,no,"no (EMPTY)"
2659,35687,2,closed,"2025-03-28 00:00:00",12:01,"2025-04-10 00:00:00",23:59:00,14,1773,no,no,"no (EMPTY)"
2626,35483,2,closed,"2025-03-28 00:00:00",22:40:00,"2025-04-05 00:00:00",16:29:00,8,1769,no,no,"no (EMPTY)"
2625,35482,2,closed,"2025-03-28 00:00:00",21:35:00,"2025-03-29 00:00:00",10:08,1,1888,no,no,"no (EMPTY)"
2624,35481,2,closed,"2025-03-28 00:00:00",20:35:00,"2025-03-28 00:00:00",21:29:00,0,1885,no,no,"no (EMPTY)"
2623,35470,2,closed,"2025-03-28 00:00:00",13:53:52,"2025-03-30 00:00:00",11:46,2,1737,no,no,"no (EMPTY)"
2622,35468,2,closed,"2025-03-28 00:00:00",11:30:00,"2025-03-29 00:00:00",13:43:00,1,1730,no,no,"no (EMPTY)"
2628,35494,2,closed,"2025-03-29 00:00:00",15:37:00,"2025-03-29 00:00:00",20:00,1,1801,no,no,"no (EMPTY)"
2627,35491,2,closed,"2025-03-29 00:00:00",14:20:00,"2025-03-29 00:00:00",15:16:00,0,1852,no,no,"no (EMPTY)"
2632,35538,2,closed,"2025-03-30 00:00:00",22:05:00,"2025-03-31 00:00:00",15:16:00,1,1844,no,no,"no (EMPTY)"
2631,35532,2,closed,"2025-03-30 00:00:00",19:06:00,"2025-03-31 00:00:00",08:33,1,1861,no,no,"no (EMPTY)"
2630,35520,2,closed,"2025-03-30 00:00:00",13:11:14,"2025-03-30 00:00:00",14:06:00,0,1830,no,no,"no (EMPTY)"
2629,35515,2,closed,"2025-03-30 00:00:00",11:32:06,"2025-03-30 00:00:00",12:19:00,0,1812,no,no,"no (EMPTY)"
2637,35574,2,closed,"2025-03-31 00:00:00",20:48:00,"2025-04-01 00:00:00",08:06,1,1873,no,no,"no (EMPTY)"
2636,35566,2,closed,"2025-03-31 00:00:00",18:45:00,"2025-04-01 00:00:00",10:34,1,1772,no,no,"no (EMPTY)"
2635,35562,2,closed,"2025-03-31 00:00:00",16:33:00,"2025-03-31 00:00:00",19:21:00,1,1862,no,no,"no (EMPTY)"
2634,35553,2,closed,"2025-03-31 00:00:00",13:38:00,"2025-03-31 00:00:00",16:13,1,1791,no,no,"no (EMPTY)"
2633,35548,2,closed,"2025-03-31 00:00:00",12:21:00,"2025-03-31 00:00:00",13:23:00,0,1869,no,no,"no (EMPTY)"
2640,35598,2,closed,"2025-04-01 00:00:00",16:00:00,"2025-04-01 00:00:00",17:00,0,1820,no,no,"no (EMPTY)"
2639,35592,2,closed,"2025-04-01 00:00:00",13:09:53,"2025-04-01 00:00:00",14:30:00,0,1738,no,no,"no (EMPTY)"
2638,35589,2,closed,"2025-04-01 00:00:00",11:15:00,"2025-04-01 00:00:00",12:01,0,1729,no,no,"no (EMPTY)"
2645,35627,2,closed,"2025-04-02 00:00:00",18:40:00,"2025-04-02 00:00:00",22:20:00,1,1858,no,no,"no (EMPTY)"
2644,35624,2,closed,"2025-04-02 00:00:00",16:35:00,"2025-04-02 00:00:00",17:44:00,0,1782,no,no,"no (EMPTY)"
2643,35621,2,closed,"2025-04-02 00:00:00",15:45:00,"2025-04-02 00:00:00",16:32:00,0,1743,no,no,"no (EMPTY)"
2642,35619,2,closed,"2025-04-02 00:00:00",14:42:00,"2025-04-04 00:00:00",23:07:00,3,1771,no,no,"no (EMPTY)"
2641,35617,2,closed,"2025-04-02 00:00:00",14:05:00,"2025-04-02 00:00:00",19:09,1,1734,no,no,"no (EMPTY)"
2653,35659,2,closed,"2025-04-03 00:00:00",21:55:00,"2025-04-04 00:00:00",15:57,1,1875,no,no,"no (EMPTY)"
2652,35657,2,closed,"2025-04-03 00:00:00",20:48:00,"2025-04-04 00:00:00",18:17,1,1844,no,no,"no (EMPTY)"
2651,35652,2,closed,"2025-04-03 00:00:00",19:34:00,"2025-04-07 00:00:00",13:52,4,1730,no,no,"no (EMPTY)"
2650,35650,2,closed,"2025-04-03 00:00:00",16:52:00,"2025-04-03 00:00:00",17:50:00,0,1824,no,no,"no (EMPTY)"
2649,35646,2,closed,"2025-04-03 00:00:00",15:40:00,"2025-04-10 00:00:00",21:27:00,8,1770,no,no,"no (EMPTY)"
2648,35643,2,closed,"2025-04-03 00:00:00",14:03:00,"2025-04-11 00:00:00",00:23,8,1735,no,no,"no (EMPTY)"
2647,35641,2,closed,"2025-04-03 00:00:00",13:08:05,"2025-04-03 00:00:00",23:40:00,1,1732,no,no,"no (EMPTY)"
2646,35633,2,closed,"2025-04-03 00:00:00",00:02:50,"2025-04-04 00:00:00",22:56:00,2,1793,no,no,"no (EMPTY)"
2658,35684,2,closed,"2025-04-04 00:00:00",19:19:00,"2025-04-04 00:00:00",20:31,0,1802,no,no,"no (EMPTY)"
2657,35678,2,closed,"2025-04-04 00:00:00",17:20:00,"2025-04-07 00:00:00",19:10:00,3,1790,no,no,"no (EMPTY)"
2656,35673,2,closed,"2025-04-04 00:00:00",15:00:00,"2025-04-04 00:00:00",20:53,1,1808,no,no,"no (EMPTY)"
2655,35672,2,closed,"2025-04-04 00:00:00",13:47:00,"2025-04-05 00:00:00",12:31,1,1873,no,no,"no (EMPTY)"
2654,35670,2,closed,"2025-04-04 00:00:00",11:35:00,"2025-04-04 00:00:00",12:36:00,0,1837,no,no,"no (EMPTY)"
2664,35704,2,closed,"2025-04-05 00:00:00",17:00:56,"2025-04-05 00:00:00",23:10:00,1,1784,no,no,"no (EMPTY)"
2663,35702,2,closed,"2025-04-05 00:00:00",16:15:00,"2025-04-07 00:00:00",11:00,2,1859,no,no,"no (EMPTY)"
2662,35700,2,closed,"2025-04-05 00:00:00",15:22:00,"2025-04-06 00:00:00",15:41,1,1776,no,no,"no (EMPTY)"
2661,35697,2,closed,"2025-04-05 00:00:00",13:37:00,"2025-04-06 00:00:00",18:38:00,2,1748,no,no,"no (EMPTY)"
2660,35694,2,closed,"2025-04-05 00:00:00",12:00:00,"2025-04-25 00:00:00",16:00:00,21,1894,no,no,"no (EMPTY)"
2667,35721,2,closed,"2025-04-06 00:00:00",14:44:10,"2025-04-07 00:00:00",15:26,1,1836,no,no,"no (EMPTY)"
2666,35718,2,closed,"2025-04-06 00:00:00",13:25:00,"2025-04-11 00:00:00",11:33:00,5,1857,no,no,"no (EMPTY)"
2665,35715,2,closed,"2025-04-06 00:00:00",12:30:00,"2025-04-08 00:00:00",12:56:00,2,1851,no,no,"no (EMPTY)"
2671,35762,2,closed,"2025-04-07 00:00:00",23:16:00,"2025-04-08 00:00:00",18:32:00,1,1782,no,no,"no (EMPTY)"
2670,35756,2,closed,"2025-04-07 00:00:00",17:06:00,"2025-04-08 00:00:00",18:33:00,1,1873,no,no,"no (EMPTY)"
2669,35755,2,closed,"2025-04-07 00:00:00",16:34:17,"2025-04-08 00:00:00",16:58,1,1875,no,no,"no (EMPTY)"
2668,35751,2,closed,"2025-04-07 00:00:00",13:55:00,"2025-04-11 00:00:00",11:01,4,1801,no,no,"no (EMPTY)"
2681,35789,2,closed,"2025-04-08 00:00:00",22:51:00,"2025-04-09 00:00:00",23:41:00,1,1864,no,no,"no (EMPTY)"
2680,35788,2,closed,"2025-04-08 00:00:00",22:32:38,"2025-04-10 00:00:00",20:37:00,2,1840,no,no,"no (EMPTY)"
2679,35786,2,closed,"2025-04-08 00:00:00",21:51:17,"2025-04-09 00:00:00",18:33,1,1757,no,no,"no (EMPTY)"
2678,35780,2,closed,"2025-04-08 00:00:00",18:20:47,"2025-04-11 00:00:00",18:01:00,3,1837,no,no,"no (EMPTY)"
2677,35778,2,closed,"2025-04-08 00:00:00",16:44:00,"2025-04-09 00:00:00",20:19,2,1799,no,no,"no (EMPTY)"
2676,35775,2,closed,"2025-04-08 00:00:00",14:33:00,"2025-04-08 00:00:00",16:42:00,0,1883,no,no,"no (EMPTY)"
2675,35773,2,closed,"2025-04-08 00:00:00",13:55:00,"2025-04-14 00:00:00",18:05,7,1805,no,no,"no (EMPTY)"
2674,35772,2,closed,"2025-04-08 00:00:00",13:50:00,"2025-04-08 00:00:00",18:04:00,1,1885,no,no,"no (EMPTY)"
2673,35771,2,closed,"2025-04-08 00:00:00",13:45:00,"2025-04-08 00:00:00",23:35,1,1809,no,no,"no (EMPTY)"
2672,35763,2,closed,"2025-04-08 00:00:00",00:46:00,"2025-04-09 00:00:00",19:36:00,2,1810,no,no,"no (EMPTY)"
2685,35808,2,closed,"2025-04-09 00:00:00",21:47:00,"2025-04-10 00:00:00",12:36,1,1780,no,no,"no (EMPTY)"
2684,35806,2,closed,"2025-04-09 00:00:00",19:26:00,"2025-04-11 00:00:00",16:34,2,1841,no,no,"no (EMPTY)"
2683,35800,2,closed,"2025-04-09 00:00:00",15:20:00,"2025-04-09 00:00:00",20:33:00,1,1870,no,no,"no (EMPTY)"
2682,35799,2,closed,"2025-04-09 00:00:00",14:29:00,"2025-04-09 00:00:00",16:35:00,0,1772,no,no,"no (EMPTY)"
2690,35826,2,closed,"2025-04-10 00:00:00",21:00:00,"2025-04-11 00:00:00",19:24,1,1880,no,no,"no (EMPTY)"
2689,35825,2,closed,"2025-04-10 00:00:00",18:44:00,"2025-04-12 00:00:00",12:16,2,1776,no,no,"no (EMPTY)"
2688,35823,2,closed,"2025-04-10 00:00:00",18:28:14,"2025-04-13 00:00:00",14:19,3,1854,no,no,"no (EMPTY)"
2687,35822,2,closed,"2025-04-10 00:00:00",18:22:35,"2025-04-14 00:00:00",20:35:00,4,1872,no,no,"no (EMPTY)"
2686,35812,2,closed,"2025-04-10 00:00:00",11:54:35,"2025-04-10 00:00:00",15:03,1,1783,no,no,"no (EMPTY)"
2724,36009,2,closed,"2025-04-10 00:00:00",23:10:00,"2025-04-18 00:00:00",16:55:00,8,1847,no,no,"no (EMPTY)"
2696,35858,2,closed,"2025-04-11 00:00:00",02:00:00,"2025-06-02 00:00:00",22:25:00,53,1743,no,no,"no (EMPTY)"
2695,35853,2,closed,"2025-04-11 00:00:00",19:55:00,"2025-04-14 00:00:00",01:04:00,3,1863,no,no,"no (EMPTY)"
2694,35844,2,closed,"2025-04-11 00:00:00",17:26:00,"2025-04-13 00:00:00",01:26:00,2,1873,no,no,"no (EMPTY)"
2693,35841,2,closed,"2025-04-11 00:00:00",16:16:00,"2025-04-11 00:00:00",17:50:00,0,1734,no,no,"no (EMPTY)"
2692,35837,2,closed,"2025-04-11 00:00:00",15:29:00,"2025-04-11 00:00:00",22:03:00,1,1781,no,no,"no (EMPTY)"
2691,35836,2,closed,"2025-04-11 00:00:00",13:55:00,"2025-04-11 00:00:00",15:37:00,0,1777,no,no,"no (EMPTY)"
2698,35866,2,closed,"2025-04-12 00:00:00",13:42:45,"2025-04-15 00:00:00",09:46,3,1804,no,no,"no (EMPTY)"
2697,35865,2,closed,"2025-04-12 00:00:00",13:13:00,"2025-04-13 00:00:00",16:51:00,2,1822,no,no,"no (EMPTY)"
2704,35888,2,closed,"2025-04-12 00:00:00",23:23:00,"2025-04-15 00:00:00",09:45,3,1797,no,no,"no (EMPTY)"
2703,35886,2,closed,"2025-04-12 00:00:00",18:30:00,"2025-04-16 00:00:00",17:50:00,4,1808,no,no,"no (EMPTY)"
2702,35882,2,closed,"2025-04-12 00:00:00",16:30:00,"2025-04-14 00:00:00",22:37:00,3,1729,no,no,"no (EMPTY)"
2701,35879,2,closed,"2025-04-12 00:00:00",17:34:00,"2025-04-14 00:00:00",10:52,2,1851,no,no,"no (EMPTY)"
2700,35872,2,closed,"2025-04-12 00:00:00",16:00:00,"2025-04-14 00:00:00",17:56,2,1750,no,no,"no (EMPTY)"
2699,35870,2,closed,"2025-04-12 00:00:00",14:50:00,"2025-04-15 00:00:00",08:02,3,1767,no,no,"no (EMPTY)"
2705,35908,2,closed,"2025-04-13 00:00:00",19:29:00,"2025-04-18 00:00:00",15:49:00,5,1794,no,no,"no (EMPTY)"
2710,35927,2,closed,"2025-04-14 00:00:00",20:22:00,"2025-04-16 00:00:00",19:18,2,1758,no,no,"no (EMPTY)"
2709,35926,2,closed,"2025-04-14 00:00:00",20:23:11,"2025-04-15 00:00:00",22:30:00,1,1812,no,no,"no (EMPTY)"
2708,35925,2,closed,"2025-04-14 00:00:00",20:02:00,"2025-04-14 00:00:00",22:38:00,0,1881,no,no,"no (EMPTY)"
2707,35922,2,closed,"2025-04-14 00:00:00",18:13:00,"2025-04-15 00:00:00",21:35:00,2,1742,no,no,"no (EMPTY)"
2706,35920,2,closed,"2025-04-14 00:00:00",14:31:00,"2025-04-14 00:00:00",21:14,1,1776,no,no,"no (EMPTY)"
2718,35962,2,closed,"2025-04-15 00:00:00",20:28:00,"2025-04-15 00:00:00",22:21:00,0,1793,no,no,"no (EMPTY)"
2717,35959,2,closed,"2025-04-15 00:00:00",18:45:00,"2025-04-15 00:00:00",23:48,1,1770,no,no,"no (EMPTY)"
2716,35958,2,closed,"2025-04-15 00:00:00",18:45:00,"2025-04-22 00:00:00",15:40,7,1868,no,no,"no (EMPTY)"
2715,35957,2,closed,"2025-04-15 00:00:00",18:55:00,"2025-04-16 00:00:00",17:02,1,1769,no,no,"no (EMPTY)"
2714,35951,2,closed,"2025-04-15 00:00:00",17:17:00,"2025-04-15 00:00:00",18:19:00,0,1864,no,no,"no (EMPTY)"
2713,35947,2,closed,"2025-04-15 00:00:00",14:49:00,"2025-04-16 00:00:00",08:09,1,1796,no,no,"no (EMPTY)"
2712,35945,2,closed,"2025-04-15 00:00:00",13:25:00,"2025-04-16 00:00:00",18:56:00,2,1773,no,no,"no (EMPTY)"
2711,35944,2,closed,"2025-04-15 00:00:00",13:17:00,"2025-04-15 00:00:00",15:48,0,1800,no,no,"no (EMPTY)"
2723,35994,2,closed,"2025-04-16 00:00:00",20:22:00,"2025-04-16 00:00:00",21:22:00,0,1830,no,no,"no (EMPTY)"
2722,35984,2,closed,"2025-04-16 00:00:00",18:12:51,"2025-04-18 00:00:00",20:05,2,1812,no,no,"no (EMPTY)"
2721,35976,2,closed,"2025-04-16 00:00:00",14:43:00,"2025-04-19 00:00:00",13:19,3,1737,no,no,"no (EMPTY)"
2720,35975,2,closed,"2025-04-16 00:00:00",13:28:00,"2025-04-16 00:00:00",23:14,1,1780,no,no,"no (EMPTY)"
2719,35973,2,closed,"2025-04-16 00:00:00",12:10:00,"2025-04-17 00:00:00",08:21,1,1843,no,no,"no (EMPTY)"
2726,36015,2,closed,"2025-04-17 00:00:00",18:36:00,"2025-09-11 00:00:00",11:52,147,1823,no,no,"no (EMPTY)"
2725,36010,2,closed,"2025-04-17 00:00:00",16:19:00,"2025-04-18 00:00:00",17:53,1,1757,no,no,"no (EMPTY)"
2734,36044,2,closed,"2025-04-18 00:00:00",21:51:00,"2025-04-18 00:00:00",22:40:00,0,1814,no,no,"no (EMPTY)"
2733,36038,2,closed,"2025-04-18 00:00:00",18:17:00,"2025-04-19 00:00:00",08:30,1,1729,no,no,"no (EMPTY)"
2732,36036,2,closed,"2025-04-18 00:00:00",17:25:00,"2025-04-21 00:00:00",14:51:00,3,1797,no,no,"no (EMPTY)"
2731,36034,2,closed,"2025-04-18 00:00:00",17:18:00,"2025-04-19 00:00:00",08:59,1,1848,no,no,"no (EMPTY)"
2730,36030,2,closed,"2025-04-18 00:00:00",15:17:00,"2025-04-18 00:00:00",16:57:00,0,1859,no,no,"no (EMPTY)"
2729,36028,2,closed,"2025-04-18 00:00:00",14:10:00,"2025-04-18 00:00:00",15:10:00,0,1767,no,no,"no (EMPTY)"
2728,36026,2,closed,"2025-04-18 00:00:00",12:25:00,"2025-04-20 00:00:00",11:07,2,1818,no,no,"no (EMPTY)"
2727,36025,2,closed,"2025-04-18 00:00:00",12:15:00,"2025-04-18 00:00:00",19:45,1,1852,no,no,"no (EMPTY)"
2741,36071,2,closed,"2025-04-19 00:00:00",21:44:00,"2025-04-25 00:00:00",21:35:00,6,1738,no,no,"no (EMPTY)"
2740,36068,2,closed,"2025-04-19 00:00:00",18:45:00,"2025-04-20 00:00:00",14:43:00,1,1786,no,no,"no (EMPTY)"
2739,36066,2,closed,"2025-04-19 00:00:00",18:37:33,"2025-04-19 00:00:00",18:41:00,0,1885,no,no,"no (EMPTY)"
2737,36060,2,closed,"2025-04-19 00:00:00",15:00:00,"2025-04-19 00:00:00",15:52:00,0,1886,no,no,"no (EMPTY)"
2736,36054,2,closed,"2025-04-19 00:00:00",12:32:00,"2025-04-22 00:00:00",16:20,4,1857,no,no,"no (EMPTY)"
2735,36052,2,closed,"2025-04-19 00:00:00",11:10:00,"2025-04-20 00:00:00",13:25:00,1,1883,no,no,"no (EMPTY)"
2747,36090,2,closed,"2025-04-20 00:00:00",19:27:44,"2025-04-21 00:00:00",13:41,1,1859,no,no,"no (EMPTY)"
2746,36088,2,closed,"2025-04-20 00:00:00",18:13:11,"2025-04-24 00:00:00",22:00:00,5,1887,no,no,"no (EMPTY)"
2745,36086,2,closed,"2025-04-20 00:00:00",16:27:00,"2025-04-21 00:00:00",21:59,2,1862,no,no,"no (EMPTY)"
2744,36085,2,closed,"2025-04-20 00:00:00",14:10:00,"2025-04-20 00:00:00",14:44:00,0,1822,no,no,"no (EMPTY)"
2743,36084,2,closed,"2025-04-20 00:00:00",13:12:00,"2025-04-20 00:00:00",20:30:00,1,1870,no,no,"no (EMPTY)"
2742,36083,2,closed,"2025-04-20 00:00:00",12:18:00,"2025-04-20 00:00:00",21:22:00,1,1772,no,no,"no (EMPTY)"
2749,36104,2,closed,"2025-04-21 00:00:00",14:43:52,"2025-04-22 00:00:00",17:11,2,1734,no,no,"no (EMPTY)"
2748,36101,2,closed,"2025-04-21 00:00:00",13:26:51,"2025-04-24 00:00:00",07:52,3,1780,no,no,"no (EMPTY)"
2753,36138,2,closed,"2025-04-22 00:00:00",19:44:00,"2025-04-25 00:00:00",22:45:00,4,1892,no,no,"no (EMPTY)"
2752,36137,2,closed,"2025-04-22 00:00:00",20:35:00,"2025-04-23 00:00:00",16:09,1,1809,no,no,"no (EMPTY)"
2751,36128,2,closed,"2025-04-22 00:00:00",16:12:00,"2025-04-24 00:00:00",15:16,2,1814,no,no,"no (EMPTY)"
2750,36126,2,closed,"2025-04-22 00:00:00",14:25:00,"2025-04-23 00:00:00",13:18,1,1813,no,no,"no (EMPTY)"
2757,36166,2,closed,"2025-04-23 00:00:00",22:37:00,"2025-04-29 00:00:00",15:57,6,1872,no,no,"no (EMPTY)"
2756,36164,2,closed,"2025-04-23 00:00:00",18:54:00,"2025-04-30 00:00:00",16:01,7,1828,no,no,"no (EMPTY)"
2755,36151,2,closed,"2025-04-23 00:00:00",14:43:00,"2025-04-24 00:00:00",21:19:00,2,1815,no,no,"no (EMPTY)"
2754,36150,2,closed,"2025-04-23 00:00:00",14:42:01,"2025-04-24 00:00:00",08:03,1,1873,no,no,"no (EMPTY)"
2762,36188,2,closed,"2025-04-24 00:00:00",19:40:00,"2025-04-26 00:00:00",12:27,2,1729,no,no,"no (EMPTY)"
2761,36187,2,closed,"2025-04-24 00:00:00",18:45:00,"2025-04-25 00:00:00",19:38:00,1,1807,no,no,"no (EMPTY)"
2760,36182,2,closed,"2025-04-24 00:00:00",16:43:00,"2025-04-27 00:00:00",12:26,3,1736,no,no,"no (EMPTY)"
2759,36180,2,closed,"2025-04-24 00:00:00",16:00:00,"2025-04-27 00:00:00",12:17,3,1752,no,no,"no (EMPTY)"
2758,36176,2,closed,"2025-04-24 00:00:00",12:46:29,"2025-04-25 00:00:00",18:00:00,2,1793,no,no,"no (EMPTY)"
2765,36205,2,closed,"2025-04-25 00:00:00",18:52:00,"2025-05-03 00:00:00",16:27:00,8,1869,no,no,"no (EMPTY)"
2764,36200,2,closed,"2025-04-25 00:00:00",16:00:00,"2025-04-26 00:00:00",13:03,1,1848,no,no,"no (EMPTY)"
2763,36199,2,closed,"2025-04-25 00:00:00",14:00:00,"2025-04-25 00:00:00",21:52,1,1826,no,no,"no (EMPTY)"
2770,36234,2,closed,"2025-04-26 00:00:00",20:36:16,"2025-04-26 00:00:00",22:01:00,0,1770,no,no,"no (EMPTY)"
2769,36232,2,closed,"2025-04-26 00:00:00",19:17:00,"2025-05-02 00:00:00",19:12,6,1755,no,no,"no (EMPTY)"
2768,36223,2,closed,"2025-04-26 00:00:00",15:27:07,"2025-04-27 00:00:00",23:08,2,1851,no,no,"no (EMPTY)"
2767,36217,2,closed,"2025-04-26 00:00:00",13:36:00,"2025-05-29 00:00:00",07:47,33,1810,no,no,"no (EMPTY)"
2766,36212,2,closed,"2025-04-26 00:00:00",12:01:35,"2025-04-26 00:00:00",23:00:00,1,1862,no,no,"no (EMPTY)"
2776,36258,2,closed,"2025-04-27 00:00:00",19:56:00,"2025-04-28 00:00:00",10:42:00,1,1782,no,no,"no (EMPTY)"
2775,36255,2,closed,"2025-04-27 00:00:00",18:37:00,"2025-04-27 00:00:00",19:42:00,0,1822,no,no,"no (EMPTY)"
2774,36252,2,closed,"2025-04-27 00:00:00",17:32:15,"2025-04-29 00:00:00",09:57,2,1820,no,no,"no (EMPTY)"
2773,36251,2,closed,"2025-04-27 00:00:00",16:17:00,"2025-04-27 00:00:00",20:42,1,1754,no,no,"no (EMPTY)"
2772,36248,2,closed,"2025-04-27 00:00:00",14:46:37,"2025-04-30 00:00:00",19:14,4,1794,no,no,"no (EMPTY)"
2771,36246,2,closed,"2025-04-27 00:00:00",13:36:41,"2025-04-27 00:00:00",14:46,0,1864,no,no,"no (EMPTY)"
2780,36280,2,closed,"2025-04-28 00:00:00",23:20:00,"2025-05-02 00:00:00",19:34:00,4,1814,no,no,"no (EMPTY)"
2779,36279,2,closed,"2025-04-28 00:00:00",19:40:00,"2025-04-29 00:00:00",15:30,1,1730,no,no,"no (EMPTY)"
2778,36278,2,closed,"2025-04-28 00:00:00",19:00:00,"2025-05-02 00:00:00",09:42,4,1837,no,no,"no (EMPTY)"
2777,36273,2,closed,"2025-04-28 00:00:00",17:50:00,"2025-04-28 00:00:00",21:03,1,1859,no,no,"no (EMPTY)"
2786,36297,2,closed,"2025-04-29 00:00:00",20:57:00,"2025-05-01 00:00:00",16:54,2,1702,no,no,"no (EMPTY)"
2785,36296,2,closed,"2025-04-29 00:00:00",18:56:00,"2025-04-29 00:00:00",21:09,1,1795,no,no,"no (EMPTY)"
2784,36293,2,closed,"2025-04-29 00:00:00",17:12:00,"2025-04-29 00:00:00",18:49:00,0,1859,no,no,"no (EMPTY)"
2783,36292,2,closed,"2025-04-29 00:00:00",16:56:00,"2025-05-05 00:00:00",19:39:00,7,1777,no,no,"no (EMPTY)"
2782,36291,2,closed,"2025-04-29 00:00:00",16:07:00,"2025-05-01 00:00:00",01:47:00,2,1834,no,no,"no (EMPTY)"
2781,36288,2,closed,"2025-04-29 00:00:00",15:20:00,"2025-04-30 00:00:00",10:47,1,1737,no,no,"no (EMPTY)"
2788,36314,2,closed,"2025-04-30 00:00:00",19:25:05,"2025-04-30 00:00:00",21:53:00,0,1830,no,no,"no (EMPTY)"
2787,36309,2,closed,"2025-04-30 00:00:00",16:10:00,"2025-04-30 00:00:00",19:17:00,1,1773,no,no,"no (EMPTY)"
2796,36350,2,closed,"2025-05-01 00:00:00",22:48:33,"2025-05-03 00:00:00",21:14,2,1808,no,no,"no (EMPTY)"
2795,36349,2,closed,"2025-05-01 00:00:00",22:34:40,"2025-05-04 00:00:00",10:10,3,1844,no,no,"no (EMPTY)"
2794,36347,2,closed,"2025-05-01 00:00:00",20:28:00,"2025-05-04 00:00:00",16:35:00,3,1859,no,no,"no (EMPTY)"
2793,36345,2,closed,"2025-05-01 00:00:00",17:58:00,"2025-05-02 00:00:00",16:14,1,1873,no,no,"no (EMPTY)"
2792,36344,2,closed,"2025-05-01 00:00:00",19:17:00,"2025-05-02 00:00:00",13:30,1,1801,no,no,"no (EMPTY)"
2791,36335,2,closed,"2025-05-01 00:00:00",16:00:00,"2025-05-01 00:00:00",16:56,0,1780,no,no,"no (EMPTY)"
2790,36331,2,closed,"2025-05-01 00:00:00",14:30:00,"2025-05-06 00:00:00",21:54,6,1736,no,no,"no (EMPTY)"
2789,36329,2,closed,"2025-05-01 00:00:00",10:49:00,"2025-05-01 00:00:00",19:54,1,1854,no,no,"no (EMPTY)"
2804,36383,2,closed,"2025-05-02 00:00:00",18:15:00,"2025-05-03 00:00:00",21:39:00,2,1774,no,no,"no (EMPTY)"
2799,36372,2,closed,"2025-05-02 00:00:00",21:05:10,"2025-05-02 00:00:00",21:22,0,1804,no,no,"no (EMPTY)"
2798,36362,2,closed,"2025-05-02 00:00:00",15:05:00,"2025-05-03 00:00:00",18:06,2,1857,no,no,"no (EMPTY)"
2797,36359,2,closed,"2025-05-02 00:00:00",12:04:00,"2025-05-03 00:00:00",13:08,1,1782,no,no,"no (EMPTY)"
2810,36399,2,closed,"2025-05-03 00:00:00",20:05:00,"2025-05-03 00:00:00",21:31:00,0,1886,no,no,"no (EMPTY)"
2809,36394,2,closed,"2025-05-03 00:00:00",18:58:00,"2025-05-03 00:00:00",21:36,1,1813,no,no,"no (EMPTY)"
2808,36390,2,closed,"2025-05-03 00:00:00",17:20:00,"2025-05-03 00:00:00",19:08,0,1758,no,no,"no (EMPTY)"
2807,36389,2,closed,"2025-05-03 00:00:00",16:40:00,"2025-05-04 00:00:00",11:30,1,1883,no,no,"no (EMPTY)"
2806,36387,2,closed,"2025-05-03 00:00:00",15:31:00,"2025-05-04 00:00:00",01:20,1,1862,no,no,"no (EMPTY)"
2805,36386,2,closed,"2025-05-03 00:00:00",14:24:07,"2025-05-04 00:00:00",21:46:00,2,1818,no,no,"no (EMPTY)"
2803,36382,2,closed,"2025-05-03 00:00:00",13:22:00,"2025-05-03 00:00:00",16:30,1,1738,no,no,"no (EMPTY)"
2802,36380,2,closed,"2025-05-03 00:00:00",12:00:00,"2025-05-24 00:00:00",14:48:00,21,1897,no,no,"no (EMPTY)"
2801,36379,2,closed,"2025-05-03 00:00:00",12:15:00,"2025-05-07 00:00:00",17:11,5,1824,no,no,"no (EMPTY)"
2800,36377,2,closed,"2025-05-03 00:00:00",11:12:00,"2025-05-06 00:00:00",11:14,3,1825,no,no,"no (EMPTY)"
2814,36420,2,closed,"2025-05-04 00:00:00",18:15:00,"2025-05-05 00:00:00",12:45:00,1,1887,no,no,"no (EMPTY)"
2813,36416,2,closed,"2025-05-04 00:00:00",17:25:13,"2025-05-06 00:00:00",15:35,2,1851,no,no,"no (EMPTY)"
2812,36410,2,closed,"2025-05-04 00:00:00",14:32:22,"2025-05-05 00:00:00",21:00:00,2,1805,no,no,"no (EMPTY)"
2811,36409,2,closed,"2025-05-04 00:00:00",13:05:00,"2025-05-08 00:00:00",12:13:00,4,1729,no,no,"no (EMPTY)"
2816,36440,2,closed,"2025-05-05 00:00:00",22:05:00,"2025-05-07 00:00:00",17:01,2,1768,no,no,"no (EMPTY)"
2815,36438,2,closed,"2025-05-05 00:00:00",19:17:00,"2025-05-07 00:00:00",10:30,2,1771,no,no,"no (EMPTY)"
2821,36460,2,closed,"2025-05-06 00:00:00",18:00:52,"2025-05-06 00:00:00",20:55,0,1738,no,no,"no (EMPTY)"
2820,36456,2,closed,"2025-05-06 00:00:00",16:30:00,"2025-06-03 00:00:00",15:51,28,1780,no,no,"no (EMPTY)"
2819,36449,2,closed,"2025-05-06 00:00:00",12:51:39,"2025-05-08 00:00:00",12:14:00,2,1796,no,no,"no (EMPTY)"
2818,36448,2,closed,"2025-05-06 00:00:00",11:55:00,"2025-05-06 00:00:00",20:34:00,1,1844,no,no,"no (EMPTY)"
2817,36447,2,closed,"2025-05-06 00:00:00",11:56:00,"2025-05-06 00:00:00",22:33:00,1,1812,no,no,"no (EMPTY)"
2827,36486,2,closed,"2025-05-07 00:00:00",22:04:02,"2025-05-11 00:00:00",14:44:00,4,1818,no,no,"no (EMPTY)"
2826,36483,2,closed,"2025-05-07 00:00:00",18:44:00,"2025-05-08 00:00:00",18:11,1,1765,no,no,"no (EMPTY)"
2825,36479,2,closed,"2025-05-07 00:00:00",16:15:00,"2025-05-18 00:00:00",20:28:00,12,1852,no,no,"no (EMPTY)"
2824,36476,2,closed,"2025-05-07 00:00:00",14:14:00,"2025-05-08 00:00:00",10:56,1,1875,no,no,"no (EMPTY)"
2823,36471,2,closed,"2025-05-07 00:00:00",13:07:25,"2025-05-07 00:00:00",14:31,0,1794,no,no,"no (EMPTY)"
2822,36470,2,closed,"2025-05-07 00:00:00",11:10:00,"2025-05-12 00:00:00",13:30:00,5,1896,no,no,"no (EMPTY)"
2834,36505,2,closed,"2025-05-08 00:00:00",20:50:00,"2025-05-09 00:00:00",22:48,1,1742,no,no,"no (EMPTY)"
2833,36503,2,closed,"2025-05-08 00:00:00",20:08:00,"2025-05-09 00:00:00",19:15:00,1,1795,no,no,"no (EMPTY)"
2832,36502,2,closed,"2025-05-08 00:00:00",17:39:00,"2025-05-08 00:00:00",20:36,1,1797,no,no,"no (EMPTY)"
2831,36498,2,closed,"2025-05-08 00:00:00",16:29:00,"2025-05-08 00:00:00",21:40,1,1800,no,no,"no (EMPTY)"
2830,36496,2,closed,"2025-05-08 00:00:00",15:18:00,"2025-05-08 00:00:00",18:09,1,1791,no,no,"no (EMPTY)"
2829,36494,2,closed,"2025-05-08 00:00:00",13:38:00,"2025-05-08 00:00:00",20:04,1,1840,no,no,"no (EMPTY)"
2828,36492,2,closed,"2025-05-08 00:00:00",12:47:00,"2025-05-08 00:00:00",13:34:00,0,1892,no,no,"no (EMPTY)"
2839,36518,2,closed,"2025-05-09 00:00:00",17:20:00,"2025-05-12 00:00:00",21:39,4,1836,no,no,"no (EMPTY)"
2838,36515,2,closed,"2025-05-09 00:00:00",15:57:05,"2025-05-12 00:00:00",15:00:00,3,1857,no,no,"no (EMPTY)"
2837,36514,2,closed,"2025-05-09 00:00:00",15:04:47,"2025-05-11 00:00:00",17:34:00,2,1782,no,no,"no (EMPTY)"
2836,36513,2,closed,"2025-05-09 00:00:00",13:55:00,"2025-05-10 00:00:00",11:19,1,1776,no,no,"no (EMPTY)"
2835,36511,2,closed,"2025-05-09 00:00:00",10:23:00,"2025-05-10 00:00:00",13:29:00,2,1861,no,no,"no (EMPTY)"
2844,36547,2,closed,"2025-05-10 00:00:00",20:41:11,"2025-05-10 00:00:00",21:15:00,0,1859,no,no,"no (EMPTY)"
2843,36546,2,closed,"2025-05-10 00:00:00",19:40:00,"2025-05-12 00:00:00",17:40:00,2,1834,no,no,"no (EMPTY)"
2842,36545,2,closed,"2025-05-10 00:00:00",19:08:00,"2025-05-11 00:00:00",08:24,1,1881,no,no,"no (EMPTY)"
2841,36542,2,closed,"2025-05-10 00:00:00",18:03:56,"2025-05-10 00:00:00",19:00:00,0,1754,no,no,"no (EMPTY)"
2840,36536,2,closed,"2025-05-10 00:00:00",14:02:00,"2025-05-10 00:00:00",18:00:00,1,1864,no,no,"no (EMPTY)"
2846,36562,2,closed,"2025-05-11 00:00:00",17:13:34,"2025-05-13 00:00:00",20:00:00,3,1789,no,no,"no (EMPTY)"
2845,36558,2,closed,"2025-05-11 00:00:00",15:58:32,"2025-05-12 00:00:00",16:57,1,1830,no,no,"no (EMPTY)"
2885,36734,2,closed,"2025-05-12 00:00:00",21:30:00,"2025-05-22 00:00:00",12:48:00,10,1755,no,no,"no (EMPTY)"
2854,36606,2,closed,"2025-05-12 00:00:00",18:20:00,"2025-05-16 00:00:00",22:00:00,5,1737,no,no,"no (EMPTY)"
2851,36591,2,closed,"2025-05-12 00:00:00",20:25:00,"2025-05-13 00:00:00",12:25,1,1765,no,no,"no (EMPTY)"
2850,36584,2,closed,"2025-05-12 00:00:00",17:55:00,"2025-05-14 00:00:00",09:17,2,1774,no,no,"no (EMPTY)"
2849,36582,2,closed,"2025-05-12 00:00:00",17:04:00,"2025-05-12 00:00:00",17:34:00,0,1843,no,no,"no (EMPTY)"
2848,36577,2,closed,"2025-05-12 00:00:00",14:10:29,"2025-05-12 00:00:00",15:32:00,0,1790,no,no,"no (EMPTY)"
2847,36572,2,closed,"2025-05-12 00:00:00",10:39:34,"2025-05-13 00:00:00",23:31:00,2,1788,no,no,"no (EMPTY)"
2859,36615,2,closed,"2025-05-13 00:00:00",20:01:00,"2025-05-14 00:00:00",17:51:00,1,1783,no,no,"no (EMPTY)"
2858,36613,2,closed,"2025-05-13 00:00:00",18:59:00,"2025-05-13 00:00:00",20:00:00,0,1756,no,no,"no (EMPTY)"
2857,36612,2,closed,"2025-05-13 00:00:00",18:01:19,"2025-05-14 00:00:00",22:24,2,1738,no,no,"no (EMPTY)"
2856,36611,2,closed,"2025-05-13 00:00:00",17:06:00,"2025-05-14 00:00:00",14:06:00,1,1777,no,no,"no (EMPTY)"
2855,36607,2,closed,"2025-05-13 00:00:00",16:05:00,"2025-05-16 00:00:00",14:00:00,3,1799,no,no,"no (EMPTY)"
2853,36603,2,closed,"2025-05-13 00:00:00",14:40:00,"2025-05-18 00:00:00",11:20:00,5,1794,no,no,"no (EMPTY)"
2852,36598,2,closed,"2025-05-13 00:00:00",10:22:00,"2025-05-13 00:00:00",19:31:00,1,1742,no,no,"no (EMPTY)"
2863,36635,2,closed,"2025-05-14 00:00:00",17:35:00,"2025-05-18 00:00:00",13:46:00,4,1781,no,no,"no (EMPTY)"
2862,36630,2,closed,"2025-05-14 00:00:00",15:11:00,"2025-05-17 00:00:00",12:46,3,1883,no,no,"no (EMPTY)"
2861,36627,2,closed,"2025-05-14 00:00:00",14:00:00,"2025-05-14 00:00:00",15:54:00,0,1831,no,no,"no (EMPTY)"
2860,36623,2,closed,"2025-05-14 00:00:00",11:55:00,"2025-05-14 00:00:00",19:53:00,1,1741,no,no,"no (EMPTY)"
2869,36668,2,closed,"2025-05-15 00:00:00",20:00:00,"2025-05-15 00:00:00",22:09,0,1862,no,no,"no (EMPTY)"
2868,36663,2,closed,"2025-05-15 00:00:00",18:16:00,"2025-05-15 00:00:00",19:48,0,1815,no,no,"no (EMPTY)"
2867,36661,2,closed,"2025-05-15 00:00:00",17:06:00,"2025-05-17 00:00:00",12:05:00,2,1758,no,no,"no (EMPTY)"
2866,36658,2,closed,"2025-05-15 00:00:00",15:43:00,"2025-05-15 00:00:00",17:24,0,1819,no,no,"no (EMPTY)"
2865,36655,2,closed,"2025-05-15 00:00:00",14:25:00,"2025-05-15 00:00:00",19:39,1,1800,no,no,"no (EMPTY)"
2864,36648,2,closed,"2025-05-15 00:00:00",10:55:01,"2025-05-16 00:00:00",10:47:00,1,1851,no,no,"no (EMPTY)"
2873,36690,2,closed,"2025-05-16 00:00:00",19:47:00,"2025-05-20 00:00:00",20:37:00,4,1803,no,no,"no (EMPTY)"
2872,36683,2,closed,"2025-05-16 00:00:00",16:00:00,"2025-05-17 00:00:00",20:00:00,2,1872,no,no,"no (EMPTY)"
2871,36680,2,closed,"2025-05-16 00:00:00",13:58:00,"2025-05-16 00:00:00",18:30:00,1,1825,no,no,"no (EMPTY)"
2870,36678,2,closed,"2025-05-16 00:00:00",12:25:00,"2025-05-17 00:00:00",16:30:00,2,1875,no,no,"no (EMPTY)"
2882,36724,2,closed,"2025-05-17 00:00:00",20:30:00,"2025-05-20 00:00:00",13:00:00,3,1808,no,no,"no (EMPTY)"
2881,36722,2,closed,"2025-05-17 00:00:00",17:10:00,"2025-05-17 00:00:00",20:08:00,1,1804,no,no,"no (EMPTY)"
2880,36717,2,closed,"2025-05-17 00:00:00",16:11:33,"2025-05-17 00:00:00",16:59:00,0,1840,no,no,"no (EMPTY)"
2879,36715,2,closed,"2025-05-17 00:00:00",15:45:00,"2025-05-19 00:00:00",11:11,2,1888,no,no,"no (EMPTY)"
2878,36708,2,closed,"2025-05-17 00:00:00",14:47:08,"2025-05-17 00:00:00",16:00:00,0,1836,no,no,"no (EMPTY)"
2877,36704,2,closed,"2025-05-17 00:00:00",13:40:00,"2025-05-17 00:00:00",14:30:00,0,1796,no,no,"no (EMPTY)"
2876,36701,2,closed,"2025-05-17 00:00:00",20:17,"2025-05-17 00:00:00",13:30:00,0,1738,no,no,"no (EMPTY)"
2875,36700,2,closed,"2025-05-17 00:00:00",12:17:00,"2025-05-17 00:00:00",15:36:00,1,1786,no,no,"no (EMPTY)"
2874,36698,2,closed,"2025-05-17 00:00:00",22:10:00,"2025-05-19 00:00:00",09:55,2,1702,no,no,"no (EMPTY)"
2891,36759,2,closed,"2025-05-18 00:00:00",20:56:00,"2025-05-23 00:00:00",21:37,5,1903,no,no,"no (EMPTY)"
2890,36758,2,closed,"2025-05-18 00:00:00",20:43:00,"2025-05-19 00:00:00",18:00:00,1,1772,no,no,"no (EMPTY)"
2889,36753,2,closed,"2025-05-18 00:00:00",18:17:00,"2025-05-23 00:00:00",13:25:00,5,1847,no,no,"no (EMPTY)"
2888,36751,2,closed,"2025-05-18 00:00:00",18:05:45,"2025-05-18 00:00:00",22:10:00,1,1776,no,no,"no (EMPTY)"
2887,36744,2,closed,"2025-05-18 00:00:00",15:23:00,"2025-05-18 00:00:00",17:48,0,1892,no,no,"no (EMPTY)"
2886,36741,2,closed,"2025-05-18 00:00:00",12:46:00,"2025-05-23 00:00:00",20:53:00,6,1880,no,no,"no (EMPTY)"
2884,36731,2,closed,"2025-05-18 00:00:00",11:16:52,"2025-05-20 00:00:00",13:40:00,2,1906,no,no,"no (EMPTY)"
2883,36730,2,closed,"2025-05-18 00:00:00",09:12:00,"2025-05-18 00:00:00",18:36:00,1,1905,no,no,"no (EMPTY)"
2898,36785,2,closed,"2025-05-19 00:00:00",21:17:00,"2025-05-22 00:00:00",20:13:00,3,1775,no,no,"no (EMPTY)"
2897,36783,2,closed,"2025-05-19 00:00:00",20:10:00,"2025-05-19 00:00:00",21:12:00,0,1884,no,no,"no (EMPTY)"
2896,36782,2,closed,"2025-05-19 00:00:00",19:00:00,"2025-05-20 00:00:00",09:14,1,1875,no,no,"no (EMPTY)"
2895,36780,2,closed,"2025-05-19 00:00:00",18:20:00,"2025-05-19 00:00:00",19:19:00,0,1812,no,no,"no (EMPTY)"
2894,36777,2,closed,"2025-05-19 00:00:00",16:06:42,"2025-05-20 00:00:00",12:35,1,1791,no,no,"no (EMPTY)"
2893,36775,2,closed,"2025-05-19 00:00:00",14:33:00,"2025-05-19 00:00:00",15:10:00,0,1891,no,no,"no (EMPTY)"
2892,36770,2,closed,"2025-05-19 00:00:00",13:36:48,"2025-05-21 00:00:00",14:13:00,2,1818,no,no,"no (EMPTY)"
2900,36801,2,closed,"2025-05-20 00:00:00",14:42:20,"2025-05-20 00:00:00",19:00:00,1,1896,no,no,"no (EMPTY)"
2899,36796,2,closed,"2025-05-20 00:00:00",13:11:45,"2025-05-21 00:00:00",12:01:00,1,1788,no,no,"no (EMPTY)"
2902,36821,2,closed,"2025-05-20 00:00:00",21:31:00,"2025-06-19 00:00:00",13:57,30,1844,no,no,"no (EMPTY)"
2918,36891,2,closed,"2025-05-21 00:00:00",17:15:00,"2025-06-10 00:00:00",22:22:00,21,1786,no,no,"no (EMPTY)"
2903,36825,2,closed,"2025-05-21 00:00:00",15:55:00,"2025-05-21 00:00:00",20:25:00,1,1849,no,no,"no (EMPTY)"
2901,36815,2,closed,"2025-05-21 00:00:00",11:49:00,"2025-05-22 00:00:00",21:07,2,1758,no,no,"no (EMPTY)"
2910,36868,2,closed,"2025-05-22 00:00:00",16:17:00,"2025-06-03 00:00:00",20:35:00,13,1877,no,no,"no (EMPTY)"
2909,36849,2,closed,"2025-05-22 00:00:00",16:00:00,"2025-05-22 00:00:00",21:45,1,1813,no,no,"no (EMPTY)"
2908,36848,2,closed,"2025-05-22 00:00:00",12:00:00,"2025-05-22 00:00:00",15:20:00,1,1881,no,no,"no (EMPTY)"
2907,36846,2,closed,"2025-05-22 00:00:00",15:20:00,"2025-05-22 00:00:00",22:02:00,1,1776,no,no,"no (EMPTY)"
2906,36843,2,closed,"2025-05-22 00:00:00",13:38:00,"2025-05-22 00:00:00",20:21:00,1,1748,no,no,"no (EMPTY)"
2905,36842,2,closed,"2025-05-22 00:00:00",13:00:00,"2025-05-22 00:00:00",16:00:00,1,1819,no,no,"no (EMPTY)"
2904,36841,2,closed,"2025-05-22 00:00:00",12:49:00,"2025-05-23 00:00:00",03:06,1,1750,no,no,"no (EMPTY)"
2920,36900,2,closed,"2025-05-23 00:00:00",20:38:00,"2025-05-23 00:00:00",21:20:00,0,1840,no,no,"no (EMPTY)"
2919,36893,2,closed,"2025-05-23 00:00:00",17:25:00,"2025-05-23 00:00:00",20:40:00,1,1731,no,no,"no (EMPTY)"
2917,36890,2,closed,"2025-05-23 00:00:00",02:00:00,"2025-05-30 00:00:00",17:11:00,8,1736,no,no,"no (EMPTY)"
2916,36889,2,closed,"2025-05-23 00:00:00",15:30:00,"2025-05-27 00:00:00",11:29,4,1821,no,no,"no (EMPTY)"
2915,36885,2,closed,"2025-05-23 00:00:00",14:45:00,"2025-06-14 00:00:00",18:06:00,23,1852,no,no,"no (EMPTY)"
2914,36881,2,closed,"2025-05-23 00:00:00",13:59:18,"2025-05-23 00:00:00",20:40:00,1,1854,no,no,"no (EMPTY)"
2913,36880,2,closed,"2025-05-23 00:00:00",13:54:43,"2025-05-23 00:00:00",17:14:00,1,1793,no,no,"no (EMPTY)"
2912,36878,2,closed,"2025-05-23 00:00:00",12:40:00,"2025-05-23 00:00:00",19:50:00,1,1826,no,no,"no (EMPTY)"
2911,36875,2,closed,"2025-05-23 00:00:00",11:55:00,"2025-05-24 00:00:00",17:25:00,2,1843,no,no,"no (EMPTY)"
2927,36929,2,closed,"2025-05-24 00:00:00",20:22:00,"2025-05-26 00:00:00",21:47:00,2,1782,no,no,"no (EMPTY)"
2926,36923,2,closed,"2025-05-24 00:00:00",17:50:00,"2025-05-26 00:00:00",18:05,2,1752,no,no,"no (EMPTY)"
2925,36920,2,closed,"2025-05-24 00:00:00",16:10:00,"2025-05-24 00:00:00",21:26,1,1869,no,no,"no (EMPTY)"
2924,36916,2,closed,"2025-05-24 00:00:00",14:45:00,"2025-05-24 00:00:00",19:10,1,1812,no,no,"no (EMPTY)"
2923,36914,2,closed,"2025-05-24 00:00:00",13:36:54,"2025-05-24 00:00:00",20:02:00,1,1862,no,no,"no (EMPTY)"
2922,36911,2,closed,"2025-05-24 00:00:00",12:03:36,"2025-05-24 00:00:00",22:36:00,1,1831,no,no,"no (EMPTY)"
2921,36909,2,closed,"2025-05-24 00:00:00",11:19:00,"2025-05-24 00:00:00",12:00:00,0,1829,no,no,"no (EMPTY)"
2934,36953,2,closed,"2025-05-25 00:00:00",19:26:00,"2025-05-26 00:00:00",16:04:00,1,1840,no,no,"no (EMPTY)"
2933,36952,2,closed,"2025-05-25 00:00:00",20:20:00,"2025-05-31 00:00:00",10:57:00,6,1778,no,no,"no (EMPTY)"
2932,36951,2,closed,"2025-05-25 00:00:00",19:14:00,"2025-05-25 00:00:00",20:28:00,0,1805,no,no,"no (EMPTY)"
2931,36945,2,closed,"2025-05-25 00:00:00",16:25:00,"2025-05-25 00:00:00",18:00:00,0,1758,no,no,"no (EMPTY)"
2930,36941,2,closed,"2025-05-25 00:00:00",12:43:00,"2025-05-25 00:00:00",15:26:00,1,1770,no,no,"no (EMPTY)"
2929,36940,2,closed,"2025-05-25 00:00:00",12:44:33,"2025-05-26 00:00:00",20:21:00,2,1755,no,no,"no (EMPTY)"
2928,36939,2,closed,"2025-05-25 00:00:00",11:57:48,"2025-05-27 00:00:00",18:40:00,3,1816,no,no,"no (EMPTY)"
2940,36986,2,closed,"2025-05-26 00:00:00",16:45:00,"2025-06-05 00:00:00",22:13,11,1871,no,no,"no (EMPTY)"
2939,36985,2,closed,"2025-05-26 00:00:00",22:00:00,"2025-05-27 00:00:00",20:40:00,1,1867,no,no,"no (EMPTY)"
2938,36979,2,closed,"2025-05-26 00:00:00",20:00:00,"2025-05-28 00:00:00",15:40:00,2,1873,no,no,"no (EMPTY)"
2937,36977,2,closed,"2025-05-26 00:00:00",18:30:00,"2025-05-28 00:00:00",15:31:00,2,1897,no,no,"no (EMPTY)"
2936,36965,2,closed,"2025-05-26 00:00:00",13:10:00,"2025-05-26 00:00:00",14:35,0,1859,no,no,"no (EMPTY)"
2935,36960,2,closed,"2025-05-26 00:00:00",10:07:00,"2025-05-29 00:00:00",18:04:00,4,1748,no,no,"no (EMPTY)"
2951,37019,2,closed,"2025-05-27 00:00:00",21:45:00,"2025-06-01 00:00:00",18:56:00,5,1835,no,no,"no (EMPTY)"
2950,37016,2,closed,"2025-05-27 00:00:00",20:38:00,"2025-05-28 00:00:00",08:10,1,1869,no,no,"no (EMPTY)"
2949,37014,2,closed,"2025-05-27 00:00:00",20:40:00,"2025-05-28 00:00:00",16:08,1,1887,no,no,"no (EMPTY)"
2948,37013,2,closed,"2025-05-27 00:00:00",19:50:00,"2025-05-29 00:00:00",23:45:00,3,1776,no,no,"no (EMPTY)"
2947,37010,2,closed,"2025-05-27 00:00:00",17:54:40,"2025-05-27 00:00:00",19:05,0,1772,no,no,"no (EMPTY)"
2946,37006,2,closed,"2025-05-27 00:00:00",16:40:46,"2025-05-31 00:00:00",16:10:00,4,1807,no,no,"no (EMPTY)"
2945,37005,2,closed,"2025-05-27 00:00:00",15:20:00,"2025-05-28 00:00:00",18:47:00,2,1836,no,no,"no (EMPTY)"
2944,37003,2,closed,"2025-05-27 00:00:00",14:19:00,"2025-05-27 00:00:00",15:00:00,0,1862,no,no,"no (EMPTY)"
2943,36998,2,closed,"2025-05-27 00:00:00",13:30:00,"2025-05-27 00:00:00",14:42:00,0,1857,no,no,"no (EMPTY)"
2942,36994,2,closed,"2025-05-27 00:00:00",12:25:00,"2025-05-27 00:00:00",21:32:00,1,1854,no,no,"no (EMPTY)"
2941,36991,2,closed,"2025-05-27 00:00:00",10:15:00,"2025-05-27 00:00:00",12:30,0,1788,no,no,"no (EMPTY)"
2958,37041,2,closed,"2025-05-28 00:00:00",20:26:00,"2025-05-29 00:00:00",19:19,1,1796,no,no,"no (EMPTY)"
2957,37040,2,closed,"2025-05-28 00:00:00",20:25:00,"2025-05-28 00:00:00",20:24,1,1796,no,no,"no (EMPTY)"
2956,37039,2,closed,"2025-05-28 00:00:00",19:20:00,"2025-05-31 00:00:00",15:49:00,3,1787,no,no,"no (EMPTY)"
2955,37038,2,closed,"2025-05-28 00:00:00",18:22:56,"2025-05-28 00:00:00",19:20:00,0,1859,no,no,"no (EMPTY)"
2954,37030,2,closed,"2025-05-28 00:00:00",13:16:00,"2025-05-29 00:00:00",20:25,2,1821,no,no,"no (EMPTY)"
2953,37029,2,closed,"2025-05-28 00:00:00",12:52:00,"2025-05-28 00:00:00",13:52:00,0,1883,no,no,"no (EMPTY)"
2952,37020,2,closed,"2025-05-28 00:00:00",22:15:00,"2025-08-09 00:00:00",19:44:00,73,1824,no,no,"no (EMPTY)"
2963,37071,2,closed,"2025-05-29 00:00:00",18:01:00,"2025-06-04 00:00:00",16:45,6,1896,no,no,"no (EMPTY)"
2962,37065,2,closed,"2025-05-29 00:00:00",18:27:00,"2025-06-01 00:00:00",13:48:00,3,1843,no,no,"no (EMPTY)"
2961,37057,2,closed,"2025-05-29 00:00:00",15:17:35,"2025-05-29 00:00:00",16:49:00,0,1872,no,no,"no (EMPTY)"
2960,37055,2,closed,"2025-05-29 00:00:00",13:30:00,"2025-05-30 00:00:00",22:28:00,2,1841,no,no,"no (EMPTY)"
2959,37053,2,closed,"2025-05-29 00:00:00",11:24:00,"2025-05-30 00:00:00",21:00:00,2,1848,no,no,"no (EMPTY)"
2969,37088,2,closed,"2025-05-30 00:00:00",21:23:00,"2025-05-30 00:00:00",23:49,0,1809,no,no,"no (EMPTY)"
2968,37087,2,closed,"2025-05-30 00:00:00",20:03:00,"2025-05-30 00:00:00",20:54:00,0,1880,no,no,"no (EMPTY)"
2967,37085,2,closed,"2025-05-30 00:00:00",18:24:00,"2025-05-30 00:00:00",19:53:00,0,1812,no,no,"no (EMPTY)"
2966,37084,2,closed,"2025-05-30 00:00:00",16:55:00,"2025-06-02 00:00:00",18:39:00,3,1737,no,no,"no (EMPTY)"
2965,37083,2,closed,"2025-05-30 00:00:00",16:00:00,"2025-06-27 00:00:00",17:09,28,1895,no,no,"no (EMPTY)"
2964,37079,2,closed,"2025-05-30 00:00:00",14:25:00,"2025-05-31 00:00:00",09:48,1,1801,no,no,"no (EMPTY)"
2970,37095,2,closed,"2025-05-31 00:00:00",11:10:00,"2025-05-31 00:00:00",21:51:00,1,1754,no,no,"no (EMPTY)"
2977,37119,2,closed,"2025-05-31 00:00:00",20:20:00,"2025-05-31 00:00:00",20:56:00,0,1847,no,no,"no (EMPTY)"
2976,37118,2,closed,"2025-05-31 00:00:00",18:30:00,"2025-06-02 00:00:00",17:25:00,2,1826,no,no,"no (EMPTY)"
2975,37113,2,closed,"2025-05-31 00:00:00",17:30:00,"2025-05-31 00:00:00",18:55:00,0,1782,no,no,"no (EMPTY)"
2974,37110,2,closed,"2025-05-31 00:00:00",16:21:00,"2025-06-03 00:00:00",15:08:00,3,1820,no,no,"no (EMPTY)"
2973,37104,2,closed,"2025-05-31 00:00:00",12:52:00,"2025-05-31 00:00:00",22:53:00,1,1875,no,no,"no (EMPTY)"
2972,37102,2,closed,"2025-05-31 00:00:00",13:00:00,"2025-05-31 00:00:00",21:58,1,1808,no,no,"no (EMPTY)"
2971,37099,2,closed,"2025-05-31 00:00:00",12:20:00,"2025-05-31 00:00:00",12:52:00,0,1840,no,no,"no (EMPTY)"
2980,37131,2,closed,"2025-06-01 00:00:00",14:45:00,"2025-06-15 00:00:00",17:28,15,1748,no,no,"no (EMPTY)"
2979,37127,2,closed,"2025-06-01 00:00:00",13:26:00,"2025-06-02 00:00:00",22:00:00,2,1796,no,no,"no (EMPTY)"
2978,37122,2,closed,"2025-06-01 00:00:00",21:00:00,"2025-06-02 00:00:00",11:45:00,1,1738,no,no,"no (EMPTY)"
2983,37160,2,closed,"2025-06-02 00:00:00",19:23:00,"2025-06-06 00:00:00",17:50:00,4,1805,no,no,"no (EMPTY)"
2982,37153,2,closed,"2025-06-02 00:00:00",16:15:00,"2025-06-03 00:00:00",14:58:00,1,1730,no,no,"no (EMPTY)"
2981,37146,2,closed,"2025-06-02 00:00:00",12:05:00,"2025-06-05 00:00:00",16:47:00,4,1869,no,no,"no (EMPTY)"
2990,37184,2,closed,"2025-06-03 00:00:00",20:16:00,"2025-06-05 00:00:00",23:04,3,1741,no,no,"no (EMPTY)"
2989,37183,2,closed,"2025-06-03 00:00:00",21:11:00,"2025-06-04 00:00:00",15:00:00,1,1770,no,no,"no (EMPTY)"
2988,37176,2,closed,"2025-06-03 00:00:00",15:39:00,"2025-06-05 00:00:00",15:27,2,1774,no,no,"no (EMPTY)"
2987,37175,2,closed,"2025-06-03 00:00:00",15:33:00,"2025-06-04 00:00:00",13:42,1,1743,no,no,"no (EMPTY)"
2986,37173,2,closed,"2025-06-03 00:00:00",15:39:00,"2025-06-03 00:00:00",19:28,1,1848,no,no,"no (EMPTY)"
2985,37167,2,closed,"2025-06-03 00:00:00",12:02:00,"2025-06-05 00:00:00",15:30,3,1784,no,no,"no (EMPTY)"
2984,37164,2,closed,"2025-06-03 00:00:00",10:32:18,"2025-06-03 00:00:00",19:25:00,1,1851,no,no,"no (EMPTY)"
2994,37214,2,closed,"2025-06-04 00:00:00",21:12:00,"2025-06-04 00:00:00",22:23:00,0,1795,no,no,"no (EMPTY)"
2993,37205,2,closed,"2025-06-04 00:00:00",18:24:00,"2025-06-28 00:00:00",15:55:00,24,1911,no,no,"no (EMPTY)"
2992,37201,2,closed,"2025-06-04 00:00:00",16:56:22,"2025-06-04 00:00:00",17:54:00,0,1883,no,no,"no (EMPTY)"
2991,37193,2,closed,"2025-06-04 00:00:00",12:00:00,"2025-06-05 00:00:00",16:58:00,2,1872,no,no,"no (EMPTY)"
2998,37235,2,closed,"2025-06-05 00:00:00",17:46:00,"2025-06-05 00:00:00",19:30:00,0,1867,no,no,"no (EMPTY)"
2997,37232,2,closed,"2025-06-05 00:00:00",16:48:00,"2025-06-05 00:00:00",20:42:00,1,1892,no,no,"no (EMPTY)"
2996,37229,2,closed,"2025-06-05 00:00:00",15:34:25,"2025-06-05 00:00:00",17:37:00,0,1885,no,no,"no (EMPTY)"
2995,37224,2,closed,"2025-06-05 00:00:00",11:00:00,"2025-06-05 00:00:00",19:28:00,1,1813,no,no,"no (EMPTY)"
3000,37264,2,closed,"2025-06-06 00:00:00",17:13:05,"2025-06-06 00:00:00",17:47:00,0,1859,no,no,"no (EMPTY)"
2999,37262,2,closed,"2025-06-06 00:00:00",13:49:47,"2025-06-07 00:00:00",09:51,1,1738,no,no,"no (EMPTY)"
3005,37290,2,closed,"2025-06-07 00:00:00",20:27:00,"2025-06-10 00:00:00",11:30,3,1897,no,no,"no (EMPTY)"
3004,37289,2,closed,"2025-06-07 00:00:00",18:00:00,"2025-06-11 00:00:00",13:35,4,1742,no,no,"no (EMPTY)"
3003,37283,2,closed,"2025-06-07 00:00:00",16:27:00,"2025-06-07 00:00:00",18:11:00,0,1809,no,no,"no (EMPTY)"
3002,37281,2,closed,"2025-06-07 00:00:00",13:36:00,"2025-06-07 00:00:00",16:56:00,1,1736,no,no,"no (EMPTY)"
3001,37280,2,closed,"2025-06-07 00:00:00",12:22:00,"2025-06-07 00:00:00",21:58,1,1780,no,no,"no (EMPTY)"
3009,37305,2,closed,"2025-06-08 00:00:00",17:52:55,"2025-06-10 00:00:00",10:38,2,1805,no,no,"no (EMPTY)"
3008,37302,2,closed,"2025-06-08 00:00:00",15:06:07,"2025-07-03 00:00:00",12:08,25,1896,no,no,"no (EMPTY)"
3007,37301,2,closed,"2025-06-08 00:00:00",13:55:00,"2025-06-09 00:00:00",13:55,1,1780,no,no,"no (EMPTY)"
3006,37298,2,closed,"2025-06-08 00:00:00",12:11:00,"2025-06-08 00:00:00",22:42:00,1,1906,no,no,"no (EMPTY)"
3015,37337,2,closed,"2025-06-09 00:00:00",22:04:49,"2025-06-10 00:00:00",17:35:00,1,1789,no,no,"no (EMPTY)"
3014,37336,2,closed,"2025-06-09 00:00:00",20:08:00,"2025-06-09 00:00:00",21:17,0,1825,no,no,"no (EMPTY)"
3013,37335,2,closed,"2025-06-09 00:00:00",20:00:00,"2025-06-09 00:00:00",21:45:00,0,1772,no,no,"no (EMPTY)"
3012,37334,5,closed,"2025-06-09 00:00:00",20:23:45,"2025-06-09 00:00:00",20:23:45,0,1798,yes,yes,"no (EMPTY)"
3011,37330,2,closed,"2025-06-09 00:00:00",18:00:00,"2025-06-09 00:00:00",20:07:00,0,1730,no,no,"no (EMPTY)"
3010,37325,2,closed,"2025-06-09 00:00:00",14:39:00,"2025-06-10 00:00:00",08:13,1,1781,no,no,"no (EMPTY)"
3024,37369,2,closed,"2025-06-10 00:00:00",21:00:00,"2025-06-10 00:00:00",21:22:00,0,1818,no,no,"no (EMPTY)"
3023,37366,2,closed,"2025-06-10 00:00:00",19:50:00,"2025-06-10 00:00:00",22:29:00,1,1847,no,no,"no (EMPTY)"
3022,37365,2,closed,"2025-06-10 00:00:00",18:39:00,"2025-06-10 00:00:00",19:30:00,0,1836,no,no,"no (EMPTY)"
3021,37364,2,closed,"2025-06-10 00:00:00",19:31,"2025-06-10 00:00:00",18:37,1,1836,no,no,"no (EMPTY)"
3020,37359,2,closed,"2025-06-10 00:00:00",17:15:20,"2025-06-12 00:00:00",11:57,2,1804,no,no,"no (EMPTY)"
3019,37357,2,closed,"2025-06-10 00:00:00",15:55:02,"2025-06-13 00:00:00",12:21,3,1810,no,no,"no (EMPTY)"
3018,37356,2,closed,"2025-06-10 00:00:00",15:04:00,"2025-06-10 00:00:00",21:10:00,1,1731,no,no,"no (EMPTY)"
3017,37355,2,closed,"2025-06-10 00:00:00",14:56,"2025-06-10 00:00:00",16:00:00,0,1829,no,no,"no (EMPTY)"
3016,37352,2,closed,"2025-06-10 00:00:00",12:00:00,"2025-06-11 00:00:00",21:24:00,2,1864,no,no,"no (EMPTY)"
3029,37394,2,closed,"2025-06-11 00:00:00",21:13:00,"2025-06-13 00:00:00",21:50:00,2,1826,no,no,"no (EMPTY)"
3028,37393,2,closed,"2025-06-11 00:00:00",20:24:00,"2025-06-13 00:00:00",09:22,2,1730,no,no,"no (EMPTY)"
3027,37392,2,closed,"2025-06-11 00:00:00",19:43:00,"2025-06-13 00:00:00",12:14,2,1880,no,no,"no (EMPTY)"
3026,37384,2,closed,"2025-06-11 00:00:00",17:02:07,"2025-06-12 00:00:00",17:49:00,1,1884,no,no,"no (EMPTY)"
3025,37380,2,closed,"2025-06-11 00:00:00",13:15:00,"2025-06-27 00:00:00",13:38,16,1898,no,no,"no (EMPTY)"
3034,37417,2,closed,"2025-06-12 00:00:00",21:30:15,"2025-06-12 00:00:00",22:45:00,0,1797,no,no,"no (EMPTY)"
3033,37414,2,closed,"2025-06-12 00:00:00",18:27:00,"2025-06-14 00:00:00",16:42:00,2,1807,no,no,"no (EMPTY)"
3032,37412,2,closed,"2025-06-12 00:00:00",12:57,"2025-06-13 00:00:00",14:21:00,1,1777,no,no,"no (EMPTY)"
3031,37411,2,closed,"2025-06-12 00:00:00",17:17:00,"2025-06-14 00:00:00",13:00,2,1808,no,no,"no (EMPTY)"
3030,37408,2,closed,"2025-06-12 00:00:00",16:32:00,"2025-06-12 00:00:00",20:41,1,1738,no,no,"no (EMPTY)"
3042,37445,2,closed,"2025-06-13 00:00:00",22:08:48,"2025-06-15 00:00:00",21:11:00,2,1780,no,no,"no (EMPTY)"
3041,37443,2,closed,"2025-06-13 00:00:00",19:58:37,"2025-06-17 00:00:00",17:49:00,4,1799,no,no,"no (EMPTY)"
3040,37438,2,closed,"2025-06-13 00:00:00",17:20:00,"2025-06-14 00:00:00",22:40:00,2,1778,no,no,"no (EMPTY)"
3039,37434,2,closed,"2025-06-13 00:00:00",15:40:00,"2025-06-14 00:00:00",13:53:00,1,1854,no,no,"no (EMPTY)"
3038,37433,2,closed,"2025-06-13 00:00:00",14:28:00,"2025-06-13 00:00:00",15:52:00,0,1812,no,no,"no (EMPTY)"
3037,37431,2,closed,"2025-06-13 00:00:00",14:16:00,"2025-06-13 00:00:00",17:41:00,1,1803,no,no,"no (EMPTY)"
3036,37427,2,closed,"2025-06-13 00:00:00",10:50:00,"2025-06-14 00:00:00",15:29,1,1776,no,no,"no (EMPTY)"
3035,37426,2,closed,"2025-06-13 00:00:00",12:15:42,"2025-06-14 00:00:00",17:30,2,1768,no,no,"no (EMPTY)"
3046,37465,2,closed,"2025-06-14 00:00:00",20:12:58,"2025-06-14 00:00:00",20:59,0,1787,no,no,"no (EMPTY)"
3045,37464,2,closed,"2025-06-14 00:00:00",18:10:00,"2025-06-29 00:00:00",13:51:00,15,1794,no,no,"no (EMPTY)"
3044,37463,2,closed,"2025-06-14 00:00:00",17:58:54,"2025-06-14 00:00:00",22:52:00,1,1809,no,no,"no (EMPTY)"
3043,37455,2,closed,"2025-06-14 00:00:00",15:00:00,"2025-06-14 00:00:00",15:51,1,1801,no,no,"no (EMPTY)"
3050,37481,2,closed,"2025-06-15 00:00:00",21:37:00,"2025-06-15 00:00:00",23:30:00,0,1897,no,no,"no (EMPTY)"
3049,37478,2,closed,"2025-06-15 00:00:00",19:10:00,"2025-06-15 00:00:00",20:13:00,0,1840,no,no,"no (EMPTY)"
3048,37475,2,closed,"2025-06-15 00:00:00",18:13:10,"2025-06-21 00:00:00",22:26:00,7,1776,no,no,"no (EMPTY)"
3047,37474,2,closed,"2025-06-15 00:00:00",15:14:00,"2025-06-17 00:00:00",21:15,3,1782,no,no,"no (EMPTY)"
3063,37559,2,closed,"2025-06-17 00:00:00",14:16,"2025-06-18 00:00:00",22:36:00,2,1883,no,no,"no (EMPTY)"
3057,37533,2,closed,"2025-06-17 00:00:00",23:03:00,"2025-07-17 00:00:00",20:00:00,30,1910,no,no,"no (EMPTY)"
3056,37528,2,closed,"2025-06-17 00:00:00",20:57:00,"2025-06-24 00:00:00",20:00:00,7,1736,no,no,"no (EMPTY)"
3055,37527,2,closed,"2025-06-17 00:00:00",17:25:00,"2025-06-21 00:00:00",14:52,4,1738,no,no,"no (EMPTY)"
3054,37526,2,closed,"2025-06-17 00:00:00",18:14:00,"2025-06-19 00:00:00",19:30:00,2,1741,no,no,"no (EMPTY)"
3053,37524,2,closed,"2025-06-17 00:00:00",16:53:00,"2025-06-18 00:00:00",17:30:00,1,1886,no,no,"no (EMPTY)"
3052,37515,2,closed,"2025-06-17 00:00:00",14:06:00,"2025-06-22 00:00:00",18:07,5,1758,no,no,"no (EMPTY)"
3051,37508,2,closed,"2025-06-17 00:00:00",10:20:00,"2025-06-19 00:00:00",13:00:00,3,1756,no,no,"no (EMPTY)"
3062,37555,2,closed,"2025-06-18 00:00:00",18:21:00,"2025-06-19 00:00:00",15:48:00,1,1730,no,no,"no (EMPTY)"
3061,37550,2,closed,"2025-06-18 00:00:00",17:00:00,"2025-06-18 00:00:00",18:17:00,0,1814,no,no,"no (EMPTY)"
3060,37543,2,closed,"2025-06-18 00:00:00",14:44:00,"2025-06-21 00:00:00",20:33,3,1834,no,no,"no (EMPTY)"
3059,37541,2,closed,"2025-06-18 00:00:00",13:03:04,"2025-06-18 00:00:00",20:03,1,1841,no,no,"no (EMPTY)"
3058,37539,2,closed,"2025-06-18 00:00:00",12:30:00,"2025-06-18 00:00:00",13:45,0,1777,no,no,"no (EMPTY)"
3066,37580,2,closed,"2025-06-19 00:00:00",22:35:00,"2025-07-05 00:00:00",21:33:00,16,1805,no,no,"no (EMPTY)"
3065,37573,2,closed,"2025-06-19 00:00:00",19:15:00,"2025-06-19 00:00:00",22:47:00,1,1702,no,no,"no (EMPTY)"
3064,37567,2,closed,"2025-06-19 00:00:00",14:14:04,"2025-06-21 00:00:00",20:53,2,1737,no,no,"no (EMPTY)"
3073,37608,2,closed,"2025-06-20 00:00:00",19:00:00,"2025-06-22 00:00:00",22:26:00,3,1872,no,no,"no (EMPTY)"
3072,37602,2,closed,"2025-06-20 00:00:00",20:41:00,"2025-06-21 00:00:00",20:52,1,1742,no,no,"no (EMPTY)"
3071,37599,2,closed,"2025-06-20 00:00:00",17:15:00,"2025-06-21 00:00:00",13:00:00,1,1813,no,no,"no (EMPTY)"
3070,37597,2,closed,"2025-06-20 00:00:00",17:25:00,"2025-06-22 00:00:00",11:46:00,2,1772,no,no,"no (EMPTY)"
3069,37590,2,closed,"2025-06-20 00:00:00",14:42:25,"2025-06-20 00:00:00",16:45,1,1885,no,no,"no (EMPTY)"
3068,37587,2,closed,"2025-06-20 00:00:00",12:53:00,"2025-06-26 00:00:00",14:16:00,6,1778,no,no,"no (EMPTY)"
3067,37586,2,closed,"2025-06-20 00:00:00",11:40:00,"2025-06-20 00:00:00",17:45,1,1787,no,no,"no (EMPTY)"
3077,37622,2,closed,"2025-06-21 00:00:00",19:33:00,"2025-06-22 00:00:00",17:07,1,1816,no,no,"no (EMPTY)"
3076,37617,2,closed,"2025-06-21 00:00:00",17:10:00,"2025-06-23 00:00:00",15:13:00,2,1781,no,no,"no (EMPTY)"
3075,37612,2,closed,"2025-06-21 00:00:00",15:15:00,"2025-06-23 00:00:00",20:40:00,3,1894,no,no,"no (EMPTY)"
3074,37609,2,closed,"2025-06-21 00:00:00",13:46:00,"2025-06-21 00:00:00",22:45:00,1,1748,no,no,"no (EMPTY)"
3082,37637,2,closed,"2025-06-22 00:00:00",18:29:18,"2025-06-23 00:00:00",13:33:00,1,1854,no,no,"no (EMPTY)"
3081,37631,2,closed,"2025-06-22 00:00:00",16:47:00,"2025-06-24 00:00:00",10:25:00,2,1800,no,no,"no (EMPTY)"
3080,37630,2,closed,"2025-06-22 00:00:00",15:46:25,"2025-06-22 00:00:00",22:31:00,1,1841,no,no,"no (EMPTY)"
3079,37629,2,closed,"2025-06-22 00:00:00",15:10:24,"2025-06-22 00:00:00",17:10:00,0,1755,no,no,"no (EMPTY)"
3078,37628,2,closed,"2025-06-22 00:00:00",12:30:00,"2025-06-23 00:00:00",18:20:00,2,1864,no,no,"no (EMPTY)"
3085,37658,2,closed,"2025-06-23 00:00:00",18:34:00,"2025-06-23 00:00:00",20:37:00,0,1881,no,no,"no (EMPTY)"
3084,37649,2,closed,"2025-06-23 00:00:00",13:45:00,"2025-06-27 00:00:00",21:17:00,5,1834,no,no,"no (EMPTY)"
3083,37648,2,closed,"2025-06-23 00:00:00",13:30:00,"2025-06-27 00:00:00",20:55,5,1801,no,no,"no (EMPTY)"
3090,37681,2,closed,"2025-06-24 00:00:00",20:05:00,"2025-06-27 00:00:00",17:15:00,3,1797,no,no,"no (EMPTY)"
3089,37679,2,closed,"2025-06-24 00:00:00",20:51:03,"2025-06-24 00:00:00",21:35:00,0,1750,no,no,"no (EMPTY)"
3088,37675,2,closed,"2025-06-24 00:00:00",17:00:00,"2025-06-24 00:00:00",17:50:00,0,1887,no,no,"no (EMPTY)"
3087,37672,2,closed,"2025-06-24 00:00:00",15:35:00,"2025-06-25 00:00:00",14:15:00,1,1875,no,no,"no (EMPTY)"
3086,37671,2,closed,"2025-06-24 00:00:00",15:25:00,"2025-06-24 00:00:00",17:58:00,0,1770,no,no,"no (EMPTY)"
3096,37704,2,closed,"2025-06-25 00:00:00",18:42:15,"2025-06-26 00:00:00",13:57,1,1818,no,no,"no (EMPTY)"
3095,37703,2,closed,"2025-06-25 00:00:00",18:11:00,"2025-06-28 00:00:00",20:38:00,3,1869,no,no,"no (EMPTY)"
3094,37694,2,closed,"2025-06-25 00:00:00",15:59:01,"2025-06-25 00:00:00",19:34,1,1886,no,no,"no (EMPTY)"
3093,37693,2,closed,"2025-06-25 00:00:00",15:00:00,"2025-06-25 00:00:00",16:56:00,0,1902,no,no,"no (EMPTY)"
3092,37691,2,closed,"2025-06-25 00:00:00",15:00:00,"2025-06-28 00:00:00",13:14,3,1876,no,no,"no (EMPTY)"
3091,37685,2,closed,"2025-06-25 00:00:00",11:25:00,"2025-06-25 00:00:00",18:18:00,1,1730,no,no,"no (EMPTY)"
3098,37708,2,closed,"2025-06-25 00:00:00",21:27:41,"2025-06-27 00:00:00",21:10:00,2,1786,no,no,"no (EMPTY)"
3097,37705,2,closed,"2025-06-25 00:00:00",18:56:00,"2025-06-28 00:00:00",13:39,3,1775,no,no,"no (EMPTY)"
3101,37725,2,closed,"2025-06-26 00:00:00",15:00:00,"2025-06-29 00:00:00",00:45:00,3,1793,no,no,"no (EMPTY)"
3100,37721,2,closed,"2025-06-26 00:00:00",14:02:53,"2025-06-26 00:00:00",19:00:00,1,1807,no,no,"no (EMPTY)"
3099,37719,2,closed,"2025-06-26 00:00:00",11:42:00,"2025-06-26 00:00:00",13:13:00,0,1781,no,no,"no (EMPTY)"
3105,37754,2,closed,"2025-06-27 00:00:00",12:29:00,"2025-06-28 00:00:00",10:17:00,1,1844,no,no,"no (EMPTY)"
3104,37743,2,closed,"2025-06-27 00:00:00",14:55:54,"2025-07-01 00:00:00",21:39:00,5,1802,no,no,"no (EMPTY)"
3103,37741,2,closed,"2025-06-27 00:00:00",13:47:00,"2025-07-01 00:00:00",16:54:00,5,1821,no,no,"no (EMPTY)"
3102,37737,2,closed,"2025-06-27 00:00:00",10:22:00,"2025-08-18 00:00:00",12:34:00,52,1885,no,no,"no (EMPTY)"
3108,37769,2,closed,"2025-06-28 00:00:00",19:55:00,"2025-06-28 00:00:00",21:10:00,0,1883,no,no,"no (EMPTY)"
3107,37765,2,closed,"2025-06-28 00:00:00",17:40:00,"2025-06-28 00:00:00",20:54:00,1,1782,no,no,"no (EMPTY)"
3106,37761,2,closed,"2025-06-28 00:00:00",16:02:00,"2025-06-28 00:00:00",17:25:00,0,1858,no,no,"no (EMPTY)"
3114,37799,2,closed,"2025-06-29 00:00:00",16:33:00,"2025-07-01 00:00:00",19:46:00,3,1851,no,no,"no (EMPTY)"
3112,37786,2,closed,"2025-06-29 00:00:00",20:40:00,"2025-07-01 00:00:00",22:00:00,2,1907,no,no,"no (EMPTY)"
3111,37785,2,closed,"2025-06-29 00:00:00",19:30:00,"2025-06-30 00:00:00",21:38:00,1,1840,no,no,"no (EMPTY)"
3110,37781,2,closed,"2025-06-29 00:00:00",16:36:08,"2025-06-29 00:00:00",18:00:00,0,1835,no,no,"no (EMPTY)"
3109,37777,2,closed,"2025-06-29 00:00:00",15:27:00,"2025-06-30 00:00:00",15:13:00,1,1742,no,no,"no (EMPTY)"
3115,37804,2,closed,"2025-06-30 00:00:00",17:39:00,"2025-07-10 00:00:00",14:08,10,1872,no,no,"no (EMPTY)"
3113,37798,2,closed,"2025-06-30 00:00:00",13:29:28,"2025-06-30 00:00:00",17:30:00,1,1748,no,no,"no (EMPTY)"
3122,37831,2,closed,"2025-07-01 00:00:00",22:25:00,"2025-07-04 00:00:00",16:58,3,1844,no,no,"no (EMPTY)"
3121,37830,2,closed,"2025-07-01 00:00:00",19:40:00,"2025-07-01 00:00:00",22:36:00,1,1898,no,no,"no (EMPTY)"
3120,37829,2,closed,"2025-07-01 00:00:00",20:20:00,"2025-07-01 00:00:00",20:40:00,0,1906,no,no,"no (EMPTY)"
3119,37828,2,closed,"2025-07-01 00:00:00",18:50:00,"2025-07-03 00:00:00",18:48:00,2,1826,no,no,"no (EMPTY)"
3118,37821,2,closed,"2025-07-01 00:00:00",17:15:00,"2025-07-03 00:00:00",19:33,2,1776,no,no,"no (EMPTY)"
3117,37818,2,closed,"2025-07-01 00:00:00",14:26:00,"2025-07-03 00:00:00",10:32,2,1788,no,no,"no (EMPTY)"
3116,37814,2,closed,"2025-07-01 00:00:00",12:40:00,"2025-07-05 00:00:00",10:28,4,1795,no,no,"no (EMPTY)"
3126,37855,2,closed,"2025-07-02 00:00:00",20:20:00,"2025-07-07 00:00:00",15:10:00,5,1754,no,no,"no (EMPTY)"
3125,37854,2,closed,"2025-07-02 00:00:00",19:00:00,"2025-07-03 00:00:00",21:05:00,1,1897,no,no,"no (EMPTY)"
3124,37842,2,closed,"2025-07-02 00:00:00",15:14:35,"2025-07-03 00:00:00",09:39,1,1738,no,no,"no (EMPTY)"
3123,37840,2,closed,"2025-07-02 00:00:00",13:45:00,"2025-07-09 00:00:00",16:16:00,8,1735,no,no,"no (EMPTY)"
3131,37874,2,closed,"2025-07-03 00:00:00",20:45:00,"2025-07-05 00:00:00",11:45,2,1848,no,no,"no (EMPTY)"
3130,37872,2,closed,"2025-07-03 00:00:00",18:32:00,"2025-07-05 00:00:00",20:00:00,2,1730,no,no,"no (EMPTY)"
3129,37866,2,closed,"2025-07-03 00:00:00",15:45:00,"2025-07-05 00:00:00",16:16:00,2,1732,no,no,"no (EMPTY)"
3128,37865,2,closed,"2025-07-03 00:00:00",14:20:00,"2025-07-05 00:00:00",14:38,2,1857,no,no,"no (EMPTY)"
3127,37861,2,closed,"2025-07-03 00:00:00",12:35:00,"2025-07-13 00:00:00",14:35:00,10,1755,no,no,"no (EMPTY)"
3139,37902,2,closed,"2025-07-04 00:00:00",19:05:00,"2025-07-08 00:00:00",12:45:00,4,1825,no,no,"no (EMPTY)"
3138,37896,2,closed,"2025-07-04 00:00:00",16:55:00,"2025-07-04 00:00:00",17:44:00,0,1743,no,no,"no (EMPTY)"
3137,37894,2,closed,"2025-07-04 00:00:00",16:40:40,"2025-07-08 00:00:00",15:22:00,4,1742,no,no,"no (EMPTY)"
3136,37893,2,closed,"2025-07-04 00:00:00",15:18:00,"2025-07-04 00:00:00",16:42:00,0,1799,no,no,"no (EMPTY)"
3135,37892,2,closed,"2025-07-04 00:00:00",14:32:00,"2025-07-04 00:00:00",20:29,1,1800,no,no,"no (EMPTY)"
3134,37884,2,closed,"2025-07-04 00:00:00",12:18:00,"2025-07-04 00:00:00",14:35:00,0,1869,no,no,"no (EMPTY)"
3133,37883,2,closed,"2025-07-04 00:00:00",12:15:00,"2025-07-08 00:00:00",20:09,5,1846,no,no,"no (EMPTY)"
3132,37882,2,closed,"2025-07-04 00:00:00",11:50:00,"2025-07-05 00:00:00",15:47:00,2,1898,no,no,"no (EMPTY)"
3142,37923,2,closed,"2025-07-05 00:00:00",16:05:00,"2025-07-05 00:00:00",20:19:00,1,1772,no,no,"no (EMPTY)"
3141,37917,2,closed,"2025-07-05 00:00:00",11:30:00,"2025-07-08 00:00:00",23:45,4,1758,no,no,"no (EMPTY)"
3140,37916,2,closed,"2025-07-05 00:00:00",12:55:00,"2025-07-05 00:00:00",14:17:00,0,1748,no,no,"no (EMPTY)"
3150,37948,2,closed,"2025-07-06 00:00:00",21:43:00,"2025-07-10 00:00:00",18:19:00,4,1867,no,no,"no (EMPTY)"
3149,37944,2,closed,"2025-07-06 00:00:00",20:25:23,"2025-07-09 00:00:00",10:42,3,1864,no,no,"no (EMPTY)"
3148,37941,2,closed,"2025-07-06 00:00:00",19:05:00,"2025-07-06 00:00:00",20:16:00,0,1803,no,no,"no (EMPTY)"
3147,37940,2,closed,"2025-07-06 00:00:00",17:55:35,"2025-07-06 00:00:00",19:35,0,1847,no,no,"no (EMPTY)"
3146,37939,2,closed,"2025-07-06 00:00:00",17:05:00,"2025-07-07 00:00:00",20:08:00,2,1782,no,no,"no (EMPTY)"
3145,37938,2,closed,"2025-07-06 00:00:00",15:44:44,"2025-07-06 00:00:00",17:07:00,0,1780,no,no,"no (EMPTY)"
3144,37937,2,closed,"2025-07-06 00:00:00",14:30:00,"2025-07-06 00:00:00",16:05:00,0,1783,no,no,"no (EMPTY)"
3143,37936,2,closed,"2025-07-06 00:00:00",12:50:00,"2025-07-08 00:00:00",19:00:00,3,1827,no,no,"no (EMPTY)"
3153,37959,2,closed,"2025-07-07 00:00:00",16:42:06,"2025-07-09 00:00:00",00:16,2,1794,no,no,"no (EMPTY)"
3152,37958,2,closed,"2025-07-07 00:00:00",15:23:00,"2025-07-17 00:00:00",16:59:00,10,1852,no,no,"no (EMPTY)"
3151,37952,2,closed,"2025-07-07 00:00:00",10:18:00,"2025-07-09 00:00:00",18:45:00,3,1840,no,no,"no (EMPTY)"
3163,37983,2,closed,"2025-07-08 00:00:00",19:06:00,"2025-07-10 00:00:00",14:09,2,1776,no,no,"no (EMPTY)"
3162,37982,2,closed,"2025-07-08 00:00:00",20:44:00,"2025-07-08 00:00:00",21:34:00,0,1895,no,no,"no (EMPTY)"
3161,37979,2,closed,"2025-07-08 00:00:00",18:00:00,"2025-07-09 00:00:00",22:00:00,2,1737,no,no,"no (EMPTY)"
3160,37976,2,closed,"2025-07-08 00:00:00",16:57:00,"2025-07-08 00:00:00",22:23:00,1,1807,no,no,"no (EMPTY)"
3159,37975,2,closed,"2025-07-08 00:00:00",16:05:00,"2025-07-08 00:00:00",16:48:00,0,1787,no,no,"no (EMPTY)"
3158,37973,2,closed,"2025-07-08 00:00:00",15:25:00,"2025-07-09 00:00:00",13:46:00,1,1883,no,no,"no (EMPTY)"
3157,37970,2,closed,"2025-07-08 00:00:00",14:38:00,"2025-07-09 00:00:00",13:21:00,1,1802,no,no,"no (EMPTY)"
3156,37969,2,closed,"2025-07-08 00:00:00",13:20:00,"2025-07-08 00:00:00",14:20:00,0,1843,no,no,"no (EMPTY)"
3155,37968,2,closed,"2025-07-08 00:00:00",12:19:00,"2025-07-08 00:00:00",20:15:00,1,1801,no,no,"no (EMPTY)"
3154,37965,2,closed,"2025-07-08 00:00:00",11:33:00,"2025-07-08 00:00:00",21:14:00,1,1730,no,no,"no (EMPTY)"
3167,38006,2,closed,"2025-07-09 00:00:00",18:34:00,"2025-07-09 00:00:00",20:25:00,0,1813,no,no,"no (EMPTY)"
3166,37997,2,closed,"2025-07-09 00:00:00",16:26:00,"2025-07-09 00:00:00",18:39:00,0,1829,no,no,"no (EMPTY)"
3165,37992,2,closed,"2025-07-09 00:00:00",14:46:00,"2025-07-18 00:00:00",13:10:00,9,1810,no,no,"no (EMPTY)"
3164,37989,2,closed,"2025-07-09 00:00:00",13:10:00,"2025-07-10 00:00:00",18:10:00,2,1892,no,no,"no (EMPTY)"
3174,38026,2,closed,"2025-07-10 00:00:00",17:02:00,"2025-07-18 00:00:00",12:22,8,1826,no,no,"no (EMPTY)"
3173,38025,2,closed,"2025-07-10 00:00:00",18:16:00,"2025-07-14 00:00:00",11:53,4,1805,no,no,"no (EMPTY)"
3172,38021,2,closed,"2025-07-10 00:00:00",17:18:00,"2025-07-12 00:00:00",16:59:00,2,1880,no,no,"no (EMPTY)"
3171,38016,2,closed,"2025-07-10 00:00:00",15:10:51,"2025-07-12 00:00:00",09:30,2,1743,no,no,"no (EMPTY)"
3170,38015,2,closed,"2025-07-10 00:00:00",14:51:00,"2025-07-10 00:00:00",16:08,0,1906,no,no,"no (EMPTY)"
3169,38014,2,closed,"2025-07-10 00:00:00",14:10:00,"2025-07-12 00:00:00",12:36,2,1777,no,no,"no (EMPTY)"
3168,38013,2,closed,"2025-07-10 00:00:00",13:05:14,"2025-07-11 00:00:00",13:58:00,1,1778,no,no,"no (EMPTY)"
3180,38043,2,closed,"2025-07-11 00:00:00",20:00:00,"2025-07-11 00:00:00",21:14:00,0,1780,no,no,"no (EMPTY)"
3179,38037,2,closed,"2025-07-11 00:00:00",18:16:00,"2025-07-12 00:00:00",21:08:00,2,1789,no,no,"no (EMPTY)"
3178,38036,2,closed,"2025-07-11 00:00:00",17:14:00,"2025-07-11 00:00:00",18:10:00,0,1901,no,no,"no (EMPTY)"
3177,38033,2,closed,"2025-07-11 00:00:00",15:05:00,"2025-07-12 00:00:00",09:15,1,1758,no,no,"no (EMPTY)"
3176,38032,2,closed,"2025-07-11 00:00:00",14:05:00,"2025-07-11 00:00:00",15:02:00,0,1854,no,no,"no (EMPTY)"
3175,38031,2,closed,"2025-07-11 00:00:00",12:25:00,"2025-07-11 00:00:00",18:00:00,1,1812,no,no,"no (EMPTY)"
3184,38061,2,closed,"2025-07-12 00:00:00",18:36:00,"2025-07-14 00:00:00",22:07,3,1859,no,no,"no (EMPTY)"
3183,38060,2,closed,"2025-07-12 00:00:00",19:22:00,"2025-07-12 00:00:00",20:11:00,0,1786,no,no,"no (EMPTY)"
3182,38059,2,closed,"2025-07-12 00:00:00",17:15:00,"2025-07-13 00:00:00",09:08,1,1741,no,no,"no (EMPTY)"
3181,38049,2,closed,"2025-07-12 00:00:00",14:05:00,"2025-07-12 00:00:00",19:09:00,1,1871,no,no,"no (EMPTY)"
3189,38089,2,closed,"2025-07-13 00:00:00",20:57:00,"2025-07-14 00:00:00",22:10,1,1778,no,no,"no (EMPTY)"
3188,38081,2,closed,"2025-07-13 00:00:00",17:57:11,"2025-07-13 00:00:00",23:16:00,1,1840,no,no,"no (EMPTY)"
3187,38077,2,closed,"2025-07-13 00:00:00",16:35:00,"2025-07-14 00:00:00",22:14:00,2,1738,no,no,"no (EMPTY)"
3186,38076,2,closed,"2025-07-13 00:00:00",15:30:00,"2025-07-13 00:00:00",17:12:00,0,1768,no,no,"no (EMPTY)"
3185,38068,2,closed,"2025-07-13 00:00:00",13:36:00,"2025-07-13 00:00:00",15:10:00,0,1730,no,no,"no (EMPTY)"
3191,38100,2,closed,"2025-07-14 00:00:00",14:56:00,"2025-07-14 00:00:00",17:15,1,1848,no,no,"no (EMPTY)"
3190,38098,2,closed,"2025-07-14 00:00:00",10:30:00,"2025-07-14 00:00:00",21:07:00,1,1755,no,no,"no (EMPTY)"
3198,38141,2,closed,"2025-07-15 00:00:00",19:11:00,"2025-07-16 00:00:00",20:10:00,1,1748,no,no,"no (EMPTY)"
3197,38136,2,closed,"2025-07-15 00:00:00",17:45:00,"2025-07-16 00:00:00",22:59:00,2,1819,no,no,"no (EMPTY)"
3196,38131,2,closed,"2025-07-15 00:00:00",15:46:55,"2025-07-15 00:00:00",17:16:00,0,1735,no,no,"no (EMPTY)"
3195,38129,2,closed,"2025-07-15 00:00:00",15:26:00,"2025-07-15 00:00:00",21:10:00,1,1776,no,no,"no (EMPTY)"
3194,38124,2,closed,"2025-07-15 00:00:00",14:10:00,"2025-07-15 00:00:00",21:45:00,1,1873,no,no,"no (EMPTY)"
3193,38120,2,closed,"2025-07-15 00:00:00",13:27:00,"2025-07-15 00:00:00",14:04:00,0,1850,no,no,"no (EMPTY)"
3192,38116,2,closed,"2025-07-15 00:00:00",10:37:00,"2025-07-15 00:00:00",19:10:00,1,1815,no,no,"no (EMPTY)"
3205,38171,2,closed,"2025-07-16 00:00:00",22:53:00,"2025-07-17 00:00:00",14:00,1,1743,no,no,"no (EMPTY)"
3204,38165,2,closed,"2025-07-16 00:00:00",18:50:00,"2025-07-19 00:00:00",11:21,3,1752,no,no,"no (EMPTY)"
3203,38163,2,closed,"2025-07-16 00:00:00",16:45:00,"2025-07-19 00:00:00",21:05:00,4,1859,no,no,"no (EMPTY)"
3202,38158,2,closed,"2025-07-16 00:00:00",14:40:00,"2025-07-17 00:00:00",10:15:00,1,1754,no,no,"no (EMPTY)"
3201,38153,2,closed,"2025-07-16 00:00:00",13:43:00,"2025-07-17 00:00:00",11:59,1,1871,no,no,"no (EMPTY)"
3200,38150,2,closed,"2025-07-16 00:00:00",12:23:00,"2025-07-17 00:00:00",15:39,2,1791,no,no,"no (EMPTY)"
3199,38147,2,closed,"2025-07-16 00:00:00",10:45:00,"2025-07-17 00:00:00",11:06,1,1780,no,no,"no (EMPTY)"
3209,38189,2,closed,"2025-07-17 00:00:00",18:26:00,"2025-07-19 00:00:00",11:51,2,1801,no,no,"no (EMPTY)"
3208,38188,2,closed,"2025-07-17 00:00:00",18:37:00,"2025-07-17 00:00:00",19:30:00,0,1776,no,no,"no (EMPTY)"
3207,38182,2,closed,"2025-07-17 00:00:00",17:00:00,"2025-07-17 00:00:00",18:00:00,0,1886,no,no,"no (EMPTY)"
3206,38181,2,closed,"2025-07-17 00:00:00",16:20:00,"2025-07-17 00:00:00",19:04,1,1825,no,no,"no (EMPTY)"
3215,38211,2,closed,"2025-07-18 00:00:00",22:53:00,"2025-07-24 00:00:00",21:26:00,6,1796,no,no,"no (EMPTY)"
3214,38209,2,closed,"2025-07-18 00:00:00",19:58:00,"2025-07-18 00:00:00",21:31:00,0,1758,no,no,"no (EMPTY)"
3213,38206,2,closed,"2025-07-18 00:00:00",17:27:00,"2025-07-19 00:00:00",16:09:00,1,1774,no,no,"no (EMPTY)"
3212,38205,2,closed,"2025-07-18 00:00:00",14:00:00,"2025-07-29 00:00:00",08:21,11,1816,no,no,"no (EMPTY)"
3211,38198,2,closed,"2025-07-18 00:00:00",12:10:00,"2025-07-24 00:00:00",20:30:00,7,1789,no,no,"no (EMPTY)"
3210,38197,2,closed,"2025-07-18 00:00:00",11:50:00,"2025-07-19 00:00:00",13:30:00,1,1743,no,no,"no (EMPTY)"
3226,38243,2,closed,"2025-07-19 00:00:00",20:37,"2025-07-20 00:00:00",21:30,1,1735,no,no,"no (EMPTY)"
3225,38242,2,closed,"2025-07-19 00:00:00",19:10:00,"2025-07-19 00:00:00",20:17:00,0,1908,no,no,"no (EMPTY)"
3224,38232,2,closed,"2025-07-19 00:00:00",17:59:40,"2025-07-20 00:00:00",22:52,2,1802,no,no,"no (EMPTY)"
3223,38230,2,closed,"2025-07-19 00:00:00",17:00:00,"2025-07-21 00:00:00",12:53,2,1826,no,no,"no (EMPTY)"
3222,38229,2,closed,"2025-07-19 00:00:00",17:00:00,"2025-07-20 00:00:00",20:35:00,2,1795,no,no,"no (EMPTY)"
3221,38227,2,closed,"2025-07-19 00:00:00",14:50:00,"2025-07-20 00:00:00",10:47,1,1800,no,no,"no (EMPTY)"
3220,38225,2,closed,"2025-07-19 00:00:00",13:37:00,"2025-07-19 00:00:00",14:20:00,0,1812,no,no,"no (EMPTY)"
3219,38224,2,closed,"2025-07-19 00:00:00",16:50:00,"2025-07-21 00:00:00",18:49:00,2,1883,no,no,"no (EMPTY)"
3218,38222,2,closed,"2025-07-19 00:00:00",12:48:00,"2025-07-19 00:00:00",13:15:00,0,1835,no,no,"no (EMPTY)"
3217,38219,2,closed,"2025-07-19 00:00:00",18:40:00,"2025-07-20 00:00:00",21:55,2,1731,no,no,"no (EMPTY)"
3216,38217,2,closed,"2025-07-19 00:00:00",11:38:00,"2025-07-20 00:00:00",15:13:00,2,1834,no,no,"no (EMPTY)"
3231,38267,2,closed,"2025-07-20 00:00:00",21:29:06,"2025-07-23 00:00:00",13:52,3,1870,no,no,"no (EMPTY)"
3230,38264,2,closed,"2025-07-20 00:00:00",19:18:00,"2025-07-24 00:00:00",12:21,4,1864,no,no,"no (EMPTY)"
3229,38261,2,closed,"2025-07-20 00:00:00",17:00:00,"2025-07-20 00:00:00",19:20,0,1858,no,no,"no (EMPTY)"
3228,38260,2,closed,"2025-07-20 00:00:00",16:00:00,"2025-07-20 00:00:00",20:00,1,1872,no,no,"no (EMPTY)"
3227,38259,2,closed,"2025-07-20 00:00:00",14:33:00,"2025-07-20 00:00:00",21:29,1,1732,no,no,"no (EMPTY)"
3233,38281,2,closed,"2025-07-21 00:00:00",18:52:00,"2025-07-22 00:00:00",13:53:00,1,1854,no,no,"no (EMPTY)"
3232,38273,2,closed,"2025-07-21 00:00:00",10:45:00,"2025-07-21 00:00:00",12:48,0,1702,no,no,"no (EMPTY)"
3239,38302,2,closed,"2025-07-22 00:00:00",20:38:00,"2025-07-22 00:00:00",22:06:00,0,1776,no,no,"no (EMPTY)"
3238,38298,2,closed,"2025-07-22 00:00:00",19:13:00,"2025-07-22 00:00:00",20:04:00,0,1807,no,no,"no (EMPTY)"
3237,38295,2,closed,"2025-07-22 00:00:00",16:40:00,"2025-07-29 00:00:00",20:56,8,1754,no,no,"no (EMPTY)"
3236,38293,2,closed,"2025-07-22 00:00:00",14:35:00,"2025-07-22 00:00:00",16:02:00,0,1741,no,no,"no (EMPTY)"
3235,38290,2,closed,"2025-07-22 00:00:00",13:13:56,"2025-07-24 00:00:00",16:24,3,1794,no,no,"no (EMPTY)"
3234,38286,2,closed,"2025-07-22 00:00:00",11:52:00,"2025-07-22 00:00:00",13:10:00,0,1869,no,no,"no (EMPTY)"
3245,38327,2,closed,"2025-07-23 00:00:00",21:28:00,"2025-07-24 00:00:00",22:36:00,1,1781,no,no,"no (EMPTY)"
3244,38326,2,closed,"2025-07-23 00:00:00",20:19:00,"2025-07-30 00:00:00",19:25,7,1753,no,no,"no (EMPTY)"
3243,38325,2,closed,"2025-07-23 00:00:00",19:24:00,"2025-07-25 00:00:00",17:42:00,2,1780,no,no,"no (EMPTY)"
3242,38324,2,closed,"2025-07-23 00:00:00",17:46:41,"2025-07-25 00:00:00",17:00:00,2,1748,no,no,"no (EMPTY)"
3241,38313,2,closed,"2025-07-23 00:00:00",14:00:00,"2025-07-29 00:00:00",01:07,6,1897,no,no,"no (EMPTY)"
3240,38307,2,closed,"2025-07-23 00:00:00",11:45:22,"2025-07-23 00:00:00",12:35:00,1,1742,no,no,"no (EMPTY)"
3251,38353,2,closed,"2025-07-24 00:00:00",20:58:53,"2025-07-26 00:00:00",12:44,2,1815,no,no,"no (EMPTY)"
3250,38352,2,closed,"2025-07-24 00:00:00",18:41:00,"2025-07-26 00:00:00",12:45:00,2,1892,no,no,"no (EMPTY)"
3249,38343,2,closed,"2025-07-24 00:00:00",16:35:17,"2025-07-26 00:00:00",20:32,3,1875,no,no,"no (EMPTY)"
3248,38340,2,closed,"2025-07-24 00:00:00",13:45:48,"2025-07-24 00:00:00",15:00:00,0,1782,no,no,"no (EMPTY)"
3247,38339,2,closed,"2025-07-24 00:00:00",12:45:00,"2025-07-26 00:00:00",22:12,3,1777,no,no,"no (EMPTY)"
3246,38338,2,closed,"2025-07-24 00:00:00",11:46:43,"2025-07-25 00:00:00",14:21:00,2,1778,no,no,"no (EMPTY)"
3255,38374,2,closed,"2025-07-25 00:00:00",18:18:00,"2025-07-26 00:00:00",20:10:00,1,1768,no,no,"no (EMPTY)"
3254,38373,2,closed,"2025-07-25 00:00:00",17:43:00,"2025-07-25 00:00:00",18:49:00,0,1902,no,no,"no (EMPTY)"
3253,38368,2,closed,"2025-07-25 00:00:00",16:30:00,"2025-07-25 00:00:00",19:47:00,1,1829,no,no,"no (EMPTY)"
3252,38367,2,closed,"2025-07-25 00:00:00",15:00:00,"2025-07-25 00:00:00",16:46:00,0,1783,no,no,"no (EMPTY)"
3261,38393,2,closed,"2025-07-26 00:00:00",19:20:43,"2025-07-26 00:00:00",20:22,0,1770,no,no,"no (EMPTY)"
3260,38389,2,closed,"2025-07-26 00:00:00",15:55:00,"2025-07-31 00:00:00",12:27,5,1835,no,no,"no (EMPTY)"
3259,38388,2,closed,"2025-07-26 00:00:00",15:40:00,"2025-07-26 00:00:00",22:00,1,1731,no,no,"no (EMPTY)"
3258,38387,2,closed,"2025-07-26 00:00:00",15:50:30,"2025-07-26 00:00:00",20:10,1,1786,no,no,"no (EMPTY)"
3257,38385,2,closed,"2025-07-26 00:00:00",14:00:00,"2025-07-26 00:00:00",20:06,1,1847,no,no,"no (EMPTY)"
3256,38381,2,closed,"2025-07-26 00:00:00",10:45:00,"2025-07-26 00:00:00",14:52:00,1,1813,no,no,"no (EMPTY)"
3267,38422,2,closed,"2025-07-27 00:00:00",20:38:33,"2025-07-27 00:00:00",22:53,0,1805,no,no,"no (EMPTY)"
3266,38420,2,closed,"2025-07-27 00:00:00",18:35:00,"2025-07-31 00:00:00",15:45,4,1844,no,no,"no (EMPTY)"
3265,38417,2,closed,"2025-07-27 00:00:00",17:40:00,"2025-07-29 00:00:00",13:19:00,2,1862,no,no,"no (EMPTY)"
3264,38412,2,closed,"2025-07-27 00:00:00",15:06:00,"2025-07-27 00:00:00",20:18:00,1,1810,no,no,"no (EMPTY)"
3263,38409,2,closed,"2025-07-27 00:00:00",14:02:00,"2025-07-30 00:00:00",17:03:00,4,1776,no,no,"no (EMPTY)"
3262,38403,2,closed,"2025-07-27 00:00:00",11:39:46,"2025-07-27 00:00:00",19:32,1,1735,no,no,"no (EMPTY)"
3270,38443,2,closed,"2025-07-28 00:00:00",20:15:00,"2025-07-29 00:00:00",20:55,1,1895,no,no,"no (EMPTY)"
3269,38432,2,closed,"2025-07-28 00:00:00",14:25:00,"2025-08-03 00:00:00",17:49:00,7,1858,no,no,"no (EMPTY)"
3268,38429,2,closed,"2025-07-28 00:00:00",12:00:00,"2025-08-04 00:00:00",09:41,7,1859,no,no,"no (EMPTY)"
3275,38457,2,closed,"2025-07-29 00:00:00",16:16:00,"2025-07-29 00:00:00",20:54,1,1770,no,no,"no (EMPTY)"
3274,38454,2,closed,"2025-07-29 00:00:00",14:06:54,"2025-07-30 00:00:00",20:54,2,1741,no,no,"no (EMPTY)"
3273,38452,2,closed,"2025-07-29 00:00:00",12:50:00,"2025-07-31 00:00:00",12:28,2,1843,no,no,"no (EMPTY)"
3272,38449,2,closed,"2025-07-29 00:00:00",10:56:00,"2025-07-29 00:00:00",16:32,1,1791,no,no,"no (EMPTY)"
3271,38448,2,closed,"2025-07-29 00:00:00",09:20:00,"2025-07-30 00:00:00",13:21:00,2,1777,no,no,"no (EMPTY)"
3282,38477,2,closed,"2025-07-30 00:00:00",19:57:06,"2025-08-01 00:00:00",17:47,2,1875,no,no,"no (EMPTY)"
3281,38476,2,closed,"2025-07-30 00:00:00",19:15:00,"2025-07-31 00:00:00",20:25,1,1752,no,no,"no (EMPTY)"
3280,38474,2,closed,"2025-07-30 00:00:00",17:37:00,"2025-08-05 00:00:00",10:25,6,1910,no,no,"no (EMPTY)"
3279,38472,2,closed,"2025-07-30 00:00:00",15:25:00,"2025-08-03 00:00:00",21:07,5,1834,no,no,"no (EMPTY)"
3278,38470,2,closed,"2025-07-30 00:00:00",14:23:30,"2025-07-30 00:00:00",15:17,0,1854,no,no,"no (EMPTY)"
3277,38469,2,closed,"2025-07-30 00:00:00",13:48:16,"2025-07-31 00:00:00",14:40,1,1730,no,no,"no (EMPTY)"
3276,38466,2,closed,"2025-07-30 00:00:00",10:25:13,"2025-08-01 00:00:00",20:00:00,2,1737,no,no,"no (EMPTY)"
3285,38493,2,closed,"2025-07-31 00:00:00",14:45:00,"2025-07-31 00:00:00",15:46,0,1883,no,no,"no (EMPTY)"
3284,38489,2,closed,"2025-07-31 00:00:00",12:54:24,"2025-07-31 00:00:00",15:57,1,1902,no,no,"no (EMPTY)"
3283,38488,2,closed,"2025-07-31 00:00:00",12:25:00,"2025-08-01 00:00:00",09:26,1,1831,no,no,"no (EMPTY)"
3288,38502,2,closed,"2025-07-31 00:00:00",21:21:00,"2025-08-01 00:00:00",19:12:00,1,1812,no,no,"no (EMPTY)"
3287,38498,2,closed,"2025-07-31 00:00:00",20:00:00,"2025-08-01 00:00:00",11:37,1,1774,no,no,"no (EMPTY)"
3286,38496,2,closed,"2025-07-31 00:00:00",17:10:00,"2025-07-31 00:00:00",19:49,0,1735,no,no,"no (EMPTY)"
3292,38524,2,closed,"2025-08-01 00:00:00",18:05:49,"2025-08-02 00:00:00",15:55,1,1702,no,no,"no (EMPTY)"
3291,38520,2,closed,"2025-08-01 00:00:00",17:13:00,"2025-08-01 00:00:00",17:47,0,1780,no,no,"no (EMPTY)"
3290,38518,2,closed,"2025-08-01 00:00:00",15:00:00,"2025-08-01 00:00:00",23:38:00,1,1756,no,no,"no (EMPTY)"
3289,38512,2,closed,"2025-08-01 00:00:00",12:18:00,"2025-08-01 00:00:00",22:40,1,1889,no,no,"no (EMPTY)"
3296,38547,2,closed,"2025-08-02 00:00:00",15:30:00,"2025-08-03 00:00:00",15:43:00,1,1822,no,no,"no (EMPTY)"
3295,38543,2,closed,"2025-08-02 00:00:00",13:12:00,"2025-08-04 00:00:00",14:25:00,2,1742,no,no,"no (EMPTY)"
3294,38541,2,closed,"2025-08-02 00:00:00",11:43:00,"2025-08-05 00:00:00",21:53:00,4,1738,no,no,"no (EMPTY)"
3293,38537,2,closed,"2025-08-02 00:00:00",10:26:00,"2025-08-27 00:00:00",18:55:00,26,1835,no,no,"no (EMPTY)"
3302,38575,2,closed,"2025-08-03 00:00:00",20:30:00,"2025-08-03 00:00:00",21:40,0,1743,no,no,"no (EMPTY)"
3301,38570,2,closed,"2025-08-03 00:00:00",18:23:00,"2025-08-03 00:00:00",21:08,1,1799,no,no,"no (EMPTY)"
3300,38569,2,closed,"2025-08-03 00:00:00",17:26:00,"2025-08-06 00:00:00",12:24:00,3,1797,no,no,"no (EMPTY)"
3299,38565,2,closed,"2025-08-03 00:00:00",16:58:00,"2025-08-07 00:00:00",11:49,4,1896,no,no,"no (EMPTY)"
3298,38561,2,closed,"2025-08-03 00:00:00",15:35:00,"2025-08-03 00:00:00",16:51:00,0,1819,no,no,"no (EMPTY)"
3297,38560,2,closed,"2025-08-03 00:00:00",14:18:00,"2025-08-03 00:00:00",16:30,0,1881,no,no,"no (EMPTY)"
3304,38596,2,closed,"2025-08-04 00:00:00",20:17:00,"2025-08-05 00:00:00",22:40:00,1,1837,no,no,"no (EMPTY)"
3303,38590,2,closed,"2025-08-04 00:00:00",15:00:00,"2025-08-04 00:00:00",18:25:00,1,1777,no,no,"no (EMPTY)"
3311,38636,2,closed,"2025-08-05 00:00:00",23:00:00,"2025-08-07 00:00:00",11:50,2,1799,no,no,"no (EMPTY)"
3310,38630,2,closed,"2025-08-05 00:00:00",22:01:48,"2025-08-07 00:00:00",13:42,2,1805,no,no,"no (EMPTY)"
3309,38628,2,closed,"2025-08-05 00:00:00",20:26:31,"2025-08-05 00:00:00",21:46:00,0,1801,no,no,"no (EMPTY)"
3308,38624,2,closed,"2025-08-05 00:00:00",17:13:00,"2025-08-05 00:00:00",20:30:00,1,1730,no,no,"no (EMPTY)"
3307,38620,2,closed,"2025-08-05 00:00:00",16:17:00,"2025-08-09 00:00:00",14:57:00,4,1787,no,no,"no (EMPTY)"
3306,38619,2,closed,"2025-08-05 00:00:00",14:52:00,"2025-08-07 00:00:00",08:49,2,1794,no,no,"no (EMPTY)"
3305,38615,2,closed,"2025-08-05 00:00:00",13:39:00,"2025-08-05 00:00:00",22:04:00,1,1851,no,no,"no (EMPTY)"
3316,38649,2,closed,"2025-08-06 00:00:00",20:26:00,"2025-08-07 00:00:00",17:54,1,1743,no,no,"no (EMPTY)"
3315,38648,2,closed,"2025-08-06 00:00:00",18:29:10,"2025-08-09 00:00:00",11:48,3,1776,no,no,"no (EMPTY)"
3314,38644,2,closed,"2025-08-06 00:00:00",16:26:00,"2025-08-08 00:00:00",12:54:00,2,1877,no,no,"no (EMPTY)"
3313,38643,2,closed,"2025-08-06 00:00:00",14:52:00,"2025-08-06 00:00:00",17:59,1,1803,no,no,"no (EMPTY)"
3312,38642,2,closed,"2025-08-06 00:00:00",14:12:00,"2025-08-06 00:00:00",17:54,1,1820,no,no,"no (EMPTY)"
3318,38667,2,closed,"2025-08-07 00:00:00",19:57:59,"2025-08-08 00:00:00",16:57:00,1,1839,no,no,"no (EMPTY)"
3317,38659,2,closed,"2025-08-07 00:00:00",12:30:00,"2025-08-12 00:00:00",00:34,5,1859,no,no,"no (EMPTY)"
3326,38694,2,closed,"2025-08-08 00:00:00",22:00:00,"2025-08-12 00:00:00",19:35,4,1796,no,no,"no (EMPTY)"
3325,38692,2,closed,"2025-08-08 00:00:00",20:01:58,"2025-08-09 00:00:00",17:17:00,1,1702,no,no,"no (EMPTY)"
3324,38690,2,closed,"2025-08-08 00:00:00",18:24:26,"2025-08-12 00:00:00",11:59:00,4,1890,no,no,"no (EMPTY)"
3323,38685,2,closed,"2025-08-08 00:00:00",16:11:00,"2025-08-09 00:00:00",16:20:00,1,1903,no,no,"no (EMPTY)"
3322,38684,2,closed,"2025-08-08 00:00:00",15:30:00,"2025-08-08 00:00:00",22:07:00,1,1878,no,no,"no (EMPTY)"
3321,38681,2,closed,"2025-08-08 00:00:00",02:30:00,"2025-08-11 00:00:00",16:30,4,1864,no,no,"no (EMPTY)"
3320,38680,2,closed,"2025-08-08 00:00:00",12:40:00,"2025-08-08 00:00:00",21:22:00,1,1869,no,no,"no (EMPTY)"
3319,38676,2,closed,"2025-08-08 00:00:00",11:30:00,"2025-08-08 00:00:00",18:13:00,1,1880,no,no,"no (EMPTY)"
3329,38713,2,closed,"2025-08-09 00:00:00",20:23:00,"2025-08-10 00:00:00",22:18:00,1,1750,no,no,"no (EMPTY)"
3328,38710,2,closed,"2025-08-09 00:00:00",17:33:00,"2025-08-11 00:00:00",14:42,2,1809,no,no,"no (EMPTY)"
3327,38709,2,closed,"2025-08-09 00:00:00",16:40:00,"2025-08-23 00:00:00",18:50:00,14,1862,no,no,"no (EMPTY)"
3336,38735,2,closed,"2025-08-10 00:00:00",20:00:00,"2025-08-11 00:00:00",11:01,1,1795,no,no,"no (EMPTY)"
3335,38734,2,closed,"2025-08-10 00:00:00",19:05:00,"2025-08-10 00:00:00",20:27:00,0,1883,no,no,"no (EMPTY)"
3334,38733,2,closed,"2025-08-10 00:00:00",18:30:38,"2025-08-10 00:00:00",19:24:00,0,1748,no,no,"no (EMPTY)"
3333,38731,2,closed,"2025-08-10 00:00:00",17:33:00,"2025-08-11 00:00:00",15:21:00,1,1780,no,no,"no (EMPTY)"
3332,38728,2,closed,"2025-08-10 00:00:00",16:11:00,"2025-08-11 00:00:00",20:20:00,2,1812,no,no,"no (EMPTY)"
3331,38724,2,closed,"2025-08-10 00:00:00",13:51:00,"2025-08-22 00:00:00",18:23,13,1840,no,no,"no (EMPTY)"
3330,38722,2,closed,"2025-08-10 00:00:00",13:12:00,"2025-08-19 00:00:00",14:40,9,1837,no,no,"no (EMPTY)"
3341,38764,2,closed,"2025-08-11 00:00:00",18:37:00,"2025-08-13 00:00:00",14:26,2,1873,no,no,"no (EMPTY)"
3340,38763,2,closed,"2025-08-11 00:00:00",18:55:00,"2025-08-13 00:00:00",14:06,2,1892,no,no,"no (EMPTY)"
3339,38756,2,closed,"2025-08-11 00:00:00",15:50:00,"2025-08-13 00:00:00",13:19,2,1777,no,no,"no (EMPTY)"
3338,38755,2,closed,"2025-08-11 00:00:00",15:44:00,"2025-08-13 00:00:00",14:25,2,1903,no,no,"no (EMPTY)"
3337,38750,2,closed,"2025-08-11 00:00:00",13:47:00,"2025-08-11 00:00:00",18:14:00,1,1741,no,no,"no (EMPTY)"
3350,38792,2,closed,"2025-08-12 00:00:00",22:00:00,"2025-08-21 00:00:00",16:38,9,1790,no,no,"no (EMPTY)"
3349,38790,2,closed,"2025-08-12 00:00:00",20:37:02,"2025-08-13 00:00:00",14:24,1,1813,no,no,"no (EMPTY)"
3348,38784,2,closed,"2025-08-12 00:00:00",18:49:00,"2025-08-13 00:00:00",14:23,1,1897,no,no,"no (EMPTY)"
3347,38781,2,closed,"2025-08-12 00:00:00",16:45:00,"2025-08-14 00:00:00",14:51,2,1788,no,no,"no (EMPTY)"
3346,38780,2,closed,"2025-08-12 00:00:00",15:32:00,"2025-08-13 00:00:00",16:28,1,1756,no,no,"no (EMPTY)"
3345,38778,2,closed,"2025-08-12 00:00:00",13:50:00,"2025-08-13 00:00:00",14:22,1,1869,no,no,"no (EMPTY)"
3344,38776,2,closed,"2025-08-12 00:00:00",12:47:00,"2025-08-19 00:00:00",17:16,8,1776,no,no,"no (EMPTY)"
3343,38774,2,closed,"2025-08-12 00:00:00",12:05:00,"2025-08-12 00:00:00",18:07,1,1782,no,no,"no (EMPTY)"
3342,38768,2,closed,"2025-08-12 00:00:00",10:20:00,"2025-08-17 00:00:00",12:58,5,1793,no,no,"no (EMPTY)"
3357,38811,2,closed,"2025-08-13 00:00:00",22:24:00,"2025-08-14 00:00:00",14:13:00,1,1816,no,no,"no (EMPTY)"
3356,38810,2,closed,"2025-08-13 00:00:00",20:30:00,"2025-08-14 00:00:00",17:33,1,1880,no,no,"no (EMPTY)"
3355,38808,2,closed,"2025-08-13 00:00:00",19:20:00,"2025-08-14 00:00:00",09:27,1,1804,no,no,"no (EMPTY)"
3354,38806,2,closed,"2025-08-13 00:00:00",18:39:44,"2025-08-13 00:00:00",19:12:00,0,1905,no,no,"no (EMPTY)"
3353,38804,2,closed,"2025-08-13 00:00:00",16:35:00,"2025-08-14 00:00:00",13:51,1,1755,no,no,"no (EMPTY)"
3352,38803,2,closed,"2025-08-13 00:00:00",15:39:42,"2025-08-13 00:00:00",17:31,0,1870,no,no,"no (EMPTY)"
3351,38801,2,closed,"2025-08-13 00:00:00",13:46:21,"2025-08-13 00:00:00",17:31,1,1878,no,no,"no (EMPTY)"
3362,38836,5,closed,"2025-08-14 00:00:00",19:00:00,"2025-08-14 00:00:00",19:00:00,0,1893,yes,yes,"no (EMPTY)"
3361,38833,2,closed,"2025-08-14 00:00:00",17:46:00,"2025-08-14 00:00:00",18:51:00,0,1774,no,no,"no (EMPTY)"
3360,38832,2,closed,"2025-08-14 00:00:00",16:41:00,"2025-08-16 00:00:00",16:44,2,1877,no,no,"no (EMPTY)"
3359,38827,2,closed,"2025-08-14 00:00:00",15:30:00,"2025-08-16 00:00:00",16:44,2,1738,no,no,"no (EMPTY)"
3358,38824,2,closed,"2025-08-14 00:00:00",14:00:00,"2025-08-16 00:00:00",19:30:00,3,1821,no,no,"no (EMPTY)"
3367,38857,2,closed,"2025-08-15 00:00:00",22:41:27,"2025-08-18 00:00:00",08:02,3,1816,no,no,"no (EMPTY)"
3366,38853,2,closed,"2025-08-15 00:00:00",20:07:00,"2025-08-16 00:00:00",09:51,1,1787,no,no,"no (EMPTY)"
3365,38852,2,closed,"2025-08-15 00:00:00",17:35:00,"2025-08-15 00:00:00",19:01:00,0,1750,no,no,"no (EMPTY)"
3364,38851,2,closed,"2025-08-15 00:00:00",18:57:33,"2025-08-17 00:00:00",11:42,2,1789,no,no,"no (EMPTY)"
3363,38845,2,closed,"2025-08-15 00:00:00",12:45:00,"2025-08-19 00:00:00",13:17,4,1780,no,no,"no (EMPTY)"
3372,38876,2,closed,"2025-08-16 00:00:00",20:20:00,"2025-08-20 00:00:00",17:14,4,1902,no,no,"no (EMPTY)"
3371,38874,2,closed,"2025-08-16 00:00:00",18:10:00,"2025-08-19 00:00:00",19:00:00,3,1892,no,no,"no (EMPTY)"
3370,38873,2,closed,"2025-08-16 00:00:00",16:45:00,"2025-08-16 00:00:00",17:38,0,1884,no,no,"no (EMPTY)"
3369,38871,2,closed,"2025-08-16 00:00:00",16:00:00,"2025-08-16 00:00:00",20:54:00,1,1742,no,no,"no (EMPTY)"
3368,38870,2,closed,"2025-08-16 00:00:00",15:00:00,"2025-08-16 00:00:00",16:31,0,1741,no,no,"no (EMPTY)"
3379,38901,2,closed,"2025-08-17 00:00:00",20:10:00,"2025-08-19 00:00:00",13:16,2,1778,no,no,"no (EMPTY)"
3378,38898,2,closed,"2025-08-17 00:00:00",18:35:00,"2025-08-21 00:00:00",23:01:00,5,1782,no,no,"no (EMPTY)"
3377,38894,2,closed,"2025-08-17 00:00:00",17:19:00,"2025-08-17 00:00:00",18:49,0,1754,no,no,"no (EMPTY)"
3376,38893,2,closed,"2025-08-17 00:00:00",16:00:00,"2025-08-18 00:00:00",08:06,1,1900,no,no,"no (EMPTY)"
3375,38892,2,closed,"2025-08-17 00:00:00",13:00:00,"2025-08-17 00:00:00",17:26,1,1854,no,no,"no (EMPTY)"
3374,38891,2,closed,"2025-08-17 00:00:00",14:00:00,"2025-08-18 00:00:00",14:37,1,1737,no,no,"no (EMPTY)"
3373,38883,2,closed,"2025-08-17 00:00:00",11:40:00,"2025-08-19 00:00:00",17:59:00,3,1731,no,no,"no (EMPTY)"
3381,38922,2,closed,"2025-08-18 00:00:00",15:55:00,"2025-08-18 00:00:00",18:12,1,1905,no,no,"no (EMPTY)"
3380,38921,2,closed,"2025-08-18 00:00:00",14:38:16,"2025-08-18 00:00:00",18:09,1,1894,no,no,"no (EMPTY)"
3388,38956,2,closed,"2025-08-19 00:00:00",21:42:09,"2025-08-21 00:00:00",21:18:00,2,1809,no,no,"no (EMPTY)"
3387,38955,2,closed,"2025-08-19 00:00:00",20:30:00,"2025-08-19 00:00:00",21:34:00,0,1827,no,no,"no (EMPTY)"
3386,38950,2,closed,"2025-08-19 00:00:00",17:42:48,"2025-08-21 00:00:00",14:27,2,1851,no,no,"no (EMPTY)"
3385,38949,2,closed,"2025-08-19 00:00:00",17:28:00,"2025-08-24 00:00:00",21:06:00,5,1814,no,no,"no (EMPTY)"
3384,38948,2,closed,"2025-08-19 00:00:00",16:25:00,"2025-08-21 00:00:00",18:15:00,2,1852,no,no,"no (EMPTY)"
3383,38943,2,closed,"2025-08-19 00:00:00",14:30:00,"2025-08-19 00:00:00",16:06:00,0,1824,no,no,"no (EMPTY)"
3382,38940,2,closed,"2025-08-19 00:00:00",13:15:00,"2025-08-20 00:00:00",18:26:00,2,1883,no,no,"no (EMPTY)"
3395,38974,2,closed,"2025-08-20 00:00:00",19:25:00,"2025-08-21 00:00:00",09:18,1,1755,no,no,"no (EMPTY)"
3394,38972,2,closed,"2025-08-20 00:00:00",17:53:07,"2025-08-20 00:00:00",18:45:00,0,1873,no,no,"no (EMPTY)"
3393,38971,2,closed,"2025-08-20 00:00:00",17:00:00,"2025-08-21 00:00:00",13:19,1,1803,no,no,"no (EMPTY)"
3392,38969,2,closed,"2025-08-20 00:00:00",15:09:00,"2025-08-20 00:00:00",16:26,0,1730,no,no,"no (EMPTY)"
3391,38966,2,closed,"2025-08-20 00:00:00",14:13:37,"2025-08-23 00:00:00",11:28,3,1886,no,no,"no (EMPTY)"
3390,38965,2,closed,"2025-08-20 00:00:00",13:40:00,"2025-08-20 00:00:00",22:19:00,1,1901,no,no,"no (EMPTY)"
3389,38957,2,closed,"2025-08-20 00:00:00",09:07:39,"2025-08-22 00:00:00",20:30:00,3,1827,no,no,"no (EMPTY)"
3402,38999,2,closed,"2025-08-21 00:00:00",20:32:00,"2025-08-21 00:00:00",21:00:00,0,1819,no,no,"no (EMPTY)"
3401,38998,2,closed,"2025-08-21 00:00:00",20:10:00,"2025-08-30 00:00:00",19:06:00,9,1815,no,no,"no (EMPTY)"
3400,38994,2,closed,"2025-08-21 00:00:00",17:28:00,"2025-08-22 00:00:00",14:25:00,1,1895,no,no,"no (EMPTY)"
3399,38992,2,closed,"2025-08-21 00:00:00",16:00:00,"2025-08-28 00:00:00",19:21,8,1864,no,no,"no (EMPTY)"
3398,38990,2,closed,"2025-08-21 00:00:00",14:37:10,"2025-08-21 00:00:00",18:28:00,1,1819,no,no,"no (EMPTY)"
3397,38987,2,closed,"2025-08-21 00:00:00",13:13:00,"2025-08-25 00:00:00",13:47:00,4,1872,no,no,"no (EMPTY)"
3396,38986,2,closed,"2025-08-21 00:00:00",19:12:00,"2025-08-23 00:00:00",22:23:00,3,1732,no,no,"no (EMPTY)"
3404,39019,2,closed,"2025-08-22 00:00:00",22:13:00,"2025-08-23 00:00:00",16:11,1,1822,no,no,"no (EMPTY)"
3403,39012,2,closed,"2025-08-22 00:00:00",17:12:00,"2025-08-23 00:00:00",11:33,1,1826,no,no,"no (EMPTY)"
3410,39028,2,closed,"2025-08-23 00:00:00",16:37:00,"2025-08-23 00:00:00",21:36:00,1,1805,no,no,"no (EMPTY)"
3409,39027,2,closed,"2025-08-23 00:00:00",16:05:56,"2025-08-23 00:00:00",16:43,0,1778,no,no,"no (EMPTY)"
3408,39026,2,closed,"2025-08-23 00:00:00",14:40:00,"2025-08-23 00:00:00",16:05,0,1897,no,no,"no (EMPTY)"
3407,39024,2,closed,"2025-08-23 00:00:00",11:49:00,"2025-08-23 00:00:00",21:32:00,1,1802,no,no,"no (EMPTY)"
3406,39023,2,closed,"2025-08-23 00:00:00",12:43:00,"2025-08-23 00:00:00",21:40:00,1,1797,no,no,"no (EMPTY)"
3405,39021,2,closed,"2025-08-23 00:00:00",09:00:00,"2025-08-24 00:00:00",19:25:00,2,1912,no,no,"no (EMPTY)"
3412,39040,2,closed,"2025-08-23 00:00:00",22:17:00,"2025-08-26 00:00:00",14:21,3,1755,no,no,"no (EMPTY)"
3411,39035,2,closed,"2025-08-23 00:00:00",20:44:32,"2025-08-23 00:00:00",22:40:00,0,1846,no,no,"no (EMPTY)"
3416,39068,2,closed,"2025-08-24 00:00:00",14:56,"2025-08-26 00:00:00",14:02,2,1784,no,no,"no (EMPTY)"
3413,39053,2,closed,"2025-08-24 00:00:00",16:05:02,"2025-08-25 00:00:00",14:58:00,6,1768,no,no,"no (EMPTY)"
3420,39077,2,closed,"2025-08-25 00:00:00",21:01:00,"2025-08-26 00:00:00",12:30,1,1741,no,no,"no (EMPTY)"
3419,39076,2,closed,"2025-08-25 00:00:00",19:18:00,"2025-08-26 00:00:00",20:25:00,1,1910,no,no,"no (EMPTY)"
3418,39075,2,closed,"2025-08-25 00:00:00",19:00:00,"2025-08-28 00:00:00",14:11,3,1826,no,no,"no (EMPTY)"
3417,39073,2,closed,"2025-08-25 00:00:00",18:17:00,"2025-08-26 00:00:00",16:36,1,1812,no,no,"no (EMPTY)"
3415,39065,2,closed,"2025-08-25 00:00:00",12:39:00,"2025-09-02 00:00:00",10:06,8,1836,no,no,"no (EMPTY)"
3414,39063,2,closed,"2025-08-25 00:00:00",11:45:00,"2025-08-28 00:00:00",17:08,4,1780,no,no,"no (EMPTY)"
3424,39094,2,closed,"2025-08-26 00:00:00",16:34:00,"2025-08-26 00:00:00",18:15:00,0,1781,no,no,"no (EMPTY)"
3423,39091,2,closed,"2025-08-26 00:00:00",15:21:00,"2025-08-29 00:00:00",22:40,4,1851,no,no,"no (EMPTY)"
3422,39090,2,closed,"2025-08-26 00:00:00",15:19:48,"2025-08-28 00:00:00",19:01,3,1801,no,no,"no (EMPTY)"
3421,39086,2,closed,"2025-08-26 00:00:00",12:59:00,"2025-08-26 00:00:00",14:01,0,1730,no,no,"no (EMPTY)"
3428,39117,2,closed,"2025-08-27 00:00:00",19:59:18,"2025-08-29 00:00:00",18:51:00,2,1816,no,no,"no (EMPTY)"
3427,39113,2,closed,"2025-08-27 00:00:00",16:24,"2025-08-29 00:00:00",14:11:00,2,1880,no,no,"no (EMPTY)"
3426,39111,2,closed,"2025-08-27 00:00:00",15:03:00,"2025-08-27 00:00:00",16:22,1,1795,no,no,"no (EMPTY)"
3425,39106,2,closed,"2025-08-27 00:00:00",12:53:00,"2025-08-29 00:00:00",19:49:00,3,1847,no,no,"no (EMPTY)"
3431,39136,2,closed,"2025-08-28 00:00:00",20:00:00,"2025-08-29 00:00:00",18:47:00,1,1844,no,no,"no (EMPTY)"
3430,39127,2,closed,"2025-08-28 00:00:00",16:51:24,"2025-09-01 00:00:00",11:22,4,1748,no,no,"no (EMPTY)"
3429,39126,2,closed,"2025-08-28 00:00:00",15:21:52,"2025-08-28 00:00:00",16:56,0,1877,no,no,"no (EMPTY)"
3433,39149,2,closed,"2025-08-29 00:00:00",14:10:00,"2025-08-31 00:00:00",12:37,2,1903,no,no,"no (EMPTY)"
3432,39148,2,closed,"2025-08-29 00:00:00",14:14:23,"2025-08-29 00:00:00",17:25:00,1,1859,no,no,"no (EMPTY)"
3441,39181,2,closed,"2025-08-30 00:00:00",20:29:00,"2025-09-11 00:00:00",17:38,12,1805,no,no,"no (EMPTY)"
3440,39180,2,closed,"2025-08-30 00:00:00",19:33:00,"2025-09-02 00:00:00",10:46,3,1780,no,no,"no (EMPTY)"
3439,39178,2,closed,"2025-08-30 00:00:00",18:21:59,"2025-08-30 00:00:00",23:10:00,1,1883,no,no,"no (EMPTY)"
3438,39176,2,closed,"2025-08-30 00:00:00",16:55:00,"2025-09-02 00:00:00",10:53,3,1777,no,no,"no (EMPTY)"
3437,39174,2,closed,"2025-08-30 00:00:00",15:43:00,"2025-09-01 00:00:00",14:26:00,2,1812,no,no,"no (EMPTY)"
3436,39173,2,closed,"2025-08-30 00:00:00",14:08:00,"2025-08-30 00:00:00",14:58:00,0,1776,no,no,"no (EMPTY)"
3435,39171,2,closed,"2025-08-30 00:00:00",13:46:00,"2025-08-30 00:00:00",22:40:00,1,1912,no,no,"no (EMPTY)"
3434,39170,2,closed,"2025-08-30 00:00:00",12:54:00,"2025-09-01 00:00:00",11:56,2,1799,no,no,"no (EMPTY)"
3446,39205,2,closed,"2025-08-31 00:00:00",18:13:00,"2025-09-03 00:00:00",18:57:00,3,1753,no,no,"no (EMPTY)"
3445,39204,2,closed,"2025-08-31 00:00:00",18:30:00,"2025-09-03 00:00:00",19:15:00,3,1787,no,no,"no (EMPTY)"
3444,39193,2,closed,"2025-08-31 00:00:00",15:18:00,"2025-09-02 00:00:00",19:23:00,3,1801,no,no,"no (EMPTY)"
3443,39191,2,closed,"2025-08-31 00:00:00",14:40:54,"2025-08-31 00:00:00",15:08:00,0,1872,no,no,"no (EMPTY)"
3442,39188,2,closed,"2025-08-31 00:00:00",13:06:00,"2025-08-31 00:00:00",16:34:00,1,1809,no,no,"no (EMPTY)"
3453,39235,2,closed,"2025-09-01 00:00:00",21:33:00,"2025-09-03 00:00:00",16:14:00,2,1826,no,no,"no (EMPTY)"
3452,39231,2,closed,"2025-09-01 00:00:00",20:05:00,"2025-09-02 00:00:00",20:12:00,1,1793,no,no,"no (EMPTY)"
3451,39226,2,closed,"2025-09-01 00:00:00",17:08:48,"2025-09-03 00:00:00",14:09,2,1876,no,no,"no (EMPTY)"
3450,39221,2,closed,"2025-09-01 00:00:00",15:28:13,"2025-09-02 00:00:00",14:54,1,1883,no,no,"no (EMPTY)"
3449,39220,2,closed,"2025-09-01 00:00:00",14:23:00,"2025-09-05 00:00:00",12:03,4,1864,no,no,"no (EMPTY)"
3448,39218,2,closed,"2025-09-01 00:00:00",13:31:00,"2025-09-01 00:00:00",16:25:00,1,1870,no,no,"no (EMPTY)"
3447,39217,2,closed,"2025-09-01 00:00:00",12:15:00,"2025-09-02 00:00:00",10:45,1,1878,no,no,"no (EMPTY)"
3460,39273,2,closed,"2025-09-02 00:00:00",12:31:00,"2025-09-03 00:00:00",12:56,1,1827,no,no,"no (EMPTY)"
3459,39271,2,closed,"2025-09-02 00:00:00",21:33:45,"2025-09-11 00:00:00",20:45,9,1851,no,no,"no (EMPTY)"
3458,39268,2,closed,"2025-09-02 00:00:00",18:01,"2025-09-03 00:00:00",15:11:00,1,1875,no,no,"no (EMPTY)"
3457,39267,2,closed,"2025-09-02 00:00:00",19:08:00,"2025-09-02 00:00:00",21:17:00,1,1908,no,no,"no (EMPTY)"
3456,39260,2,closed,"2025-09-02 00:00:00",17:34:00,"2025-09-02 00:00:00",18:15:00,0,1807,no,no,"no (EMPTY)"
3455,39254,2,closed,"2025-09-02 00:00:00",16:00:00,"2025-09-03 00:00:00",12:57,1,1820,no,no,"no (EMPTY)"
3454,39246,2,closed,"2025-09-02 00:00:00",13:16:00,"2025-09-03 00:00:00",15:57,1,1884,no,no,"no (EMPTY)"
3464,39292,2,closed,"2025-09-03 00:00:00",18:54:00,"2025-09-03 00:00:00",20:24:00,0,1867,no,no,"no (EMPTY)"
3463,39290,2,closed,"2025-09-03 00:00:00",17:43:00,"2025-09-05 00:00:00",12:15,2,1897,no,no,"no (EMPTY)"
3462,39288,2,closed,"2025-09-03 00:00:00",16:31:00,"2025-09-04 00:00:00",17:29:00,1,1804,no,no,"no (EMPTY)"
3461,39287,2,closed,"2025-09-03 00:00:00",15:21:00,"2025-09-04 00:00:00",15:46:00,1,1844,no,no,"no (EMPTY)"
3465,39306,2,closed,"2025-09-04 00:00:00",14:06:46,"2025-09-06 00:00:00",13:18,2,1895,no,no,"no (EMPTY)"
3468,39325,2,closed,"2025-09-04 00:00:00",10:22:00,"2025-09-09 00:00:00",17:30,6,1810,no,no,"no (EMPTY)"
3467,39317,2,closed,"2025-09-04 00:00:00",18:47:00,"2025-09-06 00:00:00",13:20,2,1894,no,no,"no (EMPTY)"
3466,39315,2,closed,"2025-09-04 00:00:00",17:34:00,"2025-09-06 00:00:00",13:20,2,1881,no,no,"no (EMPTY)"
3473,39349,2,closed,"2025-09-05 00:00:00",20:34:00,"2025-09-07 00:00:00",10:39,2,1812,no,no,"no (EMPTY)"
3472,39348,2,closed,"2025-09-05 00:00:00",19:29:00,"2025-09-05 00:00:00",21:23:00,0,1818,no,no,"no (EMPTY)"
3471,39346,2,closed,"2025-09-05 00:00:00",17:56:53,"2025-09-06 00:00:00",13:18,1,1748,no,no,"no (EMPTY)"
3470,39344,2,closed,"2025-09-05 00:00:00",15:20:00,"2025-09-10 00:00:00",12:50,5,1754,no,no,"no (EMPTY)"
3469,39331,2,closed,"2025-09-05 00:00:00",10:42:00,"2025-09-06 00:00:00",13:17,2,1836,no,no,"no (EMPTY)"
3477,39373,2,closed,"2025-09-06 00:00:00",17:33:00,"2025-09-09 00:00:00",09:02,3,1858,no,no,"no (EMPTY)"
3476,39369,2,closed,"2025-09-06 00:00:00",16:00:00,"2025-09-06 00:00:00",22:54:00,1,1786,no,no,"no (EMPTY)"
3475,39366,2,closed,"2025-09-06 00:00:00",15:00:00,"2025-09-06 00:00:00",22:38,1,1910,no,no,"no (EMPTY)"
3474,39365,2,closed,"2025-09-06 00:00:00",13:29:00,"2025-09-06 00:00:00",18:15:00,1,1852,no,no,"no (EMPTY)"
3481,39401,2,closed,"2025-09-07 00:00:00",19:58:16,"2025-09-08 00:00:00",09:28,1,1742,no,no,"no (EMPTY)"
3480,39399,2,closed,"2025-09-07 00:00:00",18:38:00,"2025-09-07 00:00:00",19:26,0,1738,no,no,"no (EMPTY)"
3479,39393,2,closed,"2025-09-07 00:00:00",14:38:00,"2025-09-09 00:00:00",14:29:00,2,1786,no,no,"no (EMPTY)"
3478,39392,2,closed,"2025-09-07 00:00:00",14:45:00,"2025-09-07 00:00:00",18:02,1,1854,no,no,"no (EMPTY)"
3486,39422,2,closed,"2025-09-08 00:00:00",20:04:00,"2025-09-10 00:00:00",12:19:00,2,1841,no,no,"no (EMPTY)"
3485,39417,2,closed,"2025-09-08 00:00:00",17:50:00,"2025-09-10 00:00:00",16:18:00,2,1857,no,no,"no (EMPTY)"
3484,39415,2,closed,"2025-09-08 00:00:00",16:35:00,"2025-09-10 00:00:00",21:40:00,3,1869,no,no,"no (EMPTY)"
3483,39413,2,closed,"2025-09-08 00:00:00",14:36:00,"2025-09-08 00:00:00",19:33:00,1,1893,no,no,"no (EMPTY)"
3482,39412,2,closed,"2025-09-08 00:00:00",13:41:00,"2025-09-09 00:00:00",14:17,1,1843,no,no,"no (EMPTY)"
3494,39446,2,closed,"2025-09-09 00:00:00",20:07:00,"2025-09-10 00:00:00",12:50,1,1826,no,no,"no (EMPTY)"
3493,39445,2,closed,"2025-09-09 00:00:00",20:10:00,"2025-09-09 00:00:00",20:05,3,1826,no,no,"no (EMPTY)"
3492,39441,5,closed,"2025-09-09 00:00:00",17:58:00,"2025-09-09 00:00:00",17:58:00,0,1862,yes,yes,"no (EMPTY)"
3491,39437,2,closed,"2025-09-09 00:00:00",16:23:00,"2025-09-11 00:00:00",19:50:00,3,1782,no,no,"no (EMPTY)"
3490,39436,2,closed,"2025-09-09 00:00:00",15:31:00,"2025-09-10 00:00:00",19:33:00,2,1872,no,no,"no (EMPTY)"
3489,39434,2,closed,"2025-09-09 00:00:00",14:39:00,"2025-09-09 00:00:00",20:05:00,1,1741,no,no,"no (EMPTY)"
3488,39433,2,closed,"2025-09-09 00:00:00",13:21:00,"2025-09-10 00:00:00",12:51,1,1907,no,no,"no (EMPTY)"
3487,39431,2,closed,"2025-09-09 00:00:00",12:30:00,"2025-09-10 00:00:00",12:25:00,1,1888,no,no,"no (EMPTY)"
3496,39473,2,closed,"2025-09-10 00:00:00",18:42:00,"2025-09-11 00:00:00",20:44,1,1807,no,no,"no (EMPTY)"
3495,39463,2,closed,"2025-09-10 00:00:00",16:46:00,"2025-09-10 00:00:00",17:49,0,1844,no,no,"no (EMPTY)"
3501,39498,2,closed,"2025-09-11 00:00:00",21:21:00,"2025-09-13 00:00:00",11:07,2,1851,no,no,"no (EMPTY)"
3500,39494,2,closed,"2025-09-11 00:00:00",19:53:00,"2025-09-12 00:00:00",15:18,1,1742,no,no,"no (EMPTY)"
3499,39490,2,closed,"2025-09-11 00:00:00",17:21:00,"2025-09-12 00:00:00",13:16:00,1,1877,no,no,"no (EMPTY)"
3498,39486,2,closed,"2025-09-11 00:00:00",14:53:00,"2025-09-13 00:00:00",11:06,2,1907,no,no,"no (EMPTY)"
3497,39484,2,closed,"2025-09-11 00:00:00",11:25:00,"2025-09-11 00:00:00",13:17:00,0,1787,no,no,"no (EMPTY)"
3508,39523,2,closed,"2025-09-12 00:00:00",21:10:00,"2025-09-13 00:00:00",11:11,1,1738,no,no,"no (EMPTY)"
3507,39521,2,closed,"2025-09-12 00:00:00",22:20:00,"2025-09-14 00:00:00",14:03:00,2,1835,no,no,"no (EMPTY)"
3506,39517,2,closed,"2025-09-12 00:00:00",19:17:00,"2025-09-17 00:00:00",16:30,5,1799,no,no,"no (EMPTY)"
3505,39513,2,closed,"2025-09-12 00:00:00",17:55:00,"2025-09-15 00:00:00",18:12,3,1781,no,no,"no (EMPTY)"
3504,39507,2,closed,"2025-09-12 00:00:00",14:08:00,"2025-09-12 00:00:00",17:55:00,1,1786,no,no,"no (EMPTY)"
3503,39504,2,closed,"2025-09-12 00:00:00",10:58:00,"2025-09-12 00:00:00",17:50:00,1,1840,no,no,"no (EMPTY)"
3502,39503,2,closed,"2025-09-12 00:00:00",10:50:00,"2025-09-12 00:00:00",10:55:00,0,1840,no,no,"no (EMPTY)"
3516,39555,2,closed,"2025-09-13 00:00:00",19:15:00,"2025-09-17 00:00:00",17:57,4,1896,no,no,"no (EMPTY)"
3515,39554,2,closed,"2025-09-13 00:00:00",21:55:00,"2025-09-15 00:00:00",16:31:00,2,1823,no,no,"no (EMPTY)"
3514,39547,2,closed,"2025-09-13 00:00:00",20:18:00,"2025-09-16 00:00:00",18:39,3,1793,no,no,"no (EMPTY)"
3513,39538,2,closed,"2025-09-13 00:00:00",18:03:00,"2025-09-14 00:00:00",09:06,1,1851,no,no,"no (EMPTY)"
3512,39534,2,closed,"2025-09-13 00:00:00",17:09:00,"2025-09-25 00:00:00",17:48:00,12,1777,no,no,"no (EMPTY)"
3511,39533,2,closed,"2025-09-13 00:00:00",15:39:00,"2025-09-13 00:00:00",17:03:00,0,1837,no,no,"no (EMPTY)"
3510,39532,2,closed,"2025-09-13 00:00:00",15:29:00,"2025-09-13 00:00:00",21:27:00,1,1823,no,no,"no (EMPTY)"
3509,39530,2,closed,"2025-09-13 00:00:00",11:56:00,"2025-09-13 00:00:00",19:38,1,1883,no,no,"no (EMPTY)"
3527,39579,2,closed,"2025-09-14 00:00:00",22:28:25,"2025-09-16 00:00:00",20:51:00,2,1750,no,no,"no (EMPTY)"
3526,39578,2,closed,"2025-09-14 00:00:00",21:02:21,"2025-09-14 00:00:00",21:41,0,1818,no,no,"no (EMPTY)"
3525,39576,2,closed,"2025-09-14 00:00:00",20:04:26,"2025-09-14 00:00:00",20:59,0,1912,no,no,"no (EMPTY)"
3524,39572,2,closed,"2025-09-14 00:00:00",18:37:00,"2025-09-15 00:00:00",19:31:00,1,1828,no,no,"no (EMPTY)"
3523,39571,2,closed,"2025-09-14 00:00:00",17:54:00,"2025-09-19 00:00:00",13:04:00,5,1755,no,no,"no (EMPTY)"
3522,39567,2,closed,"2025-09-14 00:00:00",16:36:00,"2025-09-14 00:00:00",22:39,1,1801,no,no,"no (EMPTY)"
3521,39566,2,closed,"2025-09-14 00:00:00",16:40:00,"2025-09-14 00:00:00",17:42:00,0,1828,no,no,"no (EMPTY)"
3520,39565,2,closed,"2025-09-14 00:00:00",16:26:00,"2025-09-20 00:00:00",14:40,6,1826,no,no,"no (EMPTY)"
3519,39564,2,closed,"2025-09-14 00:00:00",15:52:00,"2025-09-19 00:00:00",20:36:00,6,1844,no,no,"no (EMPTY)"
3518,39563,2,closed,"2025-09-14 00:00:00",15:16:00,"2025-09-14 00:00:00",15:50,1,1844,no,no,"no (EMPTY)"
3517,39561,2,closed,"2025-09-14 00:00:00",15:16:00,"2025-09-15 00:00:00",12:39:00,1,1742,no,no,"no (EMPTY)"
3532,39599,2,closed,"2025-09-15 00:00:00",19:09:00,"2025-09-15 00:00:00",20:18,0,1776,no,no,"no (EMPTY)"
3531,39598,2,closed,"2025-09-15 00:00:00",18:08:00,"2025-09-16 00:00:00",20:08:00,1,1780,no,no,"no (EMPTY)"
3530,39595,2,closed,"2025-09-15 00:00:00",17:00:00,"2025-09-15 00:00:00",18:25,0,1840,no,no,"no (EMPTY)"
3529,39593,2,closed,"2025-09-15 00:00:00",16:11:00,"2025-09-17 00:00:00",17:36,2,1894,no,no,"no (EMPTY)"
3528,39588,2,closed,"2025-09-15 00:00:00",13:56:00,"2025-09-15 00:00:00",18:30,1,1835,no,no,"no (EMPTY)"
3534,39605,2,closed,"2025-09-15 00:00:00",22:09:00,"2025-09-18 00:00:00",16:12,3,1823,no,no,"no (EMPTY)"
3533,39604,2,closed,"2025-09-15 00:00:00",21:08:50,"2025-09-15 00:00:00",22:02,0,1854,no,no,"no (EMPTY)"
3539,39626,2,closed,"2025-09-16 00:00:00",21:00:00,"2025-09-18 00:00:00",12:30,2,1912,no,no,"no (EMPTY)"
3538,39625,2,closed,"2025-09-16 00:00:00",21:14:28,"2025-09-16 00:00:00",23:32,0,1906,no,no,"no (EMPTY)"
3537,39623,2,closed,"2025-09-16 00:00:00",20:19:22,"2025-09-16 00:00:00",21:16,0,1852,no,no,"no (EMPTY)"
3536,39617,2,closed,"2025-09-16 00:00:00",17:24:00,"2025-09-16 00:00:00",18:19,0,1897,no,no,"no (EMPTY)"
3535,39615,2,closed,"2025-09-16 00:00:00",15:02:00,"2025-09-16 00:00:00",17:24:00,0,1810,no,no,"no (EMPTY)"
3544,39651,2,closed,"2025-09-17 00:00:00",20:00:00,"2025-09-19 00:00:00",10:05:00,2,1861,no,no,"no (EMPTY)"
3543,39648,2,closed,"2025-09-17 00:00:00",18:20:14,"2025-09-17 00:00:00",19:15,0,1873,no,no,"no (EMPTY)"
3542,39646,2,closed,"2025-09-17 00:00:00",16:45:00,"2025-09-20 00:00:00",14:38,3,1885,no,no,"no (EMPTY)"
3541,39644,2,closed,"2025-09-17 00:00:00",16:40:00,"2025-09-17 00:00:00",18:01,0,1782,no,no,"no (EMPTY)"
3540,39633,2,closed,"2025-09-17 00:00:00",11:27:00,"2025-09-25 00:00:00",17:23,9,1828,no,no,"no (EMPTY)"
3552,39680,2,closed,"2025-09-18 00:00:00",21:05:00,"2025-09-23 00:00:00",20:06,5,1859,no,no,"no (EMPTY)"
3551,39676,2,closed,"2025-09-18 00:00:00",23:05:00,"2025-09-19 00:00:00",19:16:00,1,1823,no,no,"no (EMPTY)"
3550,39675,2,closed,"2025-09-18 00:00:00",22:07:00,"2025-09-19 00:00:00",22:17:00,1,1836,no,no,"no (EMPTY)"
3549,39673,2,closed,"2025-09-18 00:00:00",17:22:00,"2025-09-20 00:00:00",19:38,2,1846,no,no,"no (EMPTY)"
3548,39664,2,closed,"2025-09-18 00:00:00",14:10:32,"2025-09-20 00:00:00",11:34:00,2,1872,no,no,"no (EMPTY)"
3547,39663,2,closed,"2025-09-18 00:00:00",13:22:13,"2025-09-18 00:00:00",22:04,1,1795,no,no,"no (EMPTY)"
3546,39659,2,closed,"2025-09-18 00:00:00",11:20:00,"2025-09-22 00:00:00",12:32,4,1742,no,no,"no (EMPTY)"
3545,39658,2,closed,"2025-09-18 00:00:00",11:04:10,"2025-09-18 00:00:00",13:04,0,1814,no,no,"no (EMPTY)"
3554,39695,2,closed,"2025-09-19 00:00:00",20:03:00,"2025-09-21 00:00:00",16:55,2,1847,no,no,"no (EMPTY)"
3553,39689,2,closed,"2025-09-19 00:00:00",13:36:00,"2025-09-27 00:00:00",11:46,8,1750,no,no,"no (EMPTY)"
3560,39718,2,closed,"2025-09-20 00:00:00",22:11:00,"2025-09-27 00:00:00",11:45,7,1803,no,no,"no (EMPTY)"
3559,39717,2,closed,"2025-09-20 00:00:00",20:27:00,"2025-09-20 00:00:00",21:12:00,0,1730,no,no,"no (EMPTY)"
3558,39713,2,closed,"2025-09-20 00:00:00",18:00:00,"2025-09-20 00:00:00",19:56:00,0,1768,no,no,"no (EMPTY)"
3557,39712,2,closed,"2025-09-20 00:00:00",16:58:57,"2025-09-20 00:00:00",17:38:00,0,1808,no,no,"no (EMPTY)"
3556,39711,2,closed,"2025-09-20 00:00:00",15:43:49,"2025-09-20 00:00:00",16:59,0,1772,no,no,"no (EMPTY)"
3555,39709,2,closed,"2025-09-20 00:00:00",14:41:31,"2025-09-20 00:00:00",19:38:00,1,1851,no,no,"no (EMPTY)"
3564,39735,2,closed,"2025-09-21 00:00:00",17:29:00,"2025-09-23 00:00:00",22:23:00,3,1827,no,no,"no (EMPTY)"
3563,39732,2,closed,"2025-09-21 00:00:00",16:14:00,"2025-09-21 00:00:00",17:07,0,1776,no,no,"no (EMPTY)"
3562,39729,2,closed,"2025-09-21 00:00:00",15:04:00,"2025-09-23 00:00:00",13:54,2,1884,no,no,"no (EMPTY)"
3561,39725,2,closed,"2025-09-21 00:00:00",13:15:00,"2025-10-04 00:00:00",14:40:00,13,1898,no,no,"no (EMPTY)"
3565,39753,2,closed,"2025-09-22 00:00:00",19:20:00,"2025-09-27 00:00:00",11:47,5,1807,no,no,"no (EMPTY)"
3569,39784,2,closed,"2025-09-23 00:00:00",21:22:00,"2025-09-23 00:00:00",22:22:00,0,1824,no,no,"no (EMPTY)"
3568,39773,2,closed,"2025-09-23 00:00:00",17:16:00,"2025-09-24 00:00:00",16:33,1,1851,no,no,"no (EMPTY)"
3567,39769,2,closed,"2025-09-23 00:00:00",15:03:34,"2025-09-25 00:00:00",12:47,2,1819,no,no,"no (EMPTY)"
3566,39763,2,closed,"2025-09-23 00:00:00",10:21:00,"2025-09-24 00:00:00",14:16,2,1895,no,no,"no (EMPTY)"
3574,39801,2,closed,"2025-09-24 00:00:00",21:08:00,"2025-09-26 00:00:00",18:39:00,2,1743,no,no,"no (EMPTY)"
3573,39799,2,closed,"2025-09-24 00:00:00",18:55:00,"2025-09-28 00:00:00",20:20:00,4,1839,no,no,"no (EMPTY)"
3572,39796,2,closed,"2025-09-24 00:00:00",17:42:00,"2025-09-24 00:00:00",18:30:00,0,1743,no,no,"no (EMPTY)"
3571,39795,2,closed,"2025-09-24 00:00:00",17:39:00,"2025-09-24 00:00:00",19:36:00,0,1768,no,no,"no (EMPTY)"
3570,39790,2,closed,"2025-09-24 00:00:00",11:55:00,"2025-09-26 00:00:00",12:20,2,1829,no,no,"no (EMPTY)"
3577,39826,2,closed,"2025-09-25 00:00:00",18:18:00,"2025-09-27 00:00:00",15:49,2,1822,no,no,"no (EMPTY)"
3576,39820,2,closed,"2025-09-25 00:00:00",15:19:23,"2025-10-02 00:00:00",12:00,7,1844,no,no,"no (EMPTY)"
3575,39811,2,closed,"2025-09-25 00:00:00",10:25:36,"2025-09-25 00:00:00",14:57,1,1827,no,no,"no (EMPTY)"
3587,39864,2,closed,"2025-09-26 00:00:00",20:45:00,"2025-09-26 00:00:00",21:47:00,0,1878,no,no,"no (EMPTY)"
3586,39862,2,closed,"2025-09-26 00:00:00",19:42:00,"2025-09-27 00:00:00",18:01:00,1,1787,no,no,"no (EMPTY)"
3585,39858,2,closed,"2025-09-26 00:00:00",18:39:00,"2025-09-28 00:00:00",09:17,2,1780,no,no,"no (EMPTY)"
3584,39856,2,closed,"2025-09-26 00:00:00",18:06:00,"2025-09-26 00:00:00",19:26:00,0,1778,no,no,"no (EMPTY)"
3583,39853,2,closed,"2025-09-26 00:00:00",17:27:49,"2025-09-27 00:00:00",17:02,1,1783,no,no,"no (EMPTY)"
3582,39851,2,closed,"2025-09-26 00:00:00",16:51:36,"2025-09-30 00:00:00",14:45,4,1862,no,no,"no (EMPTY)"
3581,39849,2,closed,"2025-09-26 00:00:00",15:15:35,"2025-09-26 00:00:00",16:25:00,0,1799,no,no,"no (EMPTY)"
3580,39847,2,closed,"2025-09-26 00:00:00",14:00:00,"2025-09-26 00:00:00",21:36:00,1,1864,no,no,"no (EMPTY)"
3579,39846,2,closed,"2025-09-26 00:00:00",14:04:00,"2025-09-26 00:00:00",14:42:00,1,1780,no,no,"no (EMPTY)"
3578,39843,2,closed,"2025-09-26 00:00:00",13:00:00,"2025-10-29 00:00:00",15:11:00,33,1826,no,no,"no (EMPTY)"
3595,39886,2,closed,"2025-09-27 00:00:00",22:46:00,"2025-09-30 00:00:00",10:12,3,1884,no,no,"no (EMPTY)"
3594,39884,2,closed,"2025-09-27 00:00:00",19:51:00,"2025-09-27 00:00:00",22:49,1,1730,no,no,"no (EMPTY)"
3593,39881,2,closed,"2025-09-27 00:00:00",18:18:00,"2025-09-28 00:00:00",09:24,1,1852,no,no,"no (EMPTY)"
3592,39877,2,closed,"2025-09-27 00:00:00",16:00:00,"2025-09-27 00:00:00",17:07,0,1885,no,no,"no (EMPTY)"
3591,39876,2,closed,"2025-09-27 00:00:00",15:52:54,"2025-09-30 00:00:00",10:12,3,1778,no,no,"no (EMPTY)"
3590,39874,2,closed,"2025-09-27 00:00:00",14:54:00,"2025-10-02 00:00:00",20:07,6,1776,no,no,"no (EMPTY)"
3589,39871,2,closed,"2025-09-27 00:00:00",13:16:00,"2025-09-30 00:00:00",10:15,3,1896,no,no,"no (EMPTY)"
3588,39869,2,closed,"2025-09-27 00:00:00",12:20:00,"2025-09-29 00:00:00",15:26,3,1738,no,no,"no (EMPTY)"
3598,39902,2,closed,"2025-09-28 00:00:00",20:09:00,"2025-09-30 00:00:00",10:16,2,1893,no,no,"no (EMPTY)"
3597,39901,2,closed,"2025-09-28 00:00:00",18:12:00,"2025-09-29 00:00:00",23:09:00,2,1840,no,no,"no (EMPTY)"
3596,39899,2,closed,"2025-09-28 00:00:00",16:51:22,"2025-09-30 00:00:00",10:13,2,1888,no,no,"no (EMPTY)"
3600,39913,2,closed,"2025-09-29 00:00:00",14:27:00,"2025-09-29 00:00:00",19:06:00,1,1873,no,no,"no (EMPTY)"
3599,39912,2,closed,"2025-09-29 00:00:00",14:00:00,"2025-09-30 00:00:00",13:08,1,1812,no,no,"no (EMPTY)"
3606,39941,2,closed,"2025-09-30 00:00:00",19:39:27,"2025-10-02 00:00:00",15:23,2,1837,no,no,"no (EMPTY)"
3605,39938,2,closed,"2025-09-30 00:00:00",18:20:00,"2025-09-30 00:00:00",19:33,0,1758,no,no,"no (EMPTY)"
3604,39932,2,closed,"2025-09-30 00:00:00",16:20:54,"2025-10-10 00:00:00",14:24,10,1788,no,no,"no (EMPTY)"
3603,39930,2,closed,"2025-09-30 00:00:00",15:01:05,"2025-10-01 00:00:00",20:21:00,2,1780,no,no,"no (EMPTY)"
3602,39928,2,closed,"2025-09-30 00:00:00",14:01:04,"2025-10-18 00:00:00",17:13,19,1823,no,no,"no (EMPTY)"
3601,39927,2,closed,"2025-09-30 00:00:00",13:12:45,"2025-10-02 00:00:00",17:38,3,1905,no,no,"no (EMPTY)"
3610,39958,2,closed,"2025-10-01 00:00:00",21:08:00,"2025-10-01 00:00:00",22:04:00,0,1814,no,no,"no (EMPTY)"
3609,39953,2,closed,"2025-10-01 00:00:00",16:17:00,"2025-10-03 00:00:00",22:14:00,3,1786,no,no,"no (EMPTY)"
3608,39952,2,closed,"2025-10-01 00:00:00",15:16:00,"2025-10-02 00:00:00",17:35,1,1877,no,no,"no (EMPTY)"
3607,39950,2,closed,"2025-10-01 00:00:00",14:09:49,"2025-10-02 00:00:00",12:02:00,1,1872,no,no,"no (EMPTY)"
3616,39973,2,closed,"2025-10-02 00:00:00",15:29:00,"2025-10-07 00:00:00",20:15:00,6,1753,no,no,"no (EMPTY)"
3615,39972,2,closed,"2025-10-02 00:00:00",15:31:06,"2025-10-03 00:00:00",22:50:00,2,1730,no,no,"no (EMPTY)"
3614,39971,2,closed,"2025-10-02 00:00:00",14:45:06,"2025-10-03 00:00:00",21:48:00,2,1825,no,no,"no (EMPTY)"
3613,39967,2,closed,"2025-10-02 00:00:00",13:15:21,"2025-10-02 00:00:00",14:36,0,1864,no,no,"no (EMPTY)"
3612,39962,2,closed,"2025-10-02 00:00:00",12:02:46,"2025-10-03 00:00:00",23:31:00,2,1790,no,no,"no (EMPTY)"
3611,39961,2,closed,"2025-10-02 00:00:00",11:44:09,"2025-10-02 00:00:00",12:48,0,1803,no,no,"no (EMPTY)"
3620,40005,2,closed,"2025-10-03 00:00:00",22:00:58,"2025-10-04 00:00:00",10:58,1,1875,no,no,"no (EMPTY)"
3619,40001,2,closed,"2025-10-03 00:00:00",17:04:46,"2025-10-03 00:00:00",18:55,0,1869,no,no,"no (EMPTY)"
3618,40000,2,closed,"2025-10-03 00:00:00",16:03:37,"2025-10-04 00:00:00",08:28,1,1896,no,no,"no (EMPTY)"
3617,39999,2,closed,"2025-10-03 00:00:00",15:15:00,"2025-10-06 00:00:00",10:59,3,1836,no,no,"no (EMPTY)"
3627,40030,2,closed,"2025-10-04 00:00:00",22:53:00,"2025-10-08 00:00:00",13:47,4,1911,no,no,"no (EMPTY)"
3626,40025,2,closed,"2025-10-04 00:00:00",20:10:00,"2025-10-04 00:00:00",21:15,0,1808,no,no,"no (EMPTY)"
3625,40024,2,closed,"2025-10-04 00:00:00",18:16:00,"2025-10-08 00:00:00",12:00,4,1886,no,no,"no (EMPTY)"
3624,40023,2,closed,"2025-10-04 00:00:00",17:19:31,"2025-10-05 00:00:00",18:35:00,1,1776,no,no,"no (EMPTY)"
3623,40019,2,closed,"2025-10-04 00:00:00",14:00:00,"2025-10-14 00:00:00",14:48,10,1884,no,no,"no (EMPTY)"
3622,40017,2,closed,"2025-10-04 00:00:00",15:10:00,"2025-10-04 00:00:00",20:12:00,1,1894,no,no,"no (EMPTY)"
3621,40015,2,closed,"2025-10-04 00:00:00",13:50:00,"2025-10-05 00:00:00",12:23,1,1795,no,no,"no (EMPTY)"
3631,40044,2,closed,"2025-10-05 00:00:00",19:00:00,"2025-10-05 00:00:00",20:28,0,1829,no,no,"no (EMPTY)"
3630,40041,2,closed,"2025-10-05 00:00:00",17:01:07,"2025-10-08 00:00:00",21:33:00,4,1807,no,no,"no (EMPTY)"
3629,40039,2,closed,"2025-10-05 00:00:00",15:30:39,"2025-10-06 00:00:00",19:14,2,1743,no,no,"no (EMPTY)"
3628,40038,2,closed,"2025-10-05 00:00:00",14:28:00,"2025-10-06 00:00:00",22:00:00,2,1741,no,no,"no (EMPTY)"
3637,40070,2,closed,"2025-10-06 00:00:00",20:29:00,"2025-10-06 00:00:00",21:57:00,0,1912,no,no,"no (EMPTY)"
3636,40066,2,closed,"2025-10-06 00:00:00",18:33:00,"2025-10-08 00:00:00",15:20:00,2,1799,no,no,"no (EMPTY)"
3635,40065,2,closed,"2025-10-06 00:00:00",18:14:00,"2025-10-07 00:00:00",15:01,1,1768,no,no,"no (EMPTY)"
3634,40062,2,closed,"2025-10-06 00:00:00",16:00:00,"2025-10-07 00:00:00",15:02,1,1877,no,no,"no (EMPTY)"
3633,40061,2,closed,"2025-10-06 00:00:00",15:00:00,"2025-10-06 00:00:00",17:09,0,1799,no,no,"no (EMPTY)"
3632,40058,2,closed,"2025-10-06 00:00:00",12:57:22,"2025-10-06 00:00:00",18:28:00,1,1829,no,no,"no (EMPTY)"
3643,40117,2,closed,"2025-10-08 00:00:00",21:13:00,"2025-10-11 00:00:00",22:53:00,3,1778,no,no,"no (EMPTY)"
3642,40112,2,closed,"2025-10-08 00:00:00",18:39:00,"2025-10-14 00:00:00",14:24,6,1905,no,no,"no (EMPTY)"
3641,40106,2,closed,"2025-10-08 00:00:00",15:10:00,"2025-10-09 00:00:00",20:15,2,1837,no,no,"no (EMPTY)"
3640,40105,2,closed,"2025-10-08 00:00:00",14:08:00,"2025-10-16 00:00:00",14:52,8,1793,no,no,"no (EMPTY)"
3639,40104,2,closed,"2025-10-08 00:00:00",14:25:00,"2025-10-08 00:00:00",20:10:00,1,1730,no,no,"no (EMPTY)"
3638,40091,2,closed,"2025-10-08 00:00:00",10:27:52,"2025-10-08 00:00:00",14:01,1,1869,no,no,"no (EMPTY)"
3646,40134,2,closed,"2025-10-09 00:00:00",20:10:00,"2025-10-11 00:00:00",10:21,2,1803,no,no,"no (EMPTY)"
3645,40130,2,closed,"2025-10-09 00:00:00",17:38:00,"2025-10-10 00:00:00",08:01,1,1758,no,no,"no (EMPTY)"
3644,40127,2,closed,"2025-10-09 00:00:00",16:22:01,"2025-10-13 00:00:00",16:48,4,1742,no,no,"no (EMPTY)"
3650,40154,2,closed,"2025-10-10 00:00:00",16:18:21,"2025-10-10 00:00:00",20:00:00,1,1790,no,no,"no (EMPTY)"
3649,40151,2,closed,"2025-10-10 00:00:00",14:48:00,"2025-10-11 00:00:00",16:09,1,1912,no,no,"no (EMPTY)"
3648,40150,2,closed,"2025-10-10 00:00:00",14:43:00,"2025-10-11 00:00:00",18:13:00,2,1824,no,no,"no (EMPTY)"
3647,40144,2,closed,"2025-10-10 00:00:00",12:30:00,"2025-10-11 00:00:00",21:39:00,2,1857,no,no,"no (EMPTY)"
3655,40161,2,closed,"2025-10-10 00:00:00",21:10:00,"2025-10-11 00:00:00",23:48:00,1,1796,no,no,"no (EMPTY)"
3654,40160,2,closed,"2025-10-10 00:00:00",18:05:00,"2025-10-11 00:00:00",19:31:00,1,1768,no,no,"no (EMPTY)"
3653,40159,5,closed,"2025-10-10 00:00:00",21:10:00,"2025-10-10 00:00:00",21:10:00,0,1796,yes,yes,"no (EMPTY)"
3652,40157,2,closed,"2025-10-10 00:00:00",20:33:59,"2025-10-12 00:00:00",16:14,2,1890,no,no,"no (EMPTY)"
3651,40156,2,closed,"2025-10-10 00:00:00",19:41:00,"2025-10-13 00:00:00",16:49,3,1837,no,no,"no (EMPTY)"
3657,40174,2,closed,"2025-10-11 00:00:00",18:15:00,"2025-10-15 00:00:00",15:01:00,4,1787,no,no,"no (EMPTY)"
3656,40171,2,closed,"2025-10-11 00:00:00",17:07:53,"2025-10-11 00:00:00",18:15,0,1804,no,no,"no (EMPTY)"
3665,40210,2,closed,"2025-10-12 00:00:00",21:15:00,"2025-10-13 00:00:00",16:52,1,1839,no,no,"no (EMPTY)"
3664,40206,2,closed,"2025-10-12 00:00:00",20:53:00,"2025-10-16 00:00:00",12:02,4,1822,no,no,"no (EMPTY)"
3663,40204,2,closed,"2025-10-12 00:00:00",19:52:00,"2025-10-14 00:00:00",21:00:00,2,1738,no,no,"no (EMPTY)"
3662,40196,2,closed,"2025-10-12 00:00:00",17:40:00,"2025-10-13 00:00:00",22:10:00,2,1840,no,no,"no (EMPTY)"
3661,40193,2,closed,"2025-10-12 00:00:00",15:07:32,"2025-10-16 00:00:00",08:17,4,1816,no,no,"no (EMPTY)"
3660,40188,2,closed,"2025-10-12 00:00:00",13:48:00,"2025-10-14 00:00:00",15:42,2,1851,no,no,"no (EMPTY)"
3659,40186,2,closed,"2025-10-12 00:00:00",12:19,"2025-10-12 00:00:00",14:03,0,1812,no,no,"no (EMPTY)"
3658,40182,2,closed,"2025-10-12 00:00:00",10:14,"2025-10-13 00:00:00",16:32,2,1797,no,no,"no (EMPTY)"
3671,40246,2,closed,"2025-10-14 00:00:00",21:24:00,"2025-10-25 00:00:00",08:13,11,1743,no,no,"no (EMPTY)"
3670,40245,2,closed,"2025-10-14 00:00:00",19:58:38,"2025-10-23 00:00:00",13:08,9,1877,no,no,"no (EMPTY)"
3669,40244,2,closed,"2025-10-14 00:00:00",18:09:08,"2025-10-14 00:00:00",19:09:00,0,1800,no,no,"no (EMPTY)"
3668,40243,2,closed,"2025-10-14 00:00:00",16:33:00,"2025-10-19 00:00:00",16:10,5,1902,no,no,"no (EMPTY)"
3667,40236,2,closed,"2025-10-14 00:00:00",13:47:00,"2025-10-14 00:00:00",18:13:00,1,1795,no,no,"no (EMPTY)"
3666,40232,2,closed,"2025-10-14 00:00:00",11:25:00,"2025-10-16 00:00:00",16:21,3,1839,no,no,"no (EMPTY)"
3696,40404,2,closed,"2025-10-15 00:00:00",19:36:00,"2025-10-21 00:00:00",20:46:00,6,1907,no,no,"no (EMPTY)"
3675,40265,2,closed,"2025-10-15 00:00:00",19:54:00,"2025-10-15 00:00:00",21:36:00,0,1895,no,no,"no (EMPTY)"
3674,40260,2,closed,"2025-10-15 00:00:00",16:16:20,"2025-10-15 00:00:00",22:00:00,1,1776,no,no,"no (EMPTY)"
3673,40257,2,closed,"2025-10-15 00:00:00",14:48:00,"2025-10-18 00:00:00",20:45:00,4,1730,no,no,"no (EMPTY)"
3672,40255,2,closed,"2025-10-15 00:00:00",13:22:00,"2025-10-15 00:00:00",13:53,0,1873,no,no,"no (EMPTY)"
3679,40296,2,closed,"2025-10-16 00:00:00",21:02:14,"2025-10-17 00:00:00",20:50:00,1,1797,no,no,"no (EMPTY)"
3678,40292,2,closed,"2025-10-16 00:00:00",18:08:00,"2025-10-20 00:00:00",19:12,4,1884,no,no,"no (EMPTY)"
3677,40281,2,closed,"2025-10-16 00:00:00",13:47:00,"2025-10-18 00:00:00",18:06:00,3,1882,no,no,"no (EMPTY)"
3676,40276,2,closed,"2025-10-16 00:00:00",11:50:00,"2025-10-17 00:00:00",10:00,1,1820,no,no,"no (EMPTY)"
3683,40316,2,closed,"2025-10-17 00:00:00",18:31:48,"2025-10-18 00:00:00",20:14:00,1,1812,no,no,"no (EMPTY)"
3682,40309,2,closed,"2025-10-17 00:00:00",14:43:01,"2025-10-17 00:00:00",18:43:00,1,1867,no,no,"no (EMPTY)"
3681,40306,2,closed,"2025-10-17 00:00:00",13:24:30,"2025-11-17 00:00:00",18:47,32,1790,no,no,"no (EMPTY)"
3680,40304,2,closed,"2025-10-17 00:00:00",12:10:00,"2025-10-20 00:00:00",16:29,4,1850,no,no,"no (EMPTY)"
3686,40346,2,closed,"2025-10-18 00:00:00",22:49:00,"2025-10-23 00:00:00",16:31,5,1748,no,no,"no (EMPTY)"
3685,40344,2,closed,"2025-10-18 00:00:00",21:27:00,"2025-10-19 00:00:00",19:50,1,1864,no,no,"no (EMPTY)"
3684,40341,2,closed,"2025-10-18 00:00:00",20:05:00,"2025-10-18 00:00:00",23:27:00,1,1882,no,no,"no (EMPTY)"
3690,40365,2,closed,"2025-10-19 00:00:00",19:51,"2025-10-21 00:00:00",13:06,2,1864,no,no,"no (EMPTY)"
3689,40363,2,closed,"2025-10-19 00:00:00",20:16:00,"2025-10-21 00:00:00",22:28:00,2,1827,no,no,"no (EMPTY)"
3688,40359,2,closed,"2025-10-19 00:00:00",17:54:00,"2025-10-19 00:00:00",22:47,1,1896,no,no,"no (EMPTY)"
3687,40358,2,closed,"2025-10-19 00:00:00",17:06:30,"2025-11-29 00:00:00",14:09,41,1915,no,no,"no (EMPTY)"
3695,40403,2,closed,"2025-10-21 00:00:00",20:47,"2025-10-21 00:00:00",21:34:00,1,1907,no,no,"no (EMPTY)"
3694,40397,2,closed,"2025-10-21 00:00:00",15:38:35,"2025-10-23 00:00:00",16:46,2,1823,no,no,"no (EMPTY)"
3693,40394,2,closed,"2025-10-21 00:00:00",13:24:00,"2025-10-22 00:00:00",07:55,1,1868,no,no,"no (EMPTY)"
3692,40390,2,closed,"2025-10-21 00:00:00",11:43:00,"2025-10-22 00:00:00",17:23,2,1859,no,no,"no (EMPTY)"
3691,40388,2,closed,"2025-10-21 00:00:00",10:23:51,"2025-10-22 00:00:00",15:46,2,1804,no,no,"no (EMPTY)"
3701,40423,2,closed,"2025-10-22 00:00:00",20:14:29,"2025-10-22 00:00:00",20:46,0,1905,no,no,"no (EMPTY)"
3700,40422,2,closed,"2025-10-22 00:00:00",18:00:00,"2025-10-22 00:00:00",20:17,0,1799,no,no,"no (EMPTY)"
3699,40420,2,closed,"2025-10-22 00:00:00",18:26:07,"2025-10-24 00:00:00",19:02,2,1894,no,no,"no (EMPTY)"
3698,40419,2,closed,"2025-10-22 00:00:00",15:52,"2025-10-25 00:00:00",22:27:00,4,1868,no,no,"no (EMPTY)"
3697,40415,2,closed,"2025-10-22 00:00:00",15:10:00,"2025-10-25 00:00:00",08:22,3,1812,no,no,"no (EMPTY)"
3706,40452,2,closed,"2025-10-23 00:00:00",19:35:35,"2025-10-24 00:00:00",16:18,1,1885,no,no,"no (EMPTY)"
3705,40448,2,closed,"2025-10-23 00:00:00",18:48:45,"2025-10-24 00:00:00",08:55,1,1878,no,no,"no (EMPTY)"
3704,40446,2,closed,"2025-10-23 00:00:00",16:53:00,"2025-10-25 00:00:00",14:24,2,1753,no,no,"no (EMPTY)"
3703,40441,2,closed,"2025-10-23 00:00:00",16:09:00,"2025-10-24 00:00:00",17:00:00,1,1862,no,no,"no (EMPTY)"
3702,40433,2,closed,"2025-10-23 00:00:00",12:35:00,"2025-10-24 00:00:00",17:44:00,2,1828,no,no,"no (EMPTY)"
3712,40481,2,closed,"2025-10-24 00:00:00",20:01:00,"2025-10-30 00:00:00",08:54,6,1803,no,no,"no (EMPTY)"
3711,40480,2,closed,"2025-10-24 00:00:00",19:16:34,"2025-10-24 00:00:00",19:53:00,0,1892,no,no,"no (EMPTY)"
3710,40468,2,closed,"2025-10-24 00:00:00",15:18:00,"2025-10-24 00:00:00",17:15,0,1824,no,no,"no (EMPTY)"
3709,40467,2,closed,"2025-10-24 00:00:00",14:00:00,"2025-10-26 00:00:00",10:15,2,1857,no,no,"no (EMPTY)"
3708,40466,2,closed,"2025-10-24 00:00:00",13:47:29,"2025-10-28 00:00:00",11:07:00,4,1886,no,no,"no (EMPTY)"
3707,40462,2,closed,"2025-10-24 00:00:00",12:44:46,"2025-10-24 00:00:00",20:22:00,1,1796,no,no,"no (EMPTY)"
3717,40508,2,closed,"2025-10-25 00:00:00",19:44:00,"2025-10-25 00:00:00",21:07,0,1899,no,no,"no (EMPTY)"
3716,40505,2,closed,"2025-10-25 00:00:00",18:10:16,"2025-10-26 00:00:00",08:44,1,1895,no,no,"no (EMPTY)"
3715,40503,2,closed,"2025-10-25 00:00:00",15:51:46,"2025-10-26 00:00:00",09:25,1,1778,no,no,"no (EMPTY)"
3714,40498,2,closed,"2025-10-25 00:00:00",13:50:34,"2025-10-27 00:00:00",11:18,2,1810,no,no,"no (EMPTY)"
3713,40495,2,closed,"2025-10-25 00:00:00",12:35:44,"2025-10-25 00:00:00",13:45,0,1869,no,no,"no (EMPTY)"
3721,40528,2,closed,"2025-10-26 00:00:00",19:49:00,"2025-10-27 00:00:00",10:41,1,1896,no,no,"no (EMPTY)"
3720,40525,2,closed,"2025-10-26 00:00:00",16:43:00,"2025-10-27 00:00:00",11:18,1,1840,no,no,"no (EMPTY)"
3719,40524,2,closed,"2025-10-26 00:00:00",14:49:58,"2025-10-27 00:00:00",11:16,1,1867,no,no,"no (EMPTY)"
3718,40522,2,closed,"2025-10-26 00:00:00",13:52:06,"2025-10-26 00:00:00",14:42,0,1742,no,no,"no (EMPTY)"
3724,40545,2,closed,"2025-10-27 00:00:00",20:19:00,"2025-10-30 00:00:00",14:22,3,1824,no,no,"no (EMPTY)"
3723,40544,2,closed,"2025-10-27 00:00:00",19:15:00,"2025-10-28 00:00:00",12:33,1,1768,no,no,"no (EMPTY)"
3722,40539,2,closed,"2025-10-27 00:00:00",16:50:00,"2025-10-27 00:00:00",19:09:00,1,1789,no,no,"no (EMPTY)"
3729,40564,2,closed,"2025-10-28 00:00:00",20:13:00,"2025-10-29 00:00:00",07:36,1,1812,no,no,"no (EMPTY)"
3728,40561,2,closed,"2025-10-28 00:00:00",18:24:00,"2025-10-30 00:00:00",15:23,2,1859,no,no,"no (EMPTY)"
3727,40558,2,closed,"2025-10-28 00:00:00",17:32:00,"2025-10-29 00:00:00",07:59,1,1850,no,no,"no (EMPTY)"
3726,40554,2,closed,"2025-10-28 00:00:00",13:40:00,"2025-10-28 00:00:00",16:36,1,1804,no,no,"no (EMPTY)"
3725,40553,2,closed,"2025-10-28 00:00:00",13:15:00,"2025-10-30 00:00:00",13:33,2,1776,no,no,"no (EMPTY)"
3734,40586,2,closed,"2025-10-29 00:00:00",20:09:00,"2025-10-29 00:00:00",20:55:00,0,1889,no,no,"no (EMPTY)"
3733,40585,2,closed,"2025-10-29 00:00:00",18:52:22,"2025-10-30 00:00:00",12:46,1,1862,no,no,"no (EMPTY)"
3732,40584,2,closed,"2025-10-29 00:00:00",17:10:00,"2025-11-01 00:00:00",09:39,3,1840,no,no,"no (EMPTY)"
3731,40579,2,closed,"2025-10-29 00:00:00",16:26:00,"2025-10-29 00:00:00",17:01,0,1795,no,no,"no (EMPTY)"
3730,40577,2,closed,"2025-10-29 00:00:00",15:17:00,"2025-10-29 00:00:00",16:06:00,0,1893,no,no,"no (EMPTY)"
3740,40622,2,closed,"2025-10-30 00:00:00",19:57:31,"2025-10-31 00:00:00",19:10,1,1772,no,no,"no (EMPTY)"
3739,40618,2,closed,"2025-10-30 00:00:00",17:46:00,"2025-11-03 00:00:00",18:50,4,1869,no,no,"no (EMPTY)"
3738,40613,2,closed,"2025-10-30 00:00:00",15:56:47,"2025-10-31 00:00:00",10:39,1,1828,no,no,"no (EMPTY)"
3737,40610,2,closed,"2025-10-30 00:00:00",14:40:00,"2025-10-30 00:00:00",15:25,0,1807,no,no,"no (EMPTY)"
3736,40604,2,closed,"2025-10-30 00:00:00",13:10:21,"2025-10-30 00:00:00",15:22,0,1789,no,no,"no (EMPTY)"
3735,40602,2,closed,"2025-10-30 00:00:00",12:12:15,"2025-10-30 00:00:00",12:55,0,1823,no,no,"no (EMPTY)"
3749,40718,2,closed,"2025-10-31 00:00:00",20:59:00,"2025-11-13 00:00:00",09:49,13,1926,no,no,"no (EMPTY)"
3741,40634,2,closed,"2025-10-31 00:00:00",15:23:00,"2025-11-11 00:00:00",09:54,11,1752,no,no,"no (EMPTY)"
3745,40672,2,closed,"2025-11-01 00:00:00",17:14:00,"2025-11-02 00:00:00",11:18,1,1812,no,no,"no (EMPTY)"
3744,40666,2,closed,"2025-11-01 00:00:00",15:23:00,"2025-11-01 00:00:00",15:59,0,1743,no,no,"no (EMPTY)"
3743,40659,2,closed,"2025-11-01 00:00:00",11:42:00,"2025-11-01 00:00:00",13:00:00,0,1854,no,no,"no (EMPTY)"
3742,40657,2,closed,"2025-11-01 00:00:00",10:44:00,"2025-11-01 00:00:00",13:00:00,1,1812,no,no,"no (EMPTY)"
3747,40706,2,closed,"2025-11-02 00:00:00",18:02:00,"2025-11-06 00:00:00",08:25,4,1836,no,no,"no (EMPTY)"
3746,40703,2,closed,"2025-11-02 00:00:00",20:30:00,"2025-11-07 00:00:00",17:50,5,1797,no,no,"no (EMPTY)"
3792,40923,2,closed,"2025-11-02 00:00:00",23:00:00,"2025-11-12 00:00:00",14:23:00,10,1828,no,no,"no (EMPTY)"
3752,40731,2,closed,"2025-11-03 00:00:00",21:55:28,"2025-11-05 00:00:00",16:52,2,1902,no,no,"no (EMPTY)"
3751,40726,2,closed,"2025-11-03 00:00:00",19:23:19,"2025-11-05 00:00:00",12:15,2,1776,no,no,"no (EMPTY)"
3750,40724,2,closed,"2025-11-03 00:00:00",18:35:00,"2025-11-03 00:00:00",19:22:00,0,1835,no,no,"no (EMPTY)"
3748,40709,2,closed,"2025-11-03 00:00:00",12:10:00,"2025-11-04 00:00:00",18:09,2,1894,no,no,"no (EMPTY)"
3758,40753,2,closed,"2025-11-04 00:00:00",15:04:00,"2025-11-06 00:00:00",15:45,2,1803,no,no,"no (EMPTY)"
3757,40751,2,closed,"2025-11-04 00:00:00",13:54:52,"2025-11-04 00:00:00",18:56,1,1754,no,no,"no (EMPTY)"
3756,40749,2,closed,"2025-11-04 00:00:00",12:58:22,"2025-11-04 00:00:00",13:46:00,0,1840,no,no,"no (EMPTY)"
3755,40748,2,closed,"2025-11-04 00:00:00",12:56:00,"2025-11-04 00:00:00",12:56,1,1840,no,no,"no (EMPTY)"
3754,40747,2,closed,"2025-11-04 00:00:00",12:56:00,"2025-11-27 00:00:00",17:31:00,24,1927,no,no,"no (EMPTY)"
3753,40742,2,closed,"2025-11-04 00:00:00",10:58:00,"2025-11-07 00:00:00",18:22,4,1742,no,no,"no (EMPTY)"
3763,40781,2,closed,"2025-11-05 00:00:00",17:30:00,"2025-11-06 00:00:00",15:01,1,1823,no,no,"no (EMPTY)"
3762,40778,2,closed,"2025-11-05 00:00:00",14:43:00,"2026-01-02 00:00:00",12:30,58,1826,no,no,"no (EMPTY)"
3761,40774,2,closed,"2025-11-05 00:00:00",14:44:06,"2025-11-06 00:00:00",13:29:00,1,1827,no,no,"no (EMPTY)"
3760,40773,2,closed,"2025-11-05 00:00:00",14:10:10,"2025-11-08 00:00:00",19:33:00,4,1758,no,no,"no (EMPTY)"
3759,40771,2,closed,"2025-11-05 00:00:00",12:52:00,"2025-11-06 00:00:00",13:26:00,1,1883,no,no,"no (EMPTY)"
3767,40817,2,closed,"2025-11-06 00:00:00",19:38,"2025-11-09 00:00:00",12:20,3,1864,no,no,"no (EMPTY)"
3766,40795,2,closed,"2025-11-06 00:00:00",13:45:25,"2025-11-08 00:00:00",09:30,2,1877,no,no,"no (EMPTY)"
3765,40794,2,closed,"2025-11-06 00:00:00",12:52:00,"2025-11-06 00:00:00",20:46,1,1873,no,no,"no (EMPTY)"
3764,40793,2,closed,"2025-11-06 00:00:00",10:46:00,"2025-11-06 00:00:00",16:16,1,1812,no,no,"no (EMPTY)"
3769,40823,2,closed,"2025-11-07 00:00:00",19:34:38,"2025-11-08 00:00:00",16:00:00,1,1906,no,no,"no (EMPTY)"
3768,40819,2,closed,"2025-11-07 00:00:00",17:27:31,"2025-11-11 00:00:00",10:32,4,1815,no,no,"no (EMPTY)"
3778,40853,2,closed,"2025-11-08 00:00:00",19:00:00,"2025-11-09 00:00:00",00:22:00,1,1871,no,no,"no (EMPTY)"
3777,40851,2,closed,"2025-11-08 00:00:00",18:48:00,"2025-11-09 00:00:00",14:07,1,1816,no,no,"no (EMPTY)"
3776,40849,2,closed,"2025-11-08 00:00:00",18:23:00,"2025-11-08 00:00:00",18:26:00,0,1807,no,no,"no (EMPTY)"
3775,40848,2,closed,"2025-11-08 00:00:00",18:06:00,"2025-11-08 00:00:00",23:08,1,1776,no,no,"no (EMPTY)"
3774,40845,2,closed,"2025-11-08 00:00:00",16:48:28,"2025-11-20 00:00:00",07:45:00,12,1810,no,no,"no (EMPTY)"
3773,40843,2,closed,"2025-11-08 00:00:00",15:08:18,"2025-11-10 00:00:00",09:11,2,1850,no,no,"no (EMPTY)"
3772,40839,2,closed,"2025-11-08 00:00:00",12:43:09,"2025-11-09 00:00:00",07:50,1,1804,no,no,"no (EMPTY)"
3771,40838,5,closed,"2025-11-08 00:00:00",12:43:46,"2025-11-08 00:00:00",12:43:46,0,1804,yes,yes,"no (EMPTY)"
3770,40835,2,closed,"2025-11-08 00:00:00",11:05:51,"2025-11-08 00:00:00",12:03:00,0,1859,no,no,"no (EMPTY)"
3781,40866,2,closed,"2025-11-09 00:00:00",16:08:00,"2025-11-09 00:00:00",17:03:00,0,1857,no,no,"no (EMPTY)"
3780,40864,2,closed,"2025-11-09 00:00:00",13:56:15,"2025-11-09 00:00:00",15:12:00,0,1864,no,no,"no (EMPTY)"
3779,40860,2,closed,"2025-11-09 00:00:00",12:01:41,"2025-11-11 00:00:00",15:02:00,3,1908,no,no,"no (EMPTY)"
3783,40894,2,closed,"2025-11-10 00:00:00",19:56:00,"2025-11-13 00:00:00",14:05:00,3,1829,no,no,"no (EMPTY)"
3782,40893,2,closed,"2025-11-10 00:00:00",18:50:46,"2025-11-14 00:00:00",17:34:00,4,1893,no,no,"no (EMPTY)"
3789,40912,2,closed,"2025-11-11 00:00:00",18:58:00,"2025-11-11 00:00:00",19:56:00,0,1881,no,no,"no (EMPTY)"
3788,40910,2,closed,"2025-11-11 00:00:00",17:50:00,"2025-11-11 00:00:00",22:56:00,1,1869,no,no,"no (EMPTY)"
3787,40908,2,closed,"2025-11-11 00:00:00",15:09:00,"2025-11-13 00:00:00",19:39,3,1836,no,no,"no (EMPTY)"
3786,40903,2,closed,"2025-11-11 00:00:00",13:13:00,"2025-11-11 00:00:00",14:31:00,1,1804,no,no,"no (EMPTY)"
3785,40901,2,closed,"2025-11-11 00:00:00",12:22:00,"2025-11-15 00:00:00",18:14:00,5,1748,no,no,"no (EMPTY)"
3784,40899,2,closed,"2025-11-11 00:00:00",11:20:00,"2025-11-11 00:00:00",17:24,1,1778,no,no,"no (EMPTY)"
3796,40935,2,closed,"2025-11-12 00:00:00",21:06:00,"2025-11-14 00:00:00",20:34,2,1807,no,no,"no (EMPTY)"
3795,40931,2,closed,"2025-11-12 00:00:00",19:14:16,"2025-11-14 00:00:00",08:04,2,1743,no,no,"no (EMPTY)"
3794,40929,2,closed,"2025-11-12 00:00:00",17:09:54,"2025-11-14 00:00:00",20:39,3,1789,no,no,"no (EMPTY)"
3793,40927,2,closed,"2025-11-12 00:00:00",14:46:00,"2025-11-13 00:00:00",13:30:00,1,1772,no,no,"no (EMPTY)"
3791,40920,2,closed,"2025-11-12 00:00:00",12:12:07,"2025-11-12 00:00:00",14:17:00,0,1898,no,no,"no (EMPTY)"
3790,40918,2,closed,"2025-11-12 00:00:00",10:39:00,"2025-11-13 00:00:00",18:00:00,2,1857,no,no,"no (EMPTY)"
3800,40954,2,closed,"2025-11-13 00:00:00",20:24:00,"2025-11-17 00:00:00",09:27,4,1846,no,no,"no (EMPTY)"
3799,40949,2,closed,"2025-11-13 00:00:00",14:53:02,"2025-11-16 00:00:00",17:52,4,1892,no,no,"no (EMPTY)"
3798,40943,2,closed,"2025-11-13 00:00:00",13:02:00,"2025-11-14 00:00:00",17:12,2,1884,no,no,"no (EMPTY)"
3797,40941,2,closed,"2025-11-13 00:00:00",10:35:01,"2025-11-13 00:00:00",21:48:00,1,1847,no,no,"no (EMPTY)"
3805,40977,5,closed,"2025-11-14 00:00:00",19:10:28,"2025-11-14 00:00:00",19:10:28,0,1818,yes,yes,"no (EMPTY)"
3804,40976,2,closed,"2025-11-14 00:00:00",18:13:00,"2025-12-01 00:00:00",11:11,17,1806,no,no,"no (EMPTY)"
3803,40968,2,closed,"2025-11-14 00:00:00",15:44:00,"2025-11-14 00:00:00",16:27,0,1821,no,no,"no (EMPTY)"
3802,40966,2,closed,"2025-11-14 00:00:00",13:51:45,"2025-11-20 00:00:00",11:24:00,6,1805,no,no,"no (EMPTY)"
3801,40962,2,closed,"2025-11-14 00:00:00",11:27:00,"2025-11-17 00:00:00",12:14,3,1755,no,no,"no (EMPTY)"
3814,41014,2,closed,"2025-11-15 00:00:00",23:20:00,"2025-11-17 00:00:00",08:02,2,1743,no,no,"no (EMPTY)"
3813,41010,2,closed,"2025-11-15 00:00:00",21:12:00,"2025-11-16 00:00:00",21:10,1,1801,no,no,"no (EMPTY)"
3812,41008,2,closed,"2025-11-15 00:00:00",10:39,"2025-11-17 00:00:00",16:30,3,1835,no,no,"no (EMPTY)"
3811,41006,2,closed,"2025-11-15 00:00:00",19:54:50,"2025-11-15 00:00:00",21:39,0,1800,no,no,"no (EMPTY)"
3810,41004,2,closed,"2025-11-15 00:00:00",18:20:00,"2025-11-15 00:00:00",19:42:00,0,1883,no,no,"no (EMPTY)"
3809,40999,2,closed,"2025-11-15 00:00:00",15:00:00,"2025-11-17 00:00:00",19:00:00,3,1904,no,no,"no (EMPTY)"
3808,40997,2,closed,"2025-11-15 00:00:00",13:27:13,"2025-11-15 00:00:00",14:48:00,0,1823,no,no,"no (EMPTY)"
3807,40996,2,closed,"2025-11-15 00:00:00",13:24:41,"2025-11-15 00:00:00",13:25,1,1823,no,no,"no (EMPTY)"
3806,40992,2,closed,"2025-11-15 00:00:00",12:03:00,"2025-11-15 00:00:00",12:49,0,1753,no,no,"no (EMPTY)"
3815,41016,2,closed,"2025-11-16 00:00:00",00:37:00,"2025-11-22 00:00:00",14:00:00,7,1875,no,no,"no (EMPTY)"
3818,41031,2,closed,"2025-11-16 00:00:00",18:17:00,"2025-11-19 00:00:00",21:39:00,4,1750,no,no,"no (EMPTY)"
3817,41022,2,closed,"2025-11-16 00:00:00",14:20:56,"2025-11-17 00:00:00",20:00:00,2,1837,no,no,"no (EMPTY)"
3816,41021,2,closed,"2025-11-16 00:00:00",13:25:00,"2025-11-17 00:00:00",08:22,1,1895,no,no,"no (EMPTY)"
3824,41076,2,closed,"2025-11-18 00:00:00",13:33:00,"2025-11-20 00:00:00",00:07:00,2,1800,no,no,"no (EMPTY)"
3823,41073,2,closed,"2025-11-18 00:00:00",13:14:00,"2025-11-24 00:00:00",18:25:00,7,1894,no,no,"no (EMPTY)"
3822,41072,2,closed,"2025-11-18 00:00:00",12:20:00,"2025-11-19 00:00:00",20:18,2,1753,no,no,"no (EMPTY)"
3821,41070,2,closed,"2025-11-18 00:00:00",10:10:00,"2025-12-17 00:00:00",13:18:00,29,1928,no,no,"no (EMPTY)"
3820,41069,2,closed,"2025-11-18 00:00:00",10:00:00,"2025-12-01 00:00:00",22:55,14,1916,no,no,"no (EMPTY)"
3819,41066,2,closed,"2025-11-18 00:00:00",11:21:26,"2025-11-19 00:00:00",13:08:00,1,1830,no,no,"no (EMPTY)"
3829,41110,2,closed,"2025-11-19 00:00:00",20:50:00,"2025-11-19 00:00:00",21:47:00,0,1878,no,no,"no (EMPTY)"
3828,41101,2,closed,"2025-11-19 00:00:00",18:43:36,"2025-11-21 00:00:00",07:42,2,1895,no,no,"no (EMPTY)"
3827,41092,2,closed,"2025-11-19 00:00:00",16:30:00,"2025-11-23 00:00:00",15:49,4,1781,no,no,"no (EMPTY)"
3826,41088,2,closed,"2025-11-19 00:00:00",14:08:00,"2025-11-20 00:00:00",20:50,2,1885,no,no,"no (EMPTY)"
3825,41086,2,closed,"2025-11-19 00:00:00",11:34:00,"2025-11-19 00:00:00",15:00:00,1,1877,no,no,"no (EMPTY)"
3833,41133,2,closed,"2025-11-20 00:00:00",18:47:43,"2025-11-20 00:00:00",22:30:00,1,1790,no,no,"no (EMPTY)"
3832,41132,2,closed,"2025-11-20 00:00:00",17:22:00,"2025-11-20 00:00:00",19:53:00,0,1906,no,no,"no (EMPTY)"
3831,41127,2,closed,"2025-11-20 00:00:00",14:31:08,"2025-11-21 00:00:00",07:44,1,1742,no,no,"no (EMPTY)"
3830,41122,2,closed,"2025-11-20 00:00:00",11:43:00,"2025-11-24 00:00:00",08:04,4,1821,no,no,"no (EMPTY)"
3838,41164,2,closed,"2025-11-21 00:00:00",21:58:15,"2025-11-24 00:00:00",17:59,3,1748,no,no,"no (EMPTY)"
3837,41160,2,closed,"2025-11-21 00:00:00",21:05:00,"2025-11-25 00:00:00",19:16,4,1840,no,no,"no (EMPTY)"
3836,41155,2,closed,"2025-11-21 00:00:00",14:38:00,"2025-11-27 00:00:00",19:08:00,7,1789,no,no,"no (EMPTY)"
3835,41148,2,closed,"2025-11-21 00:00:00",11:27:03,"2025-11-25 00:00:00",18:17:00,5,1846,no,no,"no (EMPTY)"
3834,41147,2,closed,"2025-11-21 00:00:00",11:17:00,"2025-11-24 00:00:00",08:03,3,1835,no,no,"no (EMPTY)"
3840,41178,2,closed,"2025-11-22 00:00:00",17:05:00,"2025-11-23 00:00:00",13:07,1,1778,no,no,"no (EMPTY)"
3839,41168,2,closed,"2025-11-22 00:00:00",11:28:00,"2025-11-22 00:00:00",12:39:00,1,1836,no,no,"no (EMPTY)"
3847,41205,2,closed,"2025-11-23 00:00:00",21:26,"2025-11-27 00:00:00",18:37,4,1801,no,no,"no (EMPTY)"
3846,41203,2,closed,"2025-11-23 00:00:00",19:02:00,"2025-11-30 00:00:00",18:33,7,1742,no,no,"no (EMPTY)"
3845,41201,2,closed,"2025-11-23 00:00:00",18:59:20,"2025-11-26 00:00:00",10:07,3,1823,no,no,"no (EMPTY)"
3844,41197,2,closed,"2025-11-23 00:00:00",14:44:00,"2025-11-24 00:00:00",20:34:00,2,1885,no,no,"no (EMPTY)"
3843,41196,2,closed,"2025-11-23 00:00:00",14:44:00,"2025-11-23 00:00:00",14:42,1,1885,no,no,"no (EMPTY)"
3842,41194,2,closed,"2025-11-23 00:00:00",13:37:00,"2025-11-23 00:00:00",13:39:00,0,1742,no,no,"no (EMPTY)"
3841,41192,2,closed,"2025-11-23 00:00:00",11:47:00,"2025-11-25 00:00:00",11:31,2,1902,no,no,"no (EMPTY)"
3848,41231,2,closed,"2025-11-24 00:00:00",21:08:59,"2025-11-25 00:00:00",10:37,1,1895,no,no,"no (EMPTY)"
3853,41249,2,closed,"2025-11-25 00:00:00",19:57:00,"2025-11-25 00:00:00",23:38:00,1,1874,no,no,"no (EMPTY)"
3852,41247,2,closed,"2025-11-25 00:00:00",17:20:00,"2025-11-25 00:00:00",19:22,0,1778,no,no,"no (EMPTY)"
3851,41246,2,closed,"2025-11-25 00:00:00",16:28:00,"2025-12-01 00:00:00",08:34,6,1879,no,no,"no (EMPTY)"
3850,41239,2,closed,"2025-11-25 00:00:00",12:15:08,"2025-12-05 00:00:00",08:05,10,1795,no,no,"no (EMPTY)"
3849,41236,2,closed,"2025-11-25 00:00:00",11:20:06,"2025-11-28 00:00:00",18:34,4,1873,no,no,"no (EMPTY)"
3859,41286,2,closed,"2025-11-26 00:00:00",20:10:00,"2025-11-28 00:00:00",20:55:00,2,1753,no,no,"no (EMPTY)"
3858,41276,2,closed,"2025-11-26 00:00:00",17:54:00,"2025-11-28 00:00:00",14:03:00,2,1812,no,no,"no (EMPTY)"
3857,41273,2,closed,"2025-11-26 00:00:00",16:40:00,"2025-11-26 00:00:00",17:37:00,0,1824,no,no,"no (EMPTY)"
3856,41267,2,closed,"2025-11-26 00:00:00",15:03:00,"2025-12-08 00:00:00",15:01:00,12,1831,no,no,"no (EMPTY)"
3855,41263,2,closed,"2025-11-26 00:00:00",13:00:00,"2025-11-27 00:00:00",22:38,2,1850,no,no,"no (EMPTY)"
3854,41260,2,closed,"2025-11-26 00:00:00",11:28:00,"2025-11-26 00:00:00",18:33:00,1,1770,no,no,"no (EMPTY)"
3866,41323,2,closed,"2025-11-26 00:00:00",17:27:00,"2025-11-29 00:00:00",21:44:00,3,1754,no,no,"no (EMPTY)"
3862,41302,2,closed,"2025-11-27 00:00:00",15:29:00,"2025-11-27 00:00:00",15:42,0,1758,no,no,"no (EMPTY)"
3861,41298,2,closed,"2025-11-27 00:00:00",12:44:00,"2025-12-04 00:00:00",08:36,7,1837,no,no,"no (EMPTY)"
3860,41295,2,closed,"2025-11-27 00:00:00",10:52:00,"2025-11-27 00:00:00",12:23,0,1867,no,no,"no (EMPTY)"
3867,41335,2,closed,"2025-11-28 00:00:00",21:00:00,"2025-11-29 00:00:00",22:29,1,1753,no,no,"no (EMPTY)"
3865,41321,2,closed,"2025-11-28 00:00:00",14:32:36,"2025-12-03 00:00:00",12:13:00,5,1770,no,no,"no (EMPTY)"
3864,41318,2,closed,"2025-11-28 00:00:00",12:18:00,"2025-11-28 00:00:00",13:10:00,0,1864,no,no,"no (EMPTY)"
3863,41317,2,closed,"2025-11-28 00:00:00",11:12:00,"2025-11-29 00:00:00",17:14:00,2,1822,no,no,"no (EMPTY)"
3872,41361,2,closed,"2025-11-29 00:00:00",17:22,"2025-12-03 00:00:00",17:37,4,1846,no,no,"no (EMPTY)"
3871,41360,2,closed,"2025-11-29 00:00:00",18:53:00,"2025-11-29 00:00:00",20:09:00,1,1829,no,no,"no (EMPTY)"
3870,41356,2,closed,"2025-11-29 00:00:00",16:57:00,"2025-11-29 00:00:00",18:25:00,1,1915,no,no,"no (EMPTY)"
3869,41354,2,closed,"2025-11-29 00:00:00",15:30:15,"2025-12-01 00:00:00",20:33:00,3,1776,no,no,"no (EMPTY)"
3868,41344,2,closed,"2025-11-29 00:00:00",10:56:08,"2025-11-29 00:00:00",21:30:00,1,1821,no,no,"no (EMPTY)"
3882,41440,2,closed,"2025-11-30 00:00:00",12:31,"2025-12-09 00:00:00",13:16,9,1822,no,no,"no (EMPTY)"
3875,41387,2,closed,"2025-11-30 00:00:00",21:53:00,"2025-12-01 00:00:00",13:49,1,1886,no,no,"no (EMPTY)"
3874,41373,2,closed,"2025-11-30 00:00:00",14:40:00,"2025-11-30 00:00:00",15:10:00,0,1920,no,no,"no (EMPTY)"
3873,41366,2,closed,"2025-11-30 00:00:00",11:26:00,"2025-12-01 00:00:00",20:38:00,2,1877,no,no,"no (EMPTY)"
3876,41398,2,closed,"2025-12-01 00:00:00",17:50:00,"2025-12-02 00:00:00",21:00:00,2,1748,no,no,"no (EMPTY)"
3886,41455,2,closed,"2025-12-02 00:00:00",12:00:00,"2025-12-07 00:00:00",10:00,5,1812,no,no,"no (EMPTY)"
3881,41423,2,closed,"2025-12-02 00:00:00",15:03:00,"2025-12-02 00:00:00",17:55:00,0,1827,no,no,"no (EMPTY)"
3880,41422,2,closed,"2025-12-02 00:00:00",13:22:59,"2025-12-05 00:00:00",00:32,3,1810,no,no,"no (EMPTY)"
3879,41421,2,closed,"2025-12-02 00:00:00",12:28:00,"2025-12-02 00:00:00",19:00:00,1,1772,no,no,"no (EMPTY)"
3878,41417,2,closed,"2025-12-02 00:00:00",11:13:20,"2025-12-03 00:00:00",14:55:00,2,1883,no,no,"no (EMPTY)"
3877,41414,2,closed,"2025-12-02 00:00:00",10:33:00,"2025-12-02 00:00:00",17:45:00,1,1859,no,no,"no (EMPTY)"
3885,41454,2,closed,"2025-12-03 00:00:00",16:29:00,"2025-12-03 00:00:00",17:35,0,1807,no,no,"no (EMPTY)"
3884,41447,2,closed,"2025-12-03 00:00:00",14:58:59,"2025-12-03 00:00:00",17:40,1,1874,no,no,"no (EMPTY)"
3883,41444,2,closed,"2025-12-03 00:00:00",13:33:47,"2025-12-03 00:00:00",14:18:00,0,1803,no,no,"no (EMPTY)"
3892,41486,2,closed,"2025-12-04 00:00:00",19:43:00,"2025-12-08 00:00:00",15:30:00,4,1781,no,no,"no (EMPTY)"
3891,41482,2,closed,"2025-12-04 00:00:00",18:10:05,"2025-12-10 00:00:00",15:04:00,6,1905,no,no,"no (EMPTY)"
3890,41478,2,closed,"2025-12-04 00:00:00",16:55:57,"2025-12-07 00:00:00",11:49,3,1854,no,no,"no (EMPTY)"
3889,41474,2,closed,"2025-12-04 00:00:00",14:25:22,"2025-12-05 00:00:00",08:11,1,1743,no,no,"no (EMPTY)"
3888,41468,2,closed,"2025-12-04 00:00:00",13:03:04,"2025-12-04 00:00:00",14:54:00,0,1742,no,no,"no (EMPTY)"
3887,41465,2,closed,"2025-12-04 00:00:00",11:02:53,"2025-12-04 00:00:00",22:14:00,1,1840,no,no,"no (EMPTY)"
3895,41520,2,closed,"2025-12-05 00:00:00",18:58:15,"2025-12-13 00:00:00",12:59:00,8,1868,no,no,"no (EMPTY)"
3894,41516,2,closed,"2025-12-05 00:00:00",17:23:25,"2025-12-16 00:00:00",13:55,11,1770,no,no,"no (EMPTY)"
3893,41501,2,closed,"2025-12-05 00:00:00",10:59:30,"2025-12-06 00:00:00",12:22:00,1,1758,no,no,"no (EMPTY)"
3914,41628,2,closed,"2025-12-06 00:00:00",12:28:00,"2025-12-13 00:00:00",21:06:00,8,1916,no,no,"no (EMPTY)"
3898,41539,2,closed,"2025-12-06 00:00:00",17:14:00,"2025-12-06 00:00:00",18:23:00,0,1772,no,no,"no (EMPTY)"
3897,41533,2,closed,"2025-12-06 00:00:00",13:38:39,"2025-12-08 00:00:00",08:15,2,1851,no,no,"no (EMPTY)"
3896,41532,2,closed,"2025-12-06 00:00:00",13:22:03,"2025-12-20 00:00:00",17:40,15,1930,no,no,"no (EMPTY)"
3904,41567,2,closed,"2025-12-07 00:00:00",19:57:00,"2025-12-09 00:00:00",13:20,2,1799,no,no,"no (EMPTY)"
3903,41562,2,closed,"2025-12-07 00:00:00",17:04:29,"2025-12-08 00:00:00",17:45:00,1,1835,no,no,"no (EMPTY)"
3902,41557,2,closed,"2025-12-07 00:00:00",14:50:00,"2025-12-07 00:00:00",17:25,1,1754,no,no,"no (EMPTY)"
3901,41556,2,closed,"2025-12-07 00:00:00",14:16:02,"2025-12-12 00:00:00",11:20,5,1776,no,no,"no (EMPTY)"
3900,41555,2,closed,"2025-12-07 00:00:00",13:22:10,"2025-12-12 00:00:00",18:12,6,1755,no,no,"no (EMPTY)"
3899,41553,2,closed,"2025-12-07 00:00:00",11:52:17,"2025-12-07 00:00:00",13:01,0,1742,no,no,"no (EMPTY)"
3909,41590,2,closed,"2025-12-08 00:00:00",21:45:00,"2025-12-10 00:00:00",13:50:00,2,1895,no,no,"no (EMPTY)"
3908,41586,2,closed,"2025-12-08 00:00:00",17:45:36,"2025-12-12 00:00:00",16:25:00,4,1790,no,no,"no (EMPTY)"
3907,41584,2,closed,"2025-12-08 00:00:00",16:25:00,"2025-12-09 00:00:00",07:50,1,1824,no,no,"no (EMPTY)"
3906,41583,2,closed,"2025-12-08 00:00:00",15:40:00,"2025-12-08 00:00:00",16:30:00,0,1923,no,no,"no (EMPTY)"
3905,41576,2,closed,"2025-12-08 00:00:00",13:23:00,"2025-12-10 00:00:00",08:26,2,1807,no,no,"no (EMPTY)"
3959,41824,2,closed,"2025-12-08 00:00:00",21:36:00,"2025-12-22 00:00:00",23:27:00,14,1742,no,no,"no (EMPTY)"
3911,41607,2,closed,"2025-12-09 00:00:00",18:51:13,"2026-01-26 00:00:00",22:50:00,49,1936,no,no,"no (EMPTY)"
3910,41606,2,closed,"2025-12-09 00:00:00",18:49:17,"2025-12-24 00:00:00",07:48,15,1933,no,no,"no (EMPTY)"
3922,41661,2,closed,"2025-12-10 00:00:00",21:00:00,"2025-12-12 00:00:00",15:23:00,2,1794,no,no,"no (EMPTY)"
3920,41643,2,closed,"2025-12-10 00:00:00",17:30:04,"2025-12-12 00:00:00",11:50,2,1883,no,no,"no (EMPTY)"
3919,41642,2,closed,"2025-12-10 00:00:00",16:50:00,"2025-12-13 00:00:00",19:15:00,4,1885,no,no,"no (EMPTY)"
3918,41638,2,closed,"2025-12-10 00:00:00",15:26:46,"2025-12-28 00:00:00",20:07:00,19,1835,no,no,"no (EMPTY)"
3917,41634,2,closed,"2025-12-10 00:00:00",14:20:54,"2025-12-11 00:00:00",18:40:00,2,1789,no,no,"no (EMPTY)"
3916,41633,2,closed,"2025-12-10 00:00:00",14:13:54,"2025-12-10 00:00:00",15:25,0,1885,no,no,"no (EMPTY)"
3915,41629,2,closed,"2025-12-10 00:00:00",12:40:45,"2025-12-10 00:00:00",13:45:00,0,1789,no,no,"no (EMPTY)"
3913,41626,2,closed,"2025-12-10 00:00:00",11:09:43,"2025-12-11 00:00:00",20:07:00,2,1897,no,no,"no (EMPTY)"
3912,41625,2,closed,"2025-12-10 00:00:00",11:01:00,"2025-12-11 00:00:00",19:06,2,1894,no,no,"no (EMPTY)"
3924,41670,2,closed,"2025-12-11 00:00:00",17:41:20,"2025-12-15 00:00:00",14:10:00,4,1810,no,no,"no (EMPTY)"
3923,41663,2,closed,"2025-12-11 00:00:00",13:25:00,"2025-12-11 00:00:00",17:12:00,1,1778,no,no,"no (EMPTY)"
3921,41659,2,closed,"2025-12-11 00:00:00",11:14:26,"2025-12-11 00:00:00",15:30:00,1,1821,no,no,"no (EMPTY)"
3930,41700,2,closed,"2025-12-11 00:00:00",23:59:00,"2025-12-27 00:00:00",08:08,16,1934,no,no,"no (EMPTY)"
3926,41676,2,closed,"2025-12-11 00:00:00",21:05:20,"2025-12-12 00:00:00",12:55,1,1907,no,no,"no (EMPTY)"
3925,41675,2,closed,"2025-12-11 00:00:00",19:48:30,"2025-12-11 00:00:00",20:38:00,1,1827,no,no,"no (EMPTY)"
3933,41714,2,closed,"2025-12-12 00:00:00",21:20:00,"2025-12-12 00:00:00",22:30:00,0,1808,no,no,"no (EMPTY)"
3932,41710,2,closed,"2025-12-12 00:00:00",18:51:47,"2025-12-12 00:00:00",20:00:00,0,1906,no,no,"no (EMPTY)"
3931,41702,2,closed,"2025-12-12 00:00:00",16:42:00,"2025-12-12 00:00:00",21:17,1,1758,no,no,"no (EMPTY)"
3929,41699,2,closed,"2025-12-12 00:00:00",12:23:00,"2025-12-17 00:00:00",15:12:00,6,1801,no,no,"no (EMPTY)"
3928,41693,2,closed,"2025-12-12 00:00:00",10:27:00,"2026-01-17 00:00:00",16:06,37,1935,no,no,"no (EMPTY)"
3927,41684,2,closed,"2025-12-12 00:00:00",10:24:00,"2025-12-31 00:00:00",07:43,19,1849,no,no,"no (EMPTY)"
3935,41735,2,closed,"2025-12-13 00:00:00",20:33:25,"2025-12-13 00:00:00",21:02:00,0,1870,no,no,"no (EMPTY)"
3934,41732,2,closed,"2025-12-13 00:00:00",16:58:19,"2025-12-14 00:00:00",08:53,1,1851,no,no,"no (EMPTY)"
3943,41762,2,closed,"2025-12-14 00:00:00",21:51:00,"2025-12-14 00:00:00",22:25:00,0,1743,no,no,"no (EMPTY)"
3942,41760,2,closed,"2025-12-14 00:00:00",20:42:00,"2025-12-14 00:00:00",20:50:00,0,1850,no,no,"no (EMPTY)"
3941,41758,2,closed,"2025-12-14 00:00:00",18:16:00,"2025-12-15 00:00:00",11:21:00,1,1892,no,no,"no (EMPTY)"
3940,41757,2,closed,"2025-12-14 00:00:00",18:05:00,"2025-12-14 00:00:00",19:31:00,0,1893,no,no,"no (EMPTY)"
3939,41751,2,closed,"2025-12-14 00:00:00",14:55:00,"2025-12-16 00:00:00",13:54:00,2,1776,no,no,"no (EMPTY)"
3938,41746,2,closed,"2025-12-14 00:00:00",14:10:32,"2025-12-14 00:00:00",15:34:00,0,1812,no,no,"no (EMPTY)"
3937,41744,2,closed,"2025-12-14 00:00:00",12:45:00,"2025-12-14 00:00:00",13:24:00,0,1893,no,no,"no (EMPTY)"
3936,41742,2,closed,"2025-12-14 00:00:00",11:23:49,"2025-12-14 00:00:00",12:40,0,1927,no,no,"no (EMPTY)"
3948,41781,2,closed,"2025-12-15 00:00:00",14:28:00,"2025-12-16 00:00:00",17:14:00,2,1808,no,no,"no (EMPTY)"
3947,41780,2,closed,"2025-12-15 00:00:00",17:30:00,"2025-12-15 00:00:00",21:02:00,1,1743,no,no,"no (EMPTY)"
3946,41778,2,closed,"2025-12-15 00:00:00",10:45:00,"2025-12-16 00:00:00",17:30:00,2,1758,no,no,"no (EMPTY)"
3945,41775,2,closed,"2025-12-15 00:00:00",14:18:00,"2025-12-16 00:00:00",15:40:00,1,1885,no,no,"no (EMPTY)"
3944,41772,2,closed,"2025-12-15 00:00:00",14:08:00,"2025-12-15 00:00:00",17:28,1,1857,no,no,"no (EMPTY)"
3976,41891,2,closed,"2025-12-16 00:00:00",17:10:00,"2025-12-26 00:00:00",15:11,10,1776,no,no,"no (EMPTY)"
3957,41812,2,closed,"2025-12-16 00:00:00",19:05:35,"2025-12-16 00:00:00",20:19:00,0,1778,no,no,"no (EMPTY)"
3956,41811,2,closed,"2025-12-16 00:00:00",17:59:00,"2025-12-16 00:00:00",23:46:00,1,1851,no,no,"no (EMPTY)"
3955,41809,2,closed,"2025-12-16 00:00:00",17:33:00,"2025-12-16 00:00:00",20:49:00,1,1859,no,no,"no (EMPTY)"
3954,41807,2,closed,"2025-12-16 00:00:00",17:11:00,"2025-12-16 00:00:00",18:23:00,0,1776,no,no,"no (EMPTY)"
3953,41803,2,closed,"2025-12-16 00:00:00",16:07:00,"2025-12-16 00:00:00",17:03:00,0,1859,no,no,"no (EMPTY)"
3952,41799,2,closed,"2025-12-16 00:00:00",13:17:00,"2025-12-16 00:00:00",14:08:00,0,1839,no,no,"no (EMPTY)"
3951,41798,2,closed,"2025-12-16 00:00:00",12:50:00,"2025-12-17 00:00:00",17:25:00,2,1903,no,no,"no (EMPTY)"
3950,41796,2,closed,"2025-12-16 00:00:00",12:24:00,"2025-12-16 00:00:00",13:02:00,0,1851,no,no,"no (EMPTY)"
3949,41793,2,closed,"2025-12-16 00:00:00",11:08:00,"2025-12-16 00:00:00",15:30,1,1854,no,no,"no (EMPTY)"
3965,41835,2,closed,"2025-12-17 00:00:00",18:37:06,"2025-12-18 00:00:00",17:00:00,1,1754,no,no,"no (EMPTY)"
3964,41834,2,closed,"2025-12-17 00:00:00",17:24:00,"2025-12-25 00:00:00",15:13:00,8,1937,no,no,"no (EMPTY)"
3963,41833,2,closed,"2025-12-17 00:00:00",17:25:00,"2025-12-17 00:00:00",17:22,1,1937,no,no,"no (EMPTY)"
3962,41832,2,closed,"2025-12-17 00:00:00",16:31:00,"2025-12-21 00:00:00",18:34,4,1819,no,no,"no (EMPTY)"
3960,41827,2,closed,"2025-12-17 00:00:00",14:45:00,"2025-12-17 00:00:00",23:25,1,1852,no,no,"no (EMPTY)"
3958,41820,2,closed,"2025-12-17 00:00:00",10:30:00,"2025-12-20 00:00:00",13:57:00,4,1848,no,no,"no (EMPTY)"
3971,41858,2,closed,"2025-12-18 00:00:00",17:08:05,"2025-12-18 00:00:00",19:37:00,0,1753,no,no,"no (EMPTY)"
3970,41852,2,closed,"2025-12-18 00:00:00",13:57:00,"2025-12-20 00:00:00",15:08:00,2,1884,no,no,"no (EMPTY)"
3969,41851,2,closed,"2025-12-18 00:00:00",13:15:00,"2025-12-18 00:00:00",17:03:00,1,1824,no,no,"no (EMPTY)"
3968,41850,2,closed,"2025-12-18 00:00:00",12:20:00,"2026-01-10 00:00:00",17:01:00,24,1806,no,no,"no (EMPTY)"
3967,41846,2,closed,"2025-12-18 00:00:00",11:35:00,"2025-12-18 00:00:00",12:35:00,0,1876,no,no,"no (EMPTY)"
3966,41844,2,closed,"2025-12-18 00:00:00",10:39:00,"2025-12-21 00:00:00",12:25,3,1878,no,no,"no (EMPTY)"
3974,41876,2,closed,"2025-12-19 00:00:00",19:23:59,"2025-12-19 00:00:00",21:52:00,0,1794,no,no,"no (EMPTY)"
3973,41868,2,closed,"2025-12-19 00:00:00",14:31:08,"2026-01-25 00:00:00",17:00:00,38,1914,no,no,"no (EMPTY)"
3972,41867,2,closed,"2025-12-19 00:00:00",13:16:00,"2026-01-29 00:00:00",21:55,42,1939,no,no,"no (EMPTY)"
3984,41918,2,closed,"2025-12-20 00:00:00",21:01:00,"2025-12-25 00:00:00",16:59,5,1805,no,no,"no (EMPTY)"
3983,41914,2,closed,"2025-12-20 00:00:00",20:07:00,"2025-12-21 00:00:00",10:01,1,1851,no,no,"no (EMPTY)"
3982,41912,2,closed,"2025-12-20 00:00:00",19:44:32,"2026-01-01 00:00:00",17:22:00,12,1932,no,no,"no (EMPTY)"
3981,41910,2,closed,"2025-12-20 00:00:00",18:21:00,"2025-12-20 00:00:00",19:53:00,0,1893,no,no,"no (EMPTY)"
3980,41908,2,closed,"2025-12-20 00:00:00",17:58:00,"2025-12-22 00:00:00",17:00:00,2,1870,no,no,"no (EMPTY)"
3979,41906,2,closed,"2025-12-20 00:00:00",16:56:06,"2025-12-20 00:00:00",17:49:00,0,1870,no,no,"no (EMPTY)"
3978,41904,2,closed,"2025-12-20 00:00:00",14:12:00,"2025-12-20 00:00:00",15:54:00,0,1808,no,no,"no (EMPTY)"
3977,41897,2,closed,"2025-12-20 00:00:00",13:24:37,"2025-12-20 00:00:00",14:02:00,0,1808,no,no,"no (EMPTY)"
3975,41890,2,closed,"2025-12-20 00:00:00",08:49:00,"2025-12-20 00:00:00",19:36:00,1,1794,no,no,"no (EMPTY)"
3988,41944,2,closed,"2025-12-21 00:00:00",14:39:00,"2025-12-21 00:00:00",16:33:00,0,1920,no,no,"no (EMPTY)"
3987,41932,2,closed,"2025-12-21 00:00:00",15:11:42,"2025-12-21 00:00:00",23:28,1,1770,no,no,"no (EMPTY)"
3986,41931,2,closed,"2025-12-21 00:00:00",13:44:00,"2025-12-21 00:00:00",14:38:00,0,1812,no,no,"no (EMPTY)"
3985,41923,2,closed,"2025-12-21 00:00:00",01:21:00,"2025-12-28 00:00:00",08:35,8,1822,no,no,"no (EMPTY)"
4031,42202,2,closed,"2025-12-22 00:00:00",12:40:00,"2026-01-14 00:00:00",08:10,23,1861,no,no,"no (EMPTY)"
3992,42000,2,closed,"2025-12-23 00:00:00",23:10:31,"2025-12-24 00:00:00",14:54,1,1754,no,no,"no (EMPTY)"
3991,41999,2,closed,"2025-12-23 00:00:00",22:02:00,"2025-12-25 00:00:00",10:29,2,1803,no,no,"no (EMPTY)"
3990,41996,2,closed,"2025-12-23 00:00:00",19:02:28,"2025-12-24 00:00:00",08:01,1,1827,no,no,"no (EMPTY)"
3989,41990,2,closed,"2025-12-23 00:00:00",14:35:00,"2025-12-25 00:00:00",14:12,2,1831,no,no,"no (EMPTY)"
4032,42206,2,closed,"2025-12-24 00:00:00",18:00:00,"2026-02-03 00:00:00",23:31:00,42,1846,no,no,"no (EMPTY)"
3998,42022,2,closed,"2025-12-24 00:00:00",20:50:00,"2025-12-25 00:00:00",09:54,1,1820,no,no,"no (EMPTY)"
3997,42018,2,closed,"2025-12-24 00:00:00",16:13:00,"2025-12-24 00:00:00",16:47:00,0,1758,no,no,"no (EMPTY)"
3996,42011,2,closed,"2025-12-24 00:00:00",13:38:52,"2025-12-25 00:00:00",11:24,1,1847,no,no,"no (EMPTY)"
3995,42010,2,closed,"2025-12-24 00:00:00",12:45:00,"2025-12-28 00:00:00",18:03:00,5,1875,no,no,"no (EMPTY)"
3994,42007,2,closed,"2025-12-24 00:00:00",11:50:00,"2025-12-24 00:00:00",12:44:00,0,1748,no,no,"no (EMPTY)"
3993,42005,2,closed,"2025-12-24 00:00:00",10:50:00,"2025-12-25 00:00:00",18:30,2,1852,no,no,"no (EMPTY)"
4001,42037,2,closed,"2025-12-25 00:00:00",13:43:00,"2025-12-27 00:00:00",11:05,2,1778,no,no,"no (EMPTY)"
4000,42036,2,closed,"2025-12-25 00:00:00",13:30:00,"2025-12-25 00:00:00",14:27:00,0,1872,no,no,"no (EMPTY)"
3999,42033,2,closed,"2025-12-25 00:00:00",10:50:00,"2025-12-25 00:00:00",11:31:00,0,1778,no,no,"no (EMPTY)"
4008,42077,2,closed,"2025-12-26 00:00:00",21:52:00,"2025-12-27 00:00:00",12:57,1,1910,no,no,"no (EMPTY)"
4007,42074,2,closed,"2025-12-26 00:00:00",19:53:00,"2025-12-27 00:00:00",18:12,1,1823,no,no,"no (EMPTY)"
4006,42069,2,closed,"2025-12-26 00:00:00",17:13:00,"2026-01-01 00:00:00",22:34,7,1756,no,no,"no (EMPTY)"
4005,42060,2,closed,"2025-12-26 00:00:00",14:48:00,"2025-12-26 00:00:00",15:47,0,1821,no,no,"no (EMPTY)"
4004,42057,2,closed,"2025-12-26 00:00:00",11:42:00,"2025-12-27 00:00:00",16:56:00,2,1928,no,no,"no (EMPTY)"
4003,42055,2,closed,"2025-12-26 00:00:00",10:31:00,"2025-12-26 00:00:00",15:13,1,1790,no,no,"no (EMPTY)"
4011,42099,2,closed,"2025-12-27 00:00:00",19:40:00,"2025-12-28 00:00:00",08:32,1,1810,no,no,"no (EMPTY)"
4010,42095,2,closed,"2025-12-27 00:00:00",16:41:00,"2025-12-28 00:00:00",09:25,1,1812,no,no,"no (EMPTY)"
4009,42090,2,closed,"2025-12-27 00:00:00",12:28:00,"2026-01-01 00:00:00",12:00:00,5,1797,no,no,"no (EMPTY)"
4016,42127,2,closed,"2025-12-28 00:00:00",20:44:15,"2025-12-28 00:00:00",21:30:00,1,1852,no,no,"no (EMPTY)"
4015,42116,2,closed,"2025-12-28 00:00:00",15:43:00,"2025-12-28 00:00:00",16:46,0,1831,no,no,"no (EMPTY)"
4014,42114,2,closed,"2025-12-28 00:00:00",14:00:00,"2025-12-28 00:00:00",14:50:00,0,1879,no,no,"no (EMPTY)"
4013,42108,2,closed,"2025-12-28 00:00:00",11:27:00,"2025-12-28 00:00:00",13:07:00,0,1907,no,no,"no (EMPTY)"
4012,42107,2,closed,"2025-12-28 00:00:00",10:37:00,"2026-01-03 00:00:00",14:27,7,1887,no,no,"no (EMPTY)"
4017,42133,2,closed,"2025-12-29 00:00:00",10:13:00,"2025-12-29 00:00:00",20:06:00,1,1922,no,no,"no (EMPTY)"
4022,42163,2,closed,"2025-12-30 00:00:00",18:13:00,"2025-12-31 00:00:00",13:26,1,1815,no,no,"no (EMPTY)"
4021,42156,2,closed,"2025-12-30 00:00:00",14:47:00,"2025-12-31 00:00:00",13:24,1,1851,no,no,"no (EMPTY)"
4020,42154,2,closed,"2025-12-30 00:00:00",12:39:00,"2025-12-30 00:00:00",17:36,1,1875,no,no,"no (EMPTY)"
4019,42152,2,closed,"2025-12-30 00:00:00",11:56:00,"2025-12-30 00:00:00",14:02:00,1,1772,no,no,"no (EMPTY)"
4018,42151,2,closed,"2025-12-30 00:00:00",10:29:00,"2025-12-30 00:00:00",11:37:00,0,1848,no,no,"no (EMPTY)"
4030,42192,2,closed,"2025-12-31 00:00:00",19:21:35,"2026-01-01 00:00:00",11:16,1,1850,no,no,"no (EMPTY)"
4029,42191,2,closed,"2025-12-31 00:00:00",18:46:00,"2026-01-02 00:00:00",13:36,2,1924,no,no,"no (EMPTY)"
4028,42186,2,closed,"2025-12-31 00:00:00",14:45:00,"2026-01-02 00:00:00",10:24,2,1827,no,no,"no (EMPTY)"
4027,42185,2,closed,"2025-12-31 00:00:00",14:45:00,"2025-12-31 00:00:00",18:36,1,1781,no,no,"no (EMPTY)"
4026,42182,2,closed,"2025-12-31 00:00:00",13:59,"2025-12-31 00:00:00",16:02,1,1824,no,no,"no (EMPTY)"
4025,42178,2,closed,"2025-12-31 00:00:00",12:00:00,"2025-12-31 00:00:00",13:22,0,1899,no,no,"no (EMPTY)"
4024,42177,5,closed,"2025-12-31 00:00:00",10:34:59,"2025-12-31 00:00:00",10:34:59,0,1827,yes,yes,"no (EMPTY)"
4023,42176,2,closed,"2025-12-31 00:00:00",10:34:57,"2025-12-31 00:00:00",10:32,1,1827,no,no,"no (EMPTY)"
4035,42213,2,closed,"2026-01-01 00:00:00",21:13:00,"2026-01-03 00:00:00",10:04,2,1906,no,no,"no (EMPTY)"
4034,42212,2,closed,"2026-01-01 00:00:00",19:38:17,"2026-01-01 00:00:00",21:00:00,0,1814,no,no,"no (EMPTY)"
4033,42209,2,closed,"2026-01-01 00:00:00",17:57:00,"2026-01-03 00:00:00",14:16:00,2,1910,no,no,"no (EMPTY)"
4040,42233,2,closed,"2026-01-02 00:00:00",16:47:00,"2026-01-03 00:00:00",23:30:00,2,1770,no,no,"no (EMPTY)"
4039,42229,2,closed,"2026-01-02 00:00:00",15:32:00,"2026-01-02 00:00:00",16:30:00,0,1872,no,no,"no (EMPTY)"
4038,42227,2,closed,"2026-01-02 00:00:00",11:41:00,"2026-01-03 00:00:00",08:17,1,1850,no,no,"no (EMPTY)"
4037,42226,2,closed,"2026-01-02 00:00:00",14:14:18,"2026-01-02 00:00:00",16:00,0,1803,no,no,"no (EMPTY)"
4036,42222,2,closed,"2026-01-02 00:00:00",12:00:00,"2026-01-02 00:00:00",20:00:00,1,1844,no,no,"no (EMPTY)"
4047,42261,2,closed,"2026-01-03 00:00:00",16:58:00,"2026-01-04 00:00:00",12:00,1,1772,no,no,"no (EMPTY)"
4046,42260,2,closed,"2026-01-03 00:00:00",16:30:00,"2026-01-08 00:00:00",21:05:00,6,1835,no,no,"no (EMPTY)"
4045,42255,2,closed,"2026-01-03 00:00:00",14:52:24,"2026-01-05 00:00:00",11:47:00,2,1871,no,no,"no (EMPTY)"
4044,42253,2,closed,"2026-01-03 00:00:00",14:45:00,"2026-02-01 00:00:00",08:51,29,1743,no,no,"no (EMPTY)"
4043,42249,2,closed,"2026-01-03 00:00:00",13:53:00,"2026-01-04 00:00:00",07:53,1,1926,no,no,"no (EMPTY)"
4042,42247,2,closed,"2026-01-03 00:00:00",00:45:00,"2026-01-05 00:00:00",17:00:00,3,1805,no,no,"no (EMPTY)"
4041,42245,2,closed,"2026-01-03 00:00:00",10:32:00,"2026-01-03 00:00:00",12:41:00,0,1778,no,no,"no (EMPTY)"
4056,42292,2,closed,"2026-01-04 00:00:00",21:40:00,"2026-01-06 00:00:00",22:00:00,2,1807,no,no,"no (EMPTY)"
4055,42290,5,closed,"2026-01-04 00:00:00",21:41:00,"2026-01-04 00:00:00",21:41:00,0,1807,yes,yes,"no (EMPTY)"
4054,42289,2,closed,"2026-01-04 00:00:00",20:50:00,"2026-01-04 00:00:00",21:38:00,0,1794,no,no,"no (EMPTY)"
4053,42287,2,closed,"2026-01-04 00:00:00",19:53:00,"2026-01-05 00:00:00",14:53:00,1,1741,no,no,"no (EMPTY)"
4052,42285,2,closed,"2026-01-04 00:00:00",15:43:00,"2026-01-05 00:00:00",12:35:00,1,1819,no,no,"no (EMPTY)"
4051,42281,2,closed,"2026-01-04 00:00:00",14:23:00,"2026-01-04 00:00:00",18:03:00,1,1821,no,no,"no (EMPTY)"
4050,42279,2,closed,"2026-01-04 00:00:00",13:10:00,"2026-01-05 00:00:00",17:46,2,1868,no,no,"no (EMPTY)"
4049,42273,2,closed,"2026-01-04 00:00:00",11:06:00,"2026-01-07 00:00:00",21:22:00,4,1911,no,no,"no (EMPTY)"
4048,42270,2,closed,"2026-01-04 00:00:00",00:04:00,"2026-01-06 00:00:00",08:25,3,1850,no,no,"no (EMPTY)"
4063,42324,2,closed,"2026-01-05 00:00:00",22:52:13,"2026-01-08 00:00:00",16:47:00,3,1748,no,no,"no (EMPTY)"
4062,42323,2,closed,"2026-01-05 00:00:00",20:04:00,"2026-01-07 00:00:00",21:46:00,2,1904,no,no,"no (EMPTY)"
4061,42319,2,closed,"2026-01-05 00:00:00",20:24:33,"2026-01-06 00:00:00",21:12:00,1,1840,no,no,"no (EMPTY)"
4060,42317,2,closed,"2026-01-05 00:00:00",17:55:00,"2026-01-06 00:00:00",17:21:00,1,1886,no,no,"no (EMPTY)"
4059,42313,2,closed,"2026-01-05 00:00:00",16:26:00,"2026-01-16 00:00:00",12:50:00,11,1800,no,no,"no (EMPTY)"
4058,42308,2,closed,"2026-01-05 00:00:00",15:18:00,"2026-01-06 00:00:00",09:44,1,1870,no,no,"no (EMPTY)"
4057,42303,2,closed,"2026-01-05 00:00:00",12:45:00,"2026-01-05 00:00:00",14:50:00,0,1854,no,no,"no (EMPTY)"
4073,42372,2,closed,"2026-01-06 00:00:00",21:13,"2026-01-07 00:00:00",17:20:00,1,1840,no,no,"no (EMPTY)"
4064,42341,2,closed,"2026-01-06 00:00:00",14:30:00,"2026-01-07 00:00:00",19:36:00,2,1829,no,no,"no (EMPTY)"
4075,42382,2,closed,"2026-01-07 00:00:00",20:04:00,"2026-01-08 00:00:00",08:23,1,1895,no,no,"no (EMPTY)"
4074,42378,2,closed,"2026-01-07 00:00:00",19:02:03,"2026-01-08 00:00:00",13:40:00,1,1864,no,no,"no (EMPTY)"
4072,42370,2,closed,"2026-01-07 00:00:00",17:04:00,"2026-01-08 00:00:00",13:53,1,1826,no,no,"no (EMPTY)"
4071,42369,2,closed,"2026-01-07 00:00:00",16:20:00,"2026-01-08 00:00:00",18:00:00,1,1859,no,no,"no (EMPTY)"
4070,42368,2,closed,"2026-01-07 00:00:00",15:50:00,"2026-01-08 00:00:00",23:20:00,2,1790,no,no,"no (EMPTY)"
4069,42365,2,closed,"2026-01-07 00:00:00",14:45:00,"2026-01-08 00:00:00",13:55,1,1799,no,no,"no (EMPTY)"
4068,42363,2,closed,"2026-01-07 00:00:00",13:23:00,"2026-01-07 00:00:00",18:04:00,1,1877,no,no,"no (EMPTY)"
4067,42361,2,closed,"2026-01-07 00:00:00",12:14:00,"2026-01-08 00:00:00",15:48:00,2,1891,no,no,"no (EMPTY)"
4066,42358,2,closed,"2026-01-07 00:00:00",11:36:00,"2026-01-07 00:00:00",18:21:00,1,1881,no,no,"no (EMPTY)"
4065,42357,2,closed,"2026-01-07 00:00:00",10:33:00,"2026-01-07 00:00:00",12:11,0,1750,no,no,"no (EMPTY)"
4079,42408,2,closed,"2026-01-08 00:00:00",19:26:00,"2026-01-09 00:00:00",23:56,2,1808,no,no,"no (EMPTY)"
4078,42405,2,closed,"2026-01-08 00:00:00",17:47:49,"2026-01-12 00:00:00",08:47,4,1802,no,no,"no (EMPTY)"
4077,42398,2,closed,"2026-01-08 00:00:00",13:29:00,"2026-01-09 00:00:00",22:22,2,1892,no,no,"no (EMPTY)"
4076,42396,2,closed,"2026-01-08 00:00:00",12:21:00,"2026-01-08 00:00:00",13:10:00,0,1888,no,no,"no (EMPTY)"
4083,42428,2,closed,"2026-01-09 00:00:00",18:00:00,"2026-01-15 00:00:00",09:36:00,6,1873,no,no,"no (EMPTY)"
4082,42427,2,closed,"2026-01-09 00:00:00",19:57:00,"2026-01-10 00:00:00",14:45,1,1794,no,no,"no (EMPTY)"
4081,42418,2,closed,"2026-01-09 00:00:00",12:23:00,"2026-01-14 00:00:00",12:57:00,5,1799,no,no,"no (EMPTY)"
4080,42417,2,closed,"2026-01-09 00:00:00",11:17:09,"2026-01-10 00:00:00",14:42:00,2,1877,no,no,"no (EMPTY)"
4089,42460,2,closed,"2026-01-10 00:00:00",21:38:13,"2026-01-10 00:00:00",22:31:00,0,1824,no,no,"no (EMPTY)"
4088,42453,2,closed,"2026-01-10 00:00:00",18:25:00,"2026-01-10 00:00:00",21:00:00,1,1807,no,no,"no (EMPTY)"
4087,42448,2,closed,"2026-01-10 00:00:00",16:24:55,"2026-01-10 00:00:00",18:00:00,0,1823,no,no,"no (EMPTY)"
4086,42444,2,closed,"2026-01-10 00:00:00",14:39:00,"2026-01-10 00:00:00",23:30:00,1,1921,no,no,"no (EMPTY)"
4085,42443,2,closed,"2026-01-10 00:00:00",14:00:00,"2026-01-29 00:00:00",19:15,20,1937,no,no,"no (EMPTY)"
4084,42442,2,closed,"2026-01-10 00:00:00",14:03:49,"2026-01-10 00:00:00",13:58,1,1937,no,no,"no (EMPTY)"
4094,42480,5,closed,"2026-01-11 00:00:00",22:30:36,"2026-01-11 00:00:00",22:30:36,0,1776,yes,yes,"no (EMPTY)"
4093,42479,2,closed,"2026-01-11 00:00:00",19:50:28,"2026-01-14 00:00:00",10:28,3,1851,no,no,"no (EMPTY)"
4092,42476,2,closed,"2026-01-11 00:00:00",13:01,"2026-01-11 00:00:00",13:03:00,0,1871,no,no,"no (EMPTY)"
4091,42475,2,closed,"2026-01-11 00:00:00",17:56:12,"2026-01-14 00:00:00",17:40:00,3,1815,no,no,"no (EMPTY)"
4090,42473,2,closed,"2026-01-11 00:00:00",15:10:00,"2026-01-11 00:00:00",20:00:00,1,1750,no,no,"no (EMPTY)"
4095,42497,2,closed,"2026-01-12 00:00:00",14:48:00,"2026-01-17 00:00:00",15:41:00,5,1806,no,no,"no (EMPTY)"
4104,42528,2,closed,"2026-01-13 00:00:00",21:36:54,"2026-01-14 00:00:00",20:44:00,1,1912,no,no,"no (EMPTY)"
4103,42526,2,closed,"2026-01-13 00:00:00",19:43:55,"2026-01-14 00:00:00",12:37,1,1907,no,no,"no (EMPTY)"
4102,42525,2,closed,"2026-01-13 00:00:00",19:09:55,"2026-01-13 00:00:00",19:15,0,1807,no,no,"no (EMPTY)"
4101,42522,2,closed,"2026-01-13 00:00:00",14:50:00,"2026-01-14 00:00:00",18:03:00,2,1879,no,no,"no (EMPTY)"
4100,42521,2,closed,"2026-01-13 00:00:00",14:12:00,"2026-01-18 00:00:00",13:00:00,5,1753,no,no,"no (EMPTY)"
4099,42519,2,closed,"2026-01-13 00:00:00",13:12:00,"2026-01-15 00:00:00",12:05,2,1915,no,no,"no (EMPTY)"
4098,42517,2,closed,"2026-01-13 00:00:00",12:22:00,"2026-01-13 00:00:00",18:28:00,1,1878,no,no,"no (EMPTY)"
4097,42516,2,closed,"2026-01-13 00:00:00",18:29,"2026-01-13 00:00:00",12:20,1,1878,no,no,"no (EMPTY)"
4096,42513,2,closed,"2026-01-13 00:00:00",10:37:00,"2026-01-13 00:00:00",21:43,1,1869,no,no,"no (EMPTY)"
4110,42552,2,closed,"2026-01-14 00:00:00",20:41:00,"2026-01-16 00:00:00",14:06,2,1824,no,no,"no (EMPTY)"
4109,42551,2,closed,"2026-01-14 00:00:00",19:04:04,"2026-01-15 00:00:00",17:15,1,1857,no,no,"no (EMPTY)"
4108,42549,2,closed,"2026-01-14 00:00:00",18:24:10,"2026-01-16 00:00:00",07:51,2,1812,no,no,"no (EMPTY)"
4107,42544,2,closed,"2026-01-14 00:00:00",13:03:42,"2026-01-15 00:00:00",08:05,1,1919,no,no,"no (EMPTY)"
4106,42540,2,closed,"2026-01-14 00:00:00",11:41:00,"2026-01-15 00:00:00",23:40,2,1844,no,no,"no (EMPTY)"
4105,42539,2,closed,"2026-01-14 00:00:00",10:43:00,"2026-01-14 00:00:00",18:01,1,1758,no,no,"no (EMPTY)"
4115,42578,2,closed,"2026-01-15 00:00:00",18:36:00,"2026-01-17 00:00:00",17:17,2,1894,no,no,"no (EMPTY)"
4114,42574,2,closed,"2026-01-15 00:00:00",16:34:30,"2026-01-16 00:00:00",00:48:00,1,1804,no,no,"no (EMPTY)"
4113,42568,2,closed,"2026-01-15 00:00:00",12:48:00,"2026-01-19 00:00:00",19:22:00,5,1808,no,no,"no (EMPTY)"
4112,42567,2,closed,"2026-01-15 00:00:00",10:36:00,"2026-01-16 00:00:00",20:37:00,2,1799,no,no,"no (EMPTY)"
4111,42560,2,closed,"2026-01-15 00:00:00",10:48:00,"2026-01-18 00:00:00",18:40:00,4,1802,no,no,"no (EMPTY)"
4119,42601,2,closed,"2026-01-16 00:00:00",21:56:19,"2026-01-18 00:00:00",08:29,2,1895,no,no,"no (EMPTY)"
4118,42592,2,closed,"2026-01-16 00:00:00",13:44:15,"2026-01-17 00:00:00",17:55:00,2,1772,no,no,"no (EMPTY)"
4117,42590,2,closed,"2026-01-16 00:00:00",10:58:00,"2026-01-17 00:00:00",12:17,1,1861,no,no,"no (EMPTY)"
4116,42589,2,closed,"2026-01-16 00:00:00",11:27,"2026-01-19 00:00:00",23:03:00,4,1827,no,no,"no (EMPTY)"
4131,42630,2,closed,"2026-01-17 00:00:00",22:26:59,"2026-01-24 00:00:00",19:00:00,7,1752,no,no,"no (EMPTY)"
4130,42629,2,closed,"2026-01-17 00:00:00",20:53:00,"2026-01-18 00:00:00",09:06,1,1789,no,no,"no (EMPTY)"
4129,42624,2,closed,"2026-01-17 00:00:00",18:57:19,"2026-01-19 00:00:00",17:06:00,2,1874,no,no,"no (EMPTY)"
4128,42622,2,closed,"2026-01-17 00:00:00",16:32:00,"2026-01-19 00:00:00",12:50:00,2,1902,no,no,"no (EMPTY)"
4127,42620,2,closed,"2026-01-17 00:00:00",15:57:22,"2026-01-17 00:00:00",19:50,1,1841,no,no,"no (EMPTY)"
4126,42618,2,closed,"2026-01-17 00:00:00",12:27,"2026-01-20 00:00:00",09:23,3,1871,no,no,"no (EMPTY)"
4125,42617,2,closed,"2026-01-17 00:00:00",14:22:26,"2026-01-18 00:00:00",12:30,1,1826,no,no,"no (EMPTY)"
4124,42616,2,closed,"2026-01-17 00:00:00",13:28:00,"2026-01-18 00:00:00",15:05:00,1,1888,no,no,"no (EMPTY)"
4123,42614,2,closed,"2026-01-17 00:00:00",13:09:00,"2026-01-20 00:00:00",12:16:00,3,1905,no,no,"no (EMPTY)"
4122,42613,5,closed,"2026-01-17 00:00:00",13:09:00,"2026-01-17 00:00:00",13:09:00,0,1905,yes,yes,"no (EMPTY)"
4121,42612,2,closed,"2026-01-17 00:00:00",12:57:45,"2026-01-17 00:00:00",16:10:00,1,1926,no,no,"no (EMPTY)"
4120,42608,2,closed,"2026-01-17 00:00:00",11:43:00,"2026-01-20 00:00:00",19:54,4,1805,no,no,"no (EMPTY)"
4140,42652,2,closed,"2026-01-18 00:00:00",21:44:11,"2026-01-18 00:00:00",22:13,0,1741,no,no,"no (EMPTY)"
4139,42649,2,closed,"2026-01-18 00:00:00",20:07:23,"2026-01-20 00:00:00",10:28,2,1776,no,no,"no (EMPTY)"
4138,42646,2,closed,"2026-01-18 00:00:00",19:31:44,"2026-01-19 00:00:00",19:00:00,1,1864,no,no,"no (EMPTY)"
4137,42644,2,closed,"2026-01-18 00:00:00",18:00:00,"2026-01-18 00:00:00",18:43:00,0,1812,no,no,"no (EMPTY)"
4136,42643,2,closed,"2026-01-18 00:00:00",18:44,"2026-01-18 00:00:00",17:58,1,1812,no,no,"no (EMPTY)"
4135,42642,2,closed,"2026-01-18 00:00:00",15:13:05,"2026-01-18 00:00:00",17:42:00,0,1840,no,no,"no (EMPTY)"
4134,42640,2,closed,"2026-01-18 00:00:00",12:37:00,"2026-01-19 00:00:00",21:26,2,1851,no,no,"no (EMPTY)"
4133,42636,2,closed,"2026-01-18 00:00:00",11:20:00,"2026-01-22 00:00:00",10:33,4,1908,no,no,"no (EMPTY)"
4132,42634,2,closed,"2026-01-18 00:00:00",10:44:01,"2026-01-18 00:00:00",12:05:00,0,1844,no,no,"no (EMPTY)"
4142,42666,2,closed,"2026-01-19 00:00:00",14:30:00,"2026-01-21 00:00:00",14:42,2,1840,no,no,"no (EMPTY)"
4141,42662,2,closed,"2026-01-19 00:00:00",11:41:00,"2026-01-19 00:00:00",17:11,1,1923,no,no,"no (EMPTY)"
4144,42676,2,closed,"2026-01-19 00:00:00",22:03:00,"2026-01-21 00:00:00",14:49,2,1748,no,no,"no (EMPTY)"
4143,42670,2,closed,"2026-01-19 00:00:00",17:49:35,"2026-01-20 00:00:00",19:45:00,1,1928,no,no,"no (EMPTY)"
4147,42694,2,closed,"2026-01-20 00:00:00",18:22:00,"2026-01-20 00:00:00",19:19:00,0,1823,no,no,"no (EMPTY)"
4146,42685,2,closed,"2026-01-20 00:00:00",11:26:55,"2026-01-20 00:00:00",23:21,1,1927,no,no,"no (EMPTY)"
4145,42684,2,closed,"2026-01-20 00:00:00",10:25:00,"2026-01-22 00:00:00",08:36,2,1870,no,no,"no (EMPTY)"
4154,42724,2,closed,"2026-01-21 00:00:00",20:10:00,"2026-01-25 00:00:00",01:00:00,4,1878,no,no,"no (EMPTY)"
4153,42719,2,closed,"2026-01-21 00:00:00",17:33:00,"2026-01-22 00:00:00",16:57,1,1820,no,no,"no (EMPTY)"
4152,42715,2,closed,"2026-01-21 00:00:00",15:59:24,"2026-01-21 00:00:00",19:54:00,1,1844,no,no,"no (EMPTY)"
4151,42713,2,closed,"2026-01-21 00:00:00",15:12:56,"2026-01-21 00:00:00",17:22:00,0,1750,no,no,"no (EMPTY)"
4150,42708,2,closed,"2026-01-21 00:00:00",13:01:00,"2026-01-21 00:00:00",16:20:00,1,1871,no,no,"no (EMPTY)"
4149,42707,2,closed,"2026-01-21 00:00:00",12:40:00,"2026-01-24 00:00:00",15:36:00,4,1750,no,no,"no (EMPTY)"
4148,42703,2,closed,"2026-01-21 00:00:00",10:36:54,"2026-01-22 00:00:00",08:36,1,1794,no,no,"no (EMPTY)"
4161,42764,2,closed,"2026-01-22 00:00:00",23:36:40,"2026-01-23 00:00:00",13:25:00,1,1899,no,no,"no (EMPTY)"
4160,42756,2,closed,"2026-01-22 00:00:00",20:00:51,"2026-01-23 00:00:00",15:50,1,1915,no,no,"no (EMPTY)"
4159,42752,2,closed,"2026-01-22 00:00:00",17:56:00,"2026-01-28 00:00:00",19:28,6,1776,no,no,"no (EMPTY)"
4158,42746,2,closed,"2026-01-22 00:00:00",15:09:00,"2026-01-22 00:00:00",16:43:00,0,1879,no,no,"no (EMPTY)"
4157,42741,2,closed,"2026-01-22 00:00:00",13:36:00,"2026-01-22 00:00:00",14:18:00,0,1888,no,no,"no (EMPTY)"
4156,42740,2,closed,"2026-01-22 00:00:00",12:10:00,"2026-01-22 00:00:00",16:07,1,1874,no,no,"no (EMPTY)"
4155,42735,2,closed,"2026-01-22 00:00:00",10:40:00,"2026-01-23 00:00:00",16:10,2,1906,no,no,"no (EMPTY)"
4167,42790,2,closed,"2026-01-23 00:00:00",21:38:38,"2026-01-24 00:00:00",00:01:00,1,1810,no,no,"no (EMPTY)"
4166,42789,2,closed,"2026-01-23 00:00:00",19:20:00,"2026-01-24 00:00:00",15:50:00,1,1840,no,no,"no (EMPTY)"
4165,42782,2,closed,"2026-01-23 00:00:00",17:56:00,"2026-01-23 00:00:00",19:03,0,1869,no,no,"no (EMPTY)"
4164,42778,2,closed,"2026-01-23 00:00:00",16:27:00,"2026-01-23 00:00:00",17:31:00,0,1861,no,no,"no (EMPTY)"
4163,42770,2,closed,"2026-01-23 00:00:00",13:44:38,"2026-01-23 00:00:00",15:20,0,1852,no,no,"no (EMPTY)"
4162,42767,2,closed,"2026-01-23 00:00:00",10:44:08,"2026-01-24 00:00:00",22:43:00,2,1770,no,no,"no (EMPTY)"
4170,42800,2,closed,"2026-01-24 00:00:00",18:58:28,"2026-01-26 00:00:00",13:02:00,2,1748,no,no,"no (EMPTY)"
4169,42799,2,closed,"2026-01-24 00:00:00",16:34:48,"2026-01-24 00:00:00",23:49,1,1794,no,no,"no (EMPTY)"
4168,42795,2,closed,"2026-01-24 00:00:00",10:35:00,"2026-01-24 00:00:00",14:55:00,1,1887,no,no,"no (EMPTY)"
4172,42854,2,closed,"2026-01-26 00:00:00",19:26:00,"2026-01-27 00:00:00",10:19,1,1772,no,no,"no (EMPTY)"
4171,42851,2,closed,"2026-01-26 00:00:00",16:29:00,"2026-01-29 00:00:00",09:38:00,3,1823,no,no,"no (EMPTY)"
4179,42879,2,closed,"2026-01-27 00:00:00",19:02:08,"2026-01-29 00:00:00",17:05,2,1827,no,no,"no (EMPTY)"
4178,42878,2,closed,"2026-01-27 00:00:00",18:35:00,"2026-01-29 00:00:00",17:16:00,2,1852,no,no,"no (EMPTY)"
4177,42876,2,closed,"2026-01-27 00:00:00",17:54:47,"2026-01-27 00:00:00",21:25:00,1,1870,no,no,"no (EMPTY)"
4176,42871,2,closed,"2026-01-27 00:00:00",15:23:30,"2026-01-28 00:00:00",08:12,1,1895,no,no,"no (EMPTY)"
4175,42868,2,closed,"2026-01-27 00:00:00",13:20:26,"2026-01-27 00:00:00",13:49:00,0,1902,no,no,"no (EMPTY)"
4174,42866,2,closed,"2026-01-27 00:00:00",11:40:47,"2026-01-27 00:00:00",12:42:00,0,1927,no,no,"no (EMPTY)"
4173,42863,2,closed,"2026-01-27 00:00:00",10:06:32,"2026-01-27 00:00:00",11:33:00,0,1864,no,no,"no (EMPTY)"
4186,42919,2,closed,"2026-01-28 00:00:00",22:51:00,"2026-01-29 00:00:00",08:12,1,1887,no,no,"no (EMPTY)"
4185,42917,2,closed,"2026-01-28 00:00:00",21:40:02,"2026-01-31 00:00:00",07:21,3,1820,no,no,"no (EMPTY)"
4184,42916,2,closed,"2026-01-28 00:00:00",21:22,"2026-01-30 00:00:00",18:06:00,2,1812,no,no,"no (EMPTY)"
4183,42909,2,closed,"2026-01-28 00:00:00",19:24:22,"2026-01-29 00:00:00",11:27,1,1790,no,no,"no (EMPTY)"
4182,42905,2,closed,"2026-01-28 00:00:00",17:08:20,"2026-01-28 00:00:00",17:47:00,0,1748,no,no,"no (EMPTY)"
4181,42902,2,closed,"2026-01-28 00:00:00",11:53:00,"2026-01-28 00:00:00",21:14,1,1850,no,no,"no (EMPTY)"
4180,42896,2,closed,"2026-01-28 00:00:00",13:18:58,"2026-01-28 00:00:00",14:28,0,1741,no,no,"no (EMPTY)"
4193,42952,2,closed,"2026-01-29 00:00:00",17:00:00,"2026-01-30 00:00:00",16:37,1,1840,no,no,"no (EMPTY)"
4192,42945,2,closed,"2026-01-29 00:00:00",21:08:05,"2026-01-29 00:00:00",22:01,0,1928,no,no,"no (EMPTY)"
4191,42938,2,closed,"2026-01-29 00:00:00",18:04:36,"2026-01-30 00:00:00",08:37,1,1826,no,no,"no (EMPTY)"
4190,42933,2,closed,"2026-01-29 00:00:00",15:35:46,"2026-01-29 00:00:00",21:12,1,1844,no,no,"no (EMPTY)"
4189,42931,2,closed,"2026-01-29 00:00:00",14:30:00,"2026-02-01 00:00:00",10:20:00,3,1904,no,no,"no (EMPTY)"
4188,42930,2,closed,"2026-01-29 00:00:00",14:26:00,"2026-01-31 00:00:00",15:43,2,1877,no,no,"no (EMPTY)"
4187,42925,2,closed,"2026-01-29 00:00:00",10:30:00,"2026-01-31 00:00:00",19:00:00,3,1864,no,no,"no (EMPTY)"
4197,42963,2,closed,"2026-01-30 00:00:00",16:10:32,"2026-02-01 00:00:00",19:29,3,1915,no,no,"no (EMPTY)"
4196,42960,2,closed,"2026-01-30 00:00:00",11:48:00,"2026-02-01 00:00:00",11:29,2,1875,no,no,"no (EMPTY)"
4195,42958,2,closed,"2026-01-30 00:00:00",10:53:36,"2026-02-02 00:00:00",09:11,3,1821,no,no,"no (EMPTY)"
4194,42957,2,closed,"2026-01-30 00:00:00",10:30:03,"2026-01-31 00:00:00",16:13:00,2,1928,no,no,"no (EMPTY)"
4201,42992,5,closed,"2026-01-31 00:00:00",22:38:14,"2026-01-31 00:00:00",22:38:14,0,1772,yes,yes,"no (EMPTY)"
4200,42983,2,closed,"2026-01-31 00:00:00",16:04,"2026-01-31 00:00:00",16:50:00,0,1885,no,no,"no (EMPTY)"
4199,42981,2,closed,"2026-01-31 00:00:00",15:10:00,"2026-01-31 00:00:00",19:12:00,1,1867,no,no,"no (EMPTY)"
4198,42975,2,closed,"2026-01-31 00:00:00",09:59:52,"2026-01-31 00:00:00",21:58:00,1,1794,no,no,"no (EMPTY)"
4210,43022,2,closed,"2026-02-01 00:00:00",22:16:10,"2026-02-04 00:00:00",10:52,3,1831,no,no,"no (EMPTY)"
4209,43020,2,closed,"2026-02-01 00:00:00",21:18,"2026-02-08 00:00:00",07:53,7,1857,no,no,"no (EMPTY)"
4208,43019,2,closed,"2026-02-01 00:00:00",22:06:31,"2026-02-02 00:00:00",13:46,1,1840,no,no,"no (EMPTY)"
4207,43013,2,closed,"2026-02-01 00:00:00",18:00:00,"2026-02-02 00:00:00",13:20,1,1861,no,no,"no (EMPTY)"
4206,43009,2,closed,"2026-02-01 00:00:00",14:43:00,"2026-02-01 00:00:00",16:58,0,1869,no,no,"no (EMPTY)"
4205,43006,2,closed,"2026-02-01 00:00:00",13:22:00,"2026-02-03 00:00:00",20:56:00,3,1850,no,no,"no (EMPTY)"
4204,42999,2,closed,"2026-02-01 00:00:00",11:32:39,"2026-02-01 00:00:00",13:12:00,0,1862,no,no,"no (EMPTY)"
4203,42998,2,closed,"2026-02-01 00:00:00",09:30:00,"2026-02-05 00:00:00",08:22,4,1907,no,no,"no (EMPTY)"
4202,42997,2,closed,"2026-02-01 00:00:00",10:12:23,"2026-02-05 00:00:00",08:35,4,1899,no,no,"no (EMPTY)"
4212,43031,2,closed,"2026-02-02 00:00:00",13:57:00,"2026-02-03 00:00:00",18:43:00,2,1895,no,no,"no (EMPTY)"
4211,43027,2,closed,"2026-02-02 00:00:00",12:24,"2026-02-02 00:00:00",20:24:00,1,1756,no,no,"no (EMPTY)"
4218,43056,2,closed,"2026-02-03 00:00:00",15:01,"2026-02-07 00:00:00",15:05,4,1872,no,no,"no (EMPTY)"
4217,43053,2,closed,"2026-02-03 00:00:00",18:11:03,"2026-02-04 00:00:00",20:20,1,1912,no,no,"no (EMPTY)"
4216,43051,2,closed,"2026-02-03 00:00:00",15:43:00,"2026-02-03 00:00:00",20:55:00,1,1877,no,no,"no (EMPTY)"
4215,43049,2,closed,"2026-02-03 00:00:00",14:43:18,"2026-02-03 00:00:00",22:12:00,1,1851,no,no,"no (EMPTY)"
4214,43046,2,closed,"2026-02-03 00:00:00",12:31:49,"2026-02-03 00:00:00",20:16,1,1920,no,no,"no (EMPTY)"
4213,43044,2,closed,"2026-02-03 00:00:00",10:25:00,"2026-02-03 00:00:00",18:16,1,1758,no,no,"no (EMPTY)"
4224,43080,2,closed,"2026-02-04 00:00:00",20:39:45,"2026-02-06 00:00:00",13:56:00,2,1781,no,no,"no (EMPTY)"
4223,43078,2,closed,"2026-02-04 00:00:00",19:18:20,"2026-02-08 00:00:00",08:53,4,1844,no,no,"no (EMPTY)"
4222,43077,2,closed,"2026-02-04 00:00:00",16:45:00,"2026-02-05 00:00:00",08:30,1,1810,no,no,"no (EMPTY)"
4221,43075,2,closed,"2026-02-04 00:00:00",15:47,"2026-02-04 00:00:00",21:30:00,1,1770,no,no,"no (EMPTY)"
4220,43070,2,closed,"2026-02-04 00:00:00",11:34:19,"2026-02-05 00:00:00",08:23,1,1884,no,no,"no (EMPTY)"
4219,43067,2,closed,"2026-02-04 00:00:00",10:38:44,"2026-02-04 00:00:00",11:32:00,0,1881,no,no,"no (EMPTY)"
4231,43111,2,closed,"2026-02-05 00:00:00",22:18:17,"2026-02-05 00:00:00",23:04,0,1823,no,no,"no (EMPTY)"
4230,43107,2,closed,"2026-02-05 00:00:00",19:05:00,"2026-02-06 00:00:00",12:20:00,1,1915,no,no,"no (EMPTY)"
4229,43100,2,closed,"2026-02-05 00:00:00",16:36:52,"2026-02-06 00:00:00",13:32,1,1805,no,no,"no (EMPTY)"
4228,43098,2,closed,"2026-02-05 00:00:00",15:23:00,"2026-02-07 00:00:00",07:50,2,1887,no,no,"no (EMPTY)"
4227,43094,2,closed,"2026-02-05 00:00:00",13:30:30,"2026-02-08 00:00:00",15:26,3,1778,no,no,"no (EMPTY)"
4226,43093,2,closed,"2026-02-05 00:00:00",12:13:00,"2026-02-06 00:00:00",09:09,1,1790,no,no,"no (EMPTY)"
4225,43088,2,closed,"2026-02-05 00:00:00",10:28:54,"2026-02-05 00:00:00",20:05:00,1,1776,no,no,"no (EMPTY)"
4235,43132,2,closed,"2026-02-06 00:00:00",22:33:00,"2026-02-08 00:00:00",00:30:00,2,1772,no,no,"no (EMPTY)"
4234,43131,2,closed,"2026-02-06 00:00:00",19:27:00,"2026-02-08 00:00:00",13:39:00,2,1888,no,no,"no (EMPTY)"
4233,43119,2,closed,"2026-02-06 00:00:00",13:25:15,"2026-02-10 00:00:00",08:59,4,1754,no,no,"no (EMPTY)"
4232,43116,2,closed,"2026-02-06 00:00:00",10:38:30,"2026-02-09 00:00:00",00:45,3,1927,no,no,"no (EMPTY)"
4244,43160,2,closed,"2026-02-07 00:00:00",22:11:47,"2026-02-10 00:00:00",08:19,3,1748,no,no,"no (EMPTY)"
4243,43159,2,closed,"2026-02-07 00:00:00",20:49:00,"2026-02-08 00:00:00",07:55,1,1881,no,no,"no (EMPTY)"
4242,43158,2,closed,"2026-02-07 00:00:00",19:30:00,"2026-02-09 00:00:00",09:54:00,2,1928,no,no,"no (EMPTY)"
4241,43156,2,closed,"2026-02-07 00:00:00",17:36:03,"2026-02-08 00:00:00",08:59,1,1894,no,no,"no (EMPTY)"
4240,43153,2,closed,"2026-02-07 00:00:00",15:50:00,"2026-02-09 00:00:00",07:53,2,1872,no,no,"no (EMPTY)"
4239,43146,2,closed,"2026-02-07 00:00:00",13:12:54,"2026-02-09 00:00:00",09:52,2,1812,no,no,"no (EMPTY)"
4238,43144,2,closed,"2026-02-07 00:00:00",11:59:39,"2026-02-07 00:00:00",13:01,0,1906,no,no,"no (EMPTY)"
4237,43143,2,closed,"2026-02-07 00:00:00",11:56:00,"2026-02-10 00:00:00",13:23,3,1758,no,no,"no (EMPTY)"
4236,43140,2,closed,"2026-02-07 00:00:00",10:54:00,"2026-02-07 00:00:00",14:13,1,1748,no,no,"no (EMPTY)"
4251,43183,5,closed,"2026-02-08 00:00:00",23:44:00,"2026-02-08 00:00:00",23:44:00,0,1925,yes,yes,"no (EMPTY)"
4250,43180,2,closed,"2026-02-08 00:00:00",21:15:00,"2026-02-10 00:00:00",19:46:00,2,1905,no,no,"no (EMPTY)"
4249,43178,2,closed,"2026-02-08 00:00:00",18:46:20,"2026-02-09 00:00:00",22:44,2,1862,no,no,"no (EMPTY)"
4248,43175,2,closed,"2026-02-08 00:00:00",16:40:00,"2026-02-08 00:00:00",17:37:00,0,1904,no,no,"no (EMPTY)"
4247,43173,2,closed,"2026-02-08 00:00:00",14:14:41,"2026-02-08 00:00:00",18:17:00,1,1864,no,no,"no (EMPTY)"
4246,43170,2,closed,"2026-02-08 00:00:00",12:11:57,"2026-02-08 00:00:00",13:24,0,1869,no,no,"no (EMPTY)"
4245,43168,2,closed,"2026-02-08 00:00:00",11:21,"2026-02-09 00:00:00",13:39:00,1,1770,no,no,"no (EMPTY)"
4252,43198,2,closed,"2026-02-09 00:00:00",19:48:44,"2026-02-09 00:00:00",22:45,1,1887,no,no,"no (EMPTY)"
4260,43233,2,closed,"2026-02-10 00:00:00",20:50:34,"2026-02-10 00:00:00",21:42:00,0,1892,no,no,"no (EMPTY)"
4259,43231,2,closed,"2026-02-10 00:00:00",19:17:00,"2026-02-15 00:00:00",07:18,5,1778,no,no,"no (EMPTY)"
4258,43227,2,closed,"2026-02-10 00:00:00",16:30:05,"2026-02-15 00:00:00",15:35:00,5,1874,no,no,"no (EMPTY)"
4257,43221,2,closed,"2026-02-10 00:00:00",15:08:00,"2026-02-13 00:00:00",12:36:00,3,1824,no,no,"no (EMPTY)"
4256,43217,2,closed,"2026-02-10 00:00:00",14:02:37,"2026-02-13 00:00:00",09:02,3,1755,no,no,"no (EMPTY)"
4255,43214,2,closed,"2026-02-10 00:00:00",13:17,"2026-02-10 00:00:00",15:48,0,1867,no,no,"no (EMPTY)"
4254,43213,2,closed,"2026-02-10 00:00:00",13:09:00,"2026-02-10 00:00:00",15:05,0,1894,no,no,"no (EMPTY)"
4253,43211,2,closed,"2026-02-10 00:00:00",11:57:00,"2026-02-10 00:00:00",13:21,0,1925,no,no,"no (EMPTY)"
4265,43249,2,closed,"2026-02-11 00:00:00",19:41:03,"2026-02-12 00:00:00",08:15,1,1837,no,no,"no (EMPTY)"
4264,43247,2,closed,"2026-02-11 00:00:00",17:01:00,"2026-02-12 00:00:00",12:00:00,1,1803,no,no,"no (EMPTY)"
4263,43245,2,closed,"2026-02-11 00:00:00",16:13:32,"2026-02-13 00:00:00",22:20:00,3,1892,no,no,"no (EMPTY)"
4262,43242,2,closed,"2026-02-11 00:00:00",15:34:21,"2026-02-14 00:00:00",14:07,3,1826,no,no,"no (EMPTY)"
4261,43237,2,closed,"2026-02-11 00:00:00",10:35:53,"2026-02-12 00:00:00",13:04,2,1776,no,no,"no (EMPTY)"
4268,43274,2,closed,"2026-02-12 00:00:00",15:09:32,"2026-02-14 00:00:00",08:18,2,1895,no,no,"no (EMPTY)"
4267,43272,2,closed,"2026-02-12 00:00:00",11:57:00,"2026-02-13 00:00:00",20:36,2,1831,no,no,"no (EMPTY)"
4266,43264,2,closed,"2026-02-12 00:00:00",10:34:45,"2026-02-12 00:00:00",13:25:00,1,1925,no,no,"no (EMPTY)"
4276,43334,2,closed,"2026-02-13 00:00:00",11:38:00,"2026-02-18 00:00:00",17:55:00,6,1940,no,no,"no (EMPTY)"
4269,43296,2,closed,"2026-02-13 00:00:00",21:12:00,"2026-02-16 00:00:00",15:40:00,3,1819,no,no,"no (EMPTY)"
4273,43318,2,closed,"2026-02-14 00:00:00",19:34:00,"2026-02-15 00:00:00",14:01,1,1862,no,no,"no (EMPTY)"
4272,43316,2,closed,"2026-02-14 00:00:00",18:19:00,"2026-02-16 00:00:00",09:46,2,1854,no,no,"no (EMPTY)"
4271,43308,2,closed,"2026-02-14 00:00:00",11:32:58,"2026-02-15 00:00:00",18:59,2,1743,no,no,"no (EMPTY)"
4270,43305,2,closed,"2026-02-14 00:00:00",10:56:13,"2026-02-15 00:00:00",23:52,2,1836,no,no,"no (EMPTY)"
4277,43339,2,closed,"2026-02-15 00:00:00",17:49:00,"2026-02-15 00:00:00",21:10:00,1,1908,no,no,"no (EMPTY)"
4275,43331,2,closed,"2026-02-15 00:00:00",11:55:00,"2026-02-17 00:00:00",00:10:00,2,1851,no,no,"no (EMPTY)"
4274,43328,2,closed,"2026-02-15 00:00:00",10:21:28,"2026-02-17 00:00:00",08:30,2,1794,no,no,"no (EMPTY)"
4278,43354,2,closed,"2026-02-16 00:00:00",15:45:00,"2026-02-18 00:00:00",15:40,2,1755,no,no,"no (EMPTY)"
4284,43384,5,closed,"2026-02-17 00:00:00",15:00:00,"2026-02-17 00:00:00",15:00:00,0,1953,yes,yes,"no (EMPTY)"
4283,43382,2,closed,"2026-02-17 00:00:00",17:50:00,"2026-02-23 00:00:00",15:41:00,6,1893,no,no,"no (EMPTY)"
4282,43376,2,closed,"2026-02-17 00:00:00",15:55:00,"2026-02-19 00:00:00",00:55,2,1851,no,no,"no (EMPTY)"
4281,43372,2,closed,"2026-02-17 00:00:00",14:58:33,"2026-02-17 00:00:00",16:12:00,0,1805,no,no,"no (EMPTY)"
4280,43368,2,closed,"2026-02-17 00:00:00",12:05:00,"2026-02-17 00:00:00",13:16:00,0,1933,no,no,"no (EMPTY)"
4279,43367,2,closed,"2026-02-17 00:00:00",10:45:00,"2026-02-17 00:00:00",11:45:00,0,1867,no,no,"no (EMPTY)"
4286,43404,2,closed,"2026-02-18 00:00:00",19:35:00,"2026-02-20 00:00:00",12:44,2,1872,no,no,"no (EMPTY)"
4285,43401,2,closed,"2026-02-18 00:00:00",21:15:00,"2026-02-19 00:00:00",16:15:00,1,1889,no,no,"no (EMPTY)"
4292,43426,2,closed,"2026-02-19 00:00:00",23:52:00,"2026-02-20 00:00:00",16:31,1,1778,no,no,"no (EMPTY)"
4291,43425,2,closed,"2026-02-19 00:00:00",22:38:39,"2026-02-21 00:00:00",12:28,2,1875,no,no,"no (EMPTY)"
4290,43422,2,closed,"2026-02-19 00:00:00",20:44:11,"2026-02-19 00:00:00",22:30:00,0,1912,no,no,"no (EMPTY)"
4289,43417,2,closed,"2026-02-19 00:00:00",14:30:00,"2026-02-21 00:00:00",08:15,2,1899,no,no,"no (EMPTY)"
4288,43412,2,closed,"2026-02-19 00:00:00",12:26:40,"2026-02-20 00:00:00",12:00:00,1,1953,no,no,"no (EMPTY)"
4287,43405,2,closed,"2026-02-19 00:00:00",01:20:00,"2026-02-25 00:00:00",17:32,7,1895,no,no,"no (EMPTY)"
4302,43479,2,closed,"2026-02-20 00:00:00",11:44:00,"2026-02-22 00:00:00",16:05:00,3,1824,no,no,"no (EMPTY)"
4294,43440,2,closed,"2026-02-20 00:00:00",22:25:24,"2026-02-24 00:00:00",15:35:00,4,1820,no,no,"no (EMPTY)"
4293,43429,2,closed,"2026-02-20 00:00:00",13:40,"2026-02-20 00:00:00",18:00:00,1,1857,no,no,"no (EMPTY)"
4303,43480,2,closed,"2026-02-21 00:00:00",21:10:00,"2026-02-22 00:00:00",17:00:00,1,1743,no,no,"no (EMPTY)"
4301,43465,2,closed,"2026-02-21 00:00:00",20:05:05,"2026-02-23 00:00:00",11:56:00,2,1805,no,no,"no (EMPTY)"
4300,43459,2,closed,"2026-02-21 00:00:00",15:34:00,"2026-03-02 00:00:00",13:00:00,9,1953,no,no,"no (EMPTY)"
4299,43457,2,closed,"2026-02-21 00:00:00",19:38:00,"2026-02-22 00:00:00",10:14,1,1837,no,no,"no (EMPTY)"
4298,43455,2,closed,"2026-02-21 00:00:00",14:00:00,"2026-02-21 00:00:00",14:44,0,1743,no,no,"no (EMPTY)"
4297,43452,2,closed,"2026-02-21 00:00:00",12:37:19,"2026-02-22 00:00:00",11:34:00,1,1831,no,no,"no (EMPTY)"
4296,43450,2,closed,"2026-02-21 00:00:00",12:20:00,"2026-02-23 00:00:00",11:24,2,1844,no,no,"no (EMPTY)"
4295,43448,2,closed,"2026-02-21 00:00:00",11:16:20,"2026-02-22 00:00:00",00:30:00,1,1869,no,no,"no (EMPTY)"
4309,43494,2,closed,"2026-02-22 00:00:00",23:34:18,"2026-02-23 00:00:00",13:25:00,1,1877,no,no,"no (EMPTY)"
4308,43492,2,closed,"2026-02-22 00:00:00",20:35:34,"2026-02-23 00:00:00",12:53:00,1,1826,no,no,"no (EMPTY)"
4307,43487,2,closed,"2026-02-22 00:00:00",15:04:33,"2026-03-04 00:00:00",19:21,11,1821,no,no,"no (EMPTY)"
4306,43485,2,closed,"2026-02-22 00:00:00",11:04:00,"2026-02-26 00:00:00",14:49:00,5,1836,no,no,"no (EMPTY)"
4305,43482,2,closed,"2026-02-22 00:00:00",12:41:00,"2026-03-01 00:00:00",21:27,8,1933,no,no,"no (EMPTY)"
4304,43481,2,closed,"2026-02-22 00:00:00",12:30:46,"2026-02-22 00:00:00",13:42:00,0,1940,no,no,"no (EMPTY)"
4311,43500,2,closed,"2026-02-23 00:00:00",13:58:00,"2026-02-23 00:00:00",16:25:00,1,1781,no,no,"no (EMPTY)"
4310,43497,2,closed,"2026-02-23 00:00:00",12:26:00,"2026-02-24 00:00:00",14:16,1,1867,no,no,"no (EMPTY)"
4316,43523,2,closed,"2026-02-24 00:00:00",22:45:00,"2026-02-26 00:00:00",01:30:00,2,1741,no,no,"no (EMPTY)"
4315,43520,2,closed,"2026-02-24 00:00:00",20:38:03,"2026-02-24 00:00:00",21:40:00,0,1875,no,no,"no (EMPTY)"
4314,43517,2,closed,"2026-02-24 00:00:00",17:31:00,"2026-02-26 00:00:00",13:20:00,2,1914,no,no,"no (EMPTY)"
4313,43510,2,closed,"2026-02-24 00:00:00",12:34:34,"2026-02-24 00:00:00",13:16:00,0,1778,no,no,"no (EMPTY)"
4312,43509,2,closed,"2026-02-24 00:00:00",11:48:52,"2026-02-26 00:00:00",11:39,2,1859,no,no,"no (EMPTY)"
4320,43541,2,closed,"2026-02-25 00:00:00",22:25:45,"2026-02-26 00:00:00",09:02,1,1850,no,no,"no (EMPTY)"
4319,43539,2,closed,"2026-02-25 00:00:00",20:17:52,"2026-02-26 00:00:00",15:10:00,1,1848,no,no,"no (EMPTY)"
4318,43531,2,closed,"2026-02-25 00:00:00",13:30:09,"2026-02-25 00:00:00",21:52,1,1894,no,no,"no (EMPTY)"
4317,43529,2,closed,"2026-02-25 00:00:00",12:21:38,"2026-02-25 00:00:00",19:55,1,1905,no,no,"no (EMPTY)"
4331,43565,2,closed,"2026-02-26 00:00:00",23:27:05,"2026-02-26 00:00:00",23:51,0,1888,no,no,"no (EMPTY)"
4330,43564,2,closed,"2026-02-26 00:00:00",22:16:19,"2026-02-27 00:00:00",19:15,1,1885,no,no,"no (EMPTY)"
4329,43562,2,closed,"2026-02-26 00:00:00",21:13:45,"2026-02-27 00:00:00",14:35,1,1878,no,no,"no (EMPTY)"
4328,43561,2,closed,"2026-02-26 00:00:00",20:55:26,"2026-02-28 00:00:00",13:40:00,2,1778,no,no,"no (EMPTY)"
4327,43560,2,closed,"2026-02-26 00:00:00",20:28:00,"2026-02-26 00:00:00",21:15:00,0,1879,no,no,"no (EMPTY)"
4326,43552,2,closed,"2026-02-26 00:00:00",14:45:00,"2026-02-27 00:00:00",08:29,1,1875,no,no,"no (EMPTY)"
4325,43551,2,closed,"2026-02-26 00:00:00",14:26:27,"2026-02-27 00:00:00",15:10:00,1,1871,no,no,"no (EMPTY)"
4324,43550,2,closed,"2026-02-26 00:00:00",13:21:22,"2026-02-26 00:00:00",17:05:00,1,1851,no,no,"no (EMPTY)"
4323,43549,2,closed,"2026-02-26 00:00:00",12:18:00,"2026-02-26 00:00:00",16:46,1,1814,no,no,"no (EMPTY)"
4322,43545,2,closed,"2026-02-26 00:00:00",11:10:53,"2026-02-27 00:00:00",16:55:00,2,1776,no,no,"no (EMPTY)"
4321,43543,2,closed,"2026-02-26 00:00:00",00:11:56,"2026-02-26 00:00:00",23:32,1,1840,no,no,"no (EMPTY)"
4337,43583,2,closed,"2026-02-27 00:00:00",22:44:51,"2026-03-05 00:00:00",22:55:00,6,1837,no,no,"no (EMPTY)"
4336,43582,2,closed,"2026-02-27 00:00:00",21:26:08,"2026-03-07 00:00:00",21:35:00,8,1743,no,no,"no (EMPTY)"
4335,43581,2,closed,"2026-02-27 00:00:00",19:48:32,"2026-03-03 00:00:00",17:00,4,1897,no,no,"no (EMPTY)"
4334,43575,2,closed,"2026-02-27 00:00:00",14:38:04,"2026-03-03 00:00:00",13:02,4,1755,no,no,"no (EMPTY)"
4333,43573,2,closed,"2026-02-27 00:00:00",13:57:43,"2026-02-27 00:00:00",14:30:00,0,1915,no,no,"no (EMPTY)"
4332,43571,2,closed,"2026-02-27 00:00:00",12:39,"2026-02-28 00:00:00",10:42,1,1812,no,no,"no (EMPTY)"
4347,43607,2,closed,"2026-02-28 00:00:00",23:36:44,"2026-03-01 00:00:00",10:48,1,1881,no,no,"no (EMPTY)"
4346,43606,2,closed,"2026-02-28 00:00:00",22:45:12,"2026-03-04 00:00:00",13:30:00,4,1862,no,no,"no (EMPTY)"
4345,43602,2,closed,"2026-02-28 00:00:00",21:15:41,"2026-03-04 00:00:00",16:30,4,1852,no,no,"no (EMPTY)"
4344,43601,2,closed,"2026-02-28 00:00:00",19:52:26,"2026-03-01 00:00:00",22:10:00,2,1880,no,no,"no (EMPTY)"
4343,43600,2,closed,"2026-02-28 00:00:00",17:29:20,"2026-02-28 00:00:00",22:36,1,1815,no,no,"no (EMPTY)"
4342,43597,2,closed,"2026-02-28 00:00:00",14:55:00,"2026-03-06 00:00:00",14:38,6,1927,no,no,"no (EMPTY)"
4341,43596,2,closed,"2026-02-28 00:00:00",14:59:00,"2026-02-28 00:00:00",14:53,1,1927,no,no,"no (EMPTY)"
4340,43595,2,closed,"2026-02-28 00:00:00",13:59:45,"2026-03-01 00:00:00",17:45,2,1899,no,no,"no (EMPTY)"
4339,43591,2,closed,"2026-02-28 00:00:00",12:56:22,"2026-02-28 00:00:00",13:42:00,0,1864,no,no,"no (EMPTY)"
4338,43590,2,closed,"2026-02-28 00:00:00",11:51:00,"2026-02-28 00:00:00",12:40:00,0,1902,no,no,"no (EMPTY)"
4353,43629,2,closed,"2026-03-01 00:00:00",22:26:00,"2026-03-01 00:00:00",23:05:00,0,1867,no,no,"no (EMPTY)"
4352,43627,2,closed,"2026-03-01 00:00:00",21:28:00,"2026-03-01 00:00:00",22:10:00,0,1829,no,no,"no (EMPTY)"
4351,43626,2,closed,"2026-03-01 00:00:00",20:43:47,"2026-03-06 00:00:00",15:09,5,1875,no,no,"no (EMPTY)"
4350,43619,2,closed,"2026-03-01 00:00:00",13:39,"2026-03-02 00:00:00",21:34,2,1819,no,no,"no (EMPTY)"
4349,43618,2,closed,"2026-03-01 00:00:00",13:39:57,"2026-03-01 00:00:00",13:33,1,1819,no,no,"no (EMPTY)"
4348,43617,2,closed,"2026-03-01 00:00:00",11:57:10,"2026-03-01 00:00:00",17:20:00,1,1887,no,no,"no (EMPTY)"
4355,43635,2,closed,"2026-03-02 00:00:00",13:05:00,"2026-03-03 00:00:00",13:25:00,1,1850,no,no,"no (EMPTY)"
4354,43634,2,closed,"2026-03-02 00:00:00",12:15:00,"2026-03-03 00:00:00",13:40:00,1,1885,no,no,"no (EMPTY)"
4362,43655,2,closed,"2026-03-03 00:00:00",23:47:55,"2026-03-05 00:00:00",17:57,2,1803,no,no,"no (EMPTY)"
4361,43654,2,closed,"2026-03-03 00:00:00",21:18:47,"2026-03-05 00:00:00",10:37,2,1794,no,no,"no (EMPTY)"
4360,43653,2,closed,"2026-03-03 00:00:00",20:48:17,"2026-03-04 00:00:00",09:58,1,1895,no,no,"no (EMPTY)"
4359,43651,2,closed,"2026-03-03 00:00:00",20:07:49,"2026-03-04 00:00:00",15:43,1,1924,no,no,"no (EMPTY)"
4358,43646,2,closed,"2026-03-03 00:00:00",14:53:35,"2026-03-03 00:00:00",15:45:00,0,1912,no,no,"no (EMPTY)"
4357,43645,2,closed,"2026-03-03 00:00:00",13:45:00,"2026-03-07 00:00:00",16:02,5,1936,no,no,"no (EMPTY)"
4356,43642,2,closed,"2026-03-03 00:00:00",11:03:35,"2026-03-03 00:00:00",12:15:00,0,1861,no,no,"no (EMPTY)"
4369,43673,2,closed,"2026-03-04 00:00:00",22:13:48,"2026-03-11 00:00:00",20:10:00,7,1809,no,no,"no (EMPTY)"
4368,43672,2,closed,"2026-03-04 00:00:00",21:02:43,"2026-03-07 00:00:00",08:12,3,1839,no,no,"no (EMPTY)"
4367,43666,2,closed,"2026-03-04 00:00:00",13:30:00,"2026-03-06 00:00:00",09:18,2,1906,no,no,"no (EMPTY)"
4366,43665,2,closed,"2026-03-04 00:00:00",13:33:54,"2026-03-04 00:00:00",13:28,1,1906,no,no,"no (EMPTY)"
4365,43664,2,closed,"2026-03-04 00:00:00",13:20:00,"2026-03-07 00:00:00",21:41:00,4,1770,no,no,"no (EMPTY)"
4364,43663,2,closed,"2026-03-04 00:00:00",09:00:00,"2026-03-25 00:00:00",18:45,22,1945,no,no,"no (EMPTY)"
4363,43660,2,closed,"2026-03-04 00:00:00",11:25:00,"2026-03-05 00:00:00",01:00:00,1,1823,no,no,"no (EMPTY)"
4400,43768,2,closed,"2026-03-04 00:00:00",14:49:00,"2026-03-05 00:00:00",13:10:00,1,1884,no,no,"no (EMPTY)"
4375,43685,2,closed,"2026-03-05 00:00:00",23:00:25,"2026-03-06 00:00:00",21:28,1,1840,no,no,"no (EMPTY)"
4374,43684,2,closed,"2026-03-05 00:00:00",22:08:00,"2026-03-05 00:00:00",22:37:00,0,1903,no,no,"no (EMPTY)"
4373,43683,2,closed,"2026-03-05 00:00:00",21:40:26,"2026-03-07 00:00:00",16:40:00,2,1908,no,no,"no (EMPTY)"
4372,43680,2,closed,"2026-03-05 00:00:00",14:10:00,"2026-03-06 00:00:00",12:05:00,1,1879,no,no,"no (EMPTY)"
4371,43679,2,closed,"2026-03-05 00:00:00",10:43:00,"2026-03-05 00:00:00",17:17,1,1874,no,no,"no (EMPTY)"
4370,43678,2,closed,"2026-03-05 00:00:00",11:42:49,"2026-03-05 00:00:00",14:30:00,1,1904,no,no,"no (EMPTY)"
4376,43687,2,closed,"2026-03-06 00:00:00",00:34:27,"2026-03-06 00:00:00",21:52,1,1933,no,no,"no (EMPTY)"
4381,43702,2,closed,"2026-03-06 00:00:00",23:16:14,"2026-03-07 00:00:00",00:00:00,1,1826,no,no,"no (EMPTY)"
4380,43698,2,closed,"2026-03-06 00:00:00",20:22:34,"2026-03-09 00:00:00",13:30:00,3,1754,no,no,"no (EMPTY)"
4379,43693,2,closed,"2026-03-06 00:00:00",13:39:00,"2026-03-07 00:00:00",22:35:00,2,1814,no,no,"no (EMPTY)"
4378,43691,2,closed,"2026-03-06 00:00:00",11:53:20,"2026-03-06 00:00:00",13:40:00,0,1810,no,no,"no (EMPTY)"
4377,43690,2,closed,"2026-03-06 00:00:00",11:04:09,"2026-03-06 00:00:00",20:32,1,1844,no,no,"no (EMPTY)"
4388,43733,2,closed,"2026-03-07 00:00:00",11:20:00,"2026-03-07 00:00:00",22:20:00,1,1841,no,no,"no (EMPTY)"
4385,43714,2,closed,"2026-03-07 00:00:00",20:41:00,"2026-03-08 00:00:00",20:00:00,1,1903,no,no,"no (EMPTY)"
4384,43713,2,closed,"2026-03-07 00:00:00",20:53:55,"2026-03-08 00:00:00",20:34,1,1915,no,no,"no (EMPTY)"
4383,43707,2,closed,"2026-03-07 00:00:00",13:11:25,"2026-03-08 00:00:00",00:06,1,1819,no,no,"no (EMPTY)"
4382,43705,2,closed,"2026-03-07 00:00:00",10:37:40,"2026-03-07 00:00:00",15:55:00,1,1758,no,no,"no (EMPTY)"
4387,43727,2,closed,"2026-03-08 00:00:00",05:10:00,"2026-03-10 00:00:00",15:20:00,3,1887,no,no,"no (EMPTY)"
4386,43724,2,closed,"2026-03-08 00:00:00",19:58:00,"2026-03-10 00:00:00",04:10:00,2,1789,no,no,"no (EMPTY)"
4392,43740,2,closed,"2026-03-09 00:00:00",20:09:22,"2026-03-11 00:00:00",13:40:00,2,1844,no,no,"no (EMPTY)"
4391,43738,2,closed,"2026-03-09 00:00:00",15:31:00,"2026-03-10 00:00:00",13:30:00,1,1815,no,no,"no (EMPTY)"
4390,43737,2,closed,"2026-03-09 00:00:00",14:25:00,"2026-03-09 00:00:00",22:45:00,1,1897,no,no,"no (EMPTY)"
4389,43736,2,closed,"2026-03-09 00:00:00",13:53:00,"2026-03-10 00:00:00",16:01,2,1840,no,no,"no (EMPTY)"
4398,43762,2,closed,"2026-03-10 00:00:00",23:22:06,"2026-03-11 00:00:00",14:25:00,1,1781,no,no,"no (EMPTY)"
4397,43761,2,closed,"2026-03-10 00:00:00",22:13:01,"2026-03-10 00:00:00",23:10:00,0,1939,no,no,"no (EMPTY)"
4396,43759,2,closed,"2026-03-10 00:00:00",20:37:07,"2026-03-12 00:00:00",12:50:00,2,1849,no,no,"no (EMPTY)"
4395,43753,2,closed,"2026-03-10 00:00:00",15:28:00,"2026-03-11 00:00:00",21:05:00,2,1783,no,no,"no (EMPTY)"
4394,43750,2,closed,"2026-03-10 00:00:00",14:35:00,"2026-03-10 00:00:00",15:10:00,0,1895,no,no,"no (EMPTY)"
4393,43748,2,closed,"2026-03-10 00:00:00",13:39:00,"2026-03-11 00:00:00",00:00:00,1,1877,no,no,"no (EMPTY)"
4405,43780,2,closed,"2026-03-11 00:00:00",23:45:22,"2026-03-17 00:00:00",02:00:00,6,1834,no,no,"no (EMPTY)"
4404,43773,2,closed,"2026-03-11 00:00:00",14:40:37,"2026-03-29 00:00:00",16:43,18,1946,no,no,"no (EMPTY)"
4403,43772,2,closed,"2026-03-11 00:00:00",14:36:42,"2026-03-29 00:00:00",16:39,18,1944,no,no,"no (EMPTY)"
4402,43771,2,closed,"2026-03-11 00:00:00",14:33:00,"2026-03-24 00:00:00",15:00:00,13,1952,no,no,"no (EMPTY)"
4401,43769,2,closed,"2026-03-11 00:00:00",12:55:00,"2026-03-11 00:00:00",14:20:00,0,1831,no,no,"no (EMPTY)"
4399,43765,2,closed,"2026-03-11 00:00:00",10:45:00,"2026-03-11 00:00:00",13:00:00,1,1907,no,no,"no (EMPTY)"
4592,43798,2,closed,"2026-03-12 00:00:00",23:57:39,"2026-03-16 00:00:00",12:15,4,1928,no,no,"no (EMPTY)"
4413,43796,2,closed,"2026-03-12 00:00:00",22:26:36,"2026-03-12 00:00:00",22:30:00,0,1828,no,no,"no (EMPTY)"
4412,43794,2,closed,"2026-03-12 00:00:00",20:34:59,"2026-03-12 00:00:00",20:40:00,0,1857,no,no,"no (EMPTY)"
4411,43792,2,closed,"2026-03-12 00:00:00",19:41:24,"2026-03-12 00:00:00",21:55:00,0,1927,no,no,"no (EMPTY)"
4410,43790,2,closed,"2026-03-12 00:00:00",09:00:00,"2026-03-28 00:00:00",10:50,16,1954,no,no,"no (EMPTY)"
4409,43789,2,closed,"2026-03-12 00:00:00",09:00:00,"2026-04-14 00:00:00",20:58,30,1943,no,no,"no (EMPTY)"
4408,43786,2,closed,"2026-03-12 00:00:00",13:54:13,"2026-03-12 00:00:00",15:00:00,0,1869,no,no,"no (EMPTY)"
4407,43785,2,closed,"2026-03-12 00:00:00",13:40:00,"2026-03-12 00:00:00",15:20:00,0,1933,no,no,"no (EMPTY)"
4406,43783,2,closed,"2026-03-12 00:00:00",11:00:00,"2026-03-12 00:00:00",13:00:00,0,1790,no,no,"no (EMPTY)"
4419,43814,2,closed,"2026-03-13 00:00:00",22:29:38,"2026-03-14 00:00:00",22:55:00,1,1868,no,no,"no (EMPTY)"
4418,43813,2,closed,"2026-03-13 00:00:00",21:31:04,"2026-03-13 00:00:00",22:30:00,0,1883,no,no,"no (EMPTY)"
4417,43807,2,closed,"2026-03-13 00:00:00",13:35:00,"2026-03-15 00:00:00",14:16,2,1790,no,no,"no (EMPTY)"
4416,43806,2,closed,"2026-03-13 00:00:00",15:25:00,"2026-03-19 00:00:00",10:41,6,1814,no,no,"no (EMPTY)"
4415,43805,2,closed,"2026-03-13 00:00:00",15:33:00,"2026-03-15 00:00:00",13:55:00,2,1748,no,no,"no (EMPTY)"
4414,43804,2,closed,"2026-03-13 00:00:00",13:58:00,"2026-03-16 00:00:00",16:25:00,4,1896,no,no,"no (EMPTY)"
4424,43833,2,closed,"2026-03-14 00:00:00",23:57:23,"2026-03-18 00:00:00",12:05:00,4,1851,no,no,"no (EMPTY)"
4423,43827,2,closed,"2026-03-14 00:00:00",16:39:26,"2026-03-19 00:00:00",18:08,5,1854,no,no,"no (EMPTY)"
4422,43823,2,closed,"2026-03-14 00:00:00",15:08:00,"2026-03-14 00:00:00",15:30:00,0,1824,no,no,"no (EMPTY)"
4421,43819,2,closed,"2026-03-14 00:00:00",10:43:00,"2026-03-15 00:00:00",13:20:00,2,1932,no,no,"no (EMPTY)"
4420,43818,2,closed,"2026-03-14 00:00:00",12:24:00,"2026-03-16 00:00:00",18:21,3,1927,no,no,"no (EMPTY)"
4429,43847,2,closed,"2026-03-15 00:00:00",20:37:00,"2026-03-19 00:00:00",15:53,4,1772,no,no,"no (EMPTY)"
4428,43841,2,closed,"2026-03-15 00:00:00",14:52:11,"2026-03-16 00:00:00",22:50:00,2,1812,no,no,"no (EMPTY)"
4427,43840,2,closed,"2026-03-15 00:00:00",14:48:00,"2026-03-20 00:00:00",23:33:00,6,1852,no,no,"no (EMPTY)"
4426,43837,2,closed,"2026-03-15 00:00:00",13:27:19,"2026-03-20 00:00:00",14:42,5,1770,no,no,"no (EMPTY)"
4425,43836,2,closed,"2026-03-15 00:00:00",12:23:24,"2026-03-15 00:00:00",13:10:00,0,1934,no,no,"no (EMPTY)"
4434,43862,2,closed,"2026-03-16 00:00:00",22:49:38,"2026-03-18 00:00:00",15:15:00,2,1911,no,no,"no (EMPTY)"
4433,43861,2,closed,"2026-03-16 00:00:00",20:16:02,"2026-03-17 00:00:00",21:45:00,1,1758,no,no,"no (EMPTY)"
4432,43855,2,closed,"2026-03-16 00:00:00",15:30:00,"2026-03-16 00:00:00",17:00:00,13,1905,no,no,"no (EMPTY)"
4431,43852,2,closed,"2026-03-16 00:00:00",12:55:00,"2026-03-16 00:00:00",14:58,0,1875,no,no,"no (EMPTY)"
4430,43851,2,closed,"2026-03-16 00:00:00",12:35:00,"2026-03-29 00:00:00",13:43:00,13,1914,no,no,"no (EMPTY)"
4437,43866,2,closed,"2026-03-17 00:00:00",20:42:02,"2026-03-18 00:00:00",17:20:00,1,1918,no,no,"no (EMPTY)"
4436,43865,2,closed,"2026-03-17 00:00:00",17:13:21,"2026-03-17 00:00:00",18:15:00,0,1899,no,no,"no (EMPTY)"
4435,43863,2,closed,"2026-03-17 00:00:00",00:21:00,"2026-03-21 00:00:00",10:34,5,1781,no,no,"no (EMPTY)"
4441,43877,2,closed,"2026-03-18 00:00:00",19:49:34,"2026-03-19 00:00:00",22:50:00,2,1858,no,no,"no (EMPTY)"
4440,43874,2,closed,"2026-03-18 00:00:00",14:50:00,"2026-03-18 00:00:00",17:00:00,1,1848,no,no,"no (EMPTY)"
4439,43871,2,closed,"2026-03-18 00:00:00",13:10:00,"2026-03-18 00:00:00",14:00:00,0,1898,no,no,"no (EMPTY)"
4438,43870,2,closed,"2026-03-18 00:00:00",13:10:00,"2026-03-18 00:00:00",20:30:00,1,1889,no,no,"no (EMPTY)"
4442,43884,2,closed,"2026-03-19 00:00:00",12:30:00,"2026-03-20 00:00:00",14:25:00,1,1754,no,no,"no (EMPTY)"
4447,43918,2,closed,"2026-03-21 00:00:00",18:46:11,"2026-03-25 00:00:00",16:57,4,1903,no,no,"no (EMPTY)"
4446,43915,2,closed,"2026-03-21 00:00:00",16:17:31,"2026-03-25 00:00:00",15:35:00,4,1755,no,no,"no (EMPTY)"
4445,43911,2,closed,"2026-03-21 00:00:00",14:06:00,"2026-03-24 00:00:00",20:35:00,4,1836,no,no,"no (EMPTY)"
4444,43910,2,closed,"2026-03-21 00:00:00",12:32:10,"2026-03-22 00:00:00",15:40:00,2,1859,no,no,"no (EMPTY)"
4443,43909,2,closed,"2026-03-21 00:00:00",11:48:00,"2026-03-22 00:00:00",17:00:00,2,1863,no,no,"no (EMPTY)"
4448,43925,2,closed,"2026-03-22 00:00:00",14:25:14,"2026-03-24 00:00:00",10:40,2,1932,no,no,"no (EMPTY)"
4453,43945,2,closed,"2026-03-23 00:00:00",21:16:00,"2026-03-27 00:00:00",13:50,4,1869,no,no,"no (EMPTY)"
4452,43943,2,closed,"2026-03-23 00:00:00",20:05:00,"2026-03-27 00:00:00",18:24,4,1877,no,no,"no (EMPTY)"
4451,43934,2,closed,"2026-03-23 00:00:00",12:00:00,"2026-03-24 00:00:00",17:40:00,2,1936,no,no,"no (EMPTY)"
4450,43933,2,closed,"2026-03-23 00:00:00",22:45:00,"2026-03-26 00:00:00",17:31,3,1915,no,no,"no (EMPTY)"
4449,43932,2,closed,"2026-03-23 00:00:00",11:17:41,"2026-03-23 00:00:00",22:43,1,1915,no,no,"no (EMPTY)"
4455,43962,2,closed,"2026-03-24 00:00:00",21:25:00,"2026-03-31 00:00:00",00:05:00,7,1818,no,no,"no (EMPTY)"
4454,43957,2,closed,"2026-03-24 00:00:00",16:20:00,"2026-04-01 00:00:00",18:00:00,8,1810,no,no,"no (EMPTY)"
4458,43975,2,closed,"2026-03-25 00:00:00",18:42:23,"2026-03-30 00:00:00",16:05:00,5,1864,no,no,"no (EMPTY)"
4457,43970,2,closed,"2026-03-25 00:00:00",13:20:00,"2026-03-28 00:00:00",13:00:00,3,1942,no,no,"no (EMPTY)"
4456,43968,2,closed,"2026-03-25 00:00:00",23:05:00,"2026-03-28 00:00:00",19:00:00,3,1840,no,no,"no (EMPTY)"
4461,43991,2,closed,"2026-03-25 00:00:00",16:29,"2026-03-28 00:00:00",14:35:00,3,1937,no,no,"no (EMPTY)"
4459,43978,2,closed,"2026-03-25 00:00:00",22:35:00,"2026-03-26 00:00:00",22:10:00,1,1871,no,no,"no (EMPTY)"
4463,43995,2,closed,"2026-03-26 00:00:00",20:17:31,"2026-04-09 00:00:00",17:47:00,14,1803,no,no,"no (EMPTY)"
4462,43993,2,closed,"2026-03-26 00:00:00",19:00:00,"2026-04-14 00:00:00",11:00:00,19,1789,no,no,"no (EMPTY)"
4460,43988,2,closed,"2026-03-26 00:00:00",12:50:00,"2026-03-29 00:00:00",16:10:00,4,1904,no,no,"no (EMPTY)"
4465,44027,2,closed,"2026-03-28 00:00:00",19:39:00,"2026-04-09 00:00:00",16:34,12,1850,no,no,"no (EMPTY)"
4464,44011,2,closed,"2026-03-28 00:00:00",09:00:00,"2026-04-06 00:00:00",00:29,9,1957,no,no,"no (EMPTY)"
4469,44040,2,closed,"2026-03-29 00:00:00",19:25:00,"2026-03-30 00:00:00",13:09:00,1,1928,no,no,"no (EMPTY)"
4468,44039,2,closed,"2026-03-29 00:00:00",17:57:00,"2026-04-06 00:00:00",13:18,8,1834,no,no,"no (EMPTY)"
4467,44034,2,closed,"2026-03-29 00:00:00",14:25:00,"2026-03-29 00:00:00",20:22,1,1919,no,no,"no (EMPTY)"
4466,44032,2,closed,"2026-03-29 00:00:00",10:34:52,"2026-03-30 00:00:00",00:00:00,1,1823,no,no,"no (EMPTY)"
4474,44060,2,closed,"2026-03-30 00:00:00",20:35:00,"2026-04-02 00:00:00",11:32,3,1894,no,no,"no (EMPTY)"
4473,44055,2,closed,"2026-03-30 00:00:00",15:31:00,"2026-04-01 00:00:00",09:23,2,1809,no,no,"no (EMPTY)"
4472,44054,2,closed,"2026-03-30 00:00:00",15:22:45,"2026-03-30 00:00:00",16:00:00,0,1755,no,no,"no (EMPTY)"
4471,44052,2,closed,"2026-03-30 00:00:00",14:09:13,"2026-04-14 00:00:00",15:55,15,1827,no,no,"no (EMPTY)"
4470,44051,2,closed,"2026-03-30 00:00:00",14:02,"2026-04-09 00:00:00",21:12,11,1874,no,no,"no (EMPTY)"
4482,44077,2,closed,"2026-03-31 00:00:00",16:32:00,"2026-03-31 00:00:00",17:00:00,0,1836,no,no,"no (EMPTY)"
4481,44076,2,closed,"2026-03-31 00:00:00",17:46:08,"2026-04-02 00:00:00",18:20:00,2,1959,no,no,"no (EMPTY)"
4480,44075,2,closed,"2026-03-31 00:00:00",17:31:55,"2026-03-31 00:00:00",18:20:00,0,1893,no,no,"no (EMPTY)"
4479,44071,2,closed,"2026-03-31 00:00:00",16:10:00,"2026-04-01 00:00:00",12:11:00,1,1940,no,no,"no (EMPTY)"
4478,44070,2,closed,"2026-03-31 00:00:00",13:14:57,"2026-04-01 00:00:00",17:05:00,2,1915,no,no,"no (EMPTY)"
4477,44067,2,closed,"2026-03-31 00:00:00",12:25:00,"2026-04-07 00:00:00",15:35,8,1748,no,no,"no (EMPTY)"
4476,44066,2,closed,"2026-03-31 00:00:00",11:30:00,"2026-04-10 00:00:00",12:27:00,10,1934,no,no,"no (EMPTY)"
4475,44063,2,closed,"2026-03-31 00:00:00",10:05:33,"2026-04-02 00:00:00",18:48:00,3,1755,no,no,"no (EMPTY)"
4486,44095,2,closed,"2026-04-01 00:00:00",17:52:09,"2026-04-19 00:00:00",19:45:00,18,1960,no,no,"no (EMPTY)"
4485,44093,2,closed,"2026-04-01 00:00:00",15:36:54,"2026-04-03 00:00:00",17:28,2,1885,no,no,"no (EMPTY)"
4484,44085,2,closed,"2026-04-01 00:00:00",11:12:55,"2026-05-13 00:00:00",19:45:00,43,1950,no,no,"no (EMPTY)"
4483,44084,2,closed,"2026-04-01 00:00:00",11:08:51,"2026-04-07 00:00:00",23:24,7,1956,no,no,"no (EMPTY)"
4492,44120,2,closed,"2026-04-02 00:00:00",21:20:00,"2026-04-18 00:00:00",10:15:00,16,1953,no,no,"no (EMPTY)"
4491,44115,2,closed,"2026-04-02 00:00:00",16:05:00,"2026-04-10 00:00:00",15:29:00,8,1826,no,no,"no (EMPTY)"
4490,44107,2,closed,"2026-04-02 00:00:00",13:42:41,"2026-04-13 00:00:00",08:08,11,1955,no,no,"no (EMPTY)"
4489,44106,2,closed,"2026-04-02 00:00:00",13:34:42,"2026-04-14 00:00:00",07:01:00,12,1948,no,no,"no (EMPTY)"
4488,44104,2,closed,"2026-04-02 00:00:00",12:40:00,"2026-04-03 00:00:00",17:06:00,2,1741,no,no,"no (EMPTY)"
4487,44101,2,closed,"2026-04-02 00:00:00",11:02:40,"2026-04-10 00:00:00",16:03,9,1906,no,no,"no (EMPTY)"
4494,44140,2,closed,"2026-04-03 00:00:00",21:49:00,"2026-04-05 00:00:00",17:59,2,1924,no,no,"no (EMPTY)"
4493,44127,2,closed,"2026-04-03 00:00:00",14:09:13,"2026-04-03 00:00:00",21:45:00,1,1821,no,no,"no (EMPTY)"
4497,44158,2,closed,"2026-04-04 00:00:00",22:59:00,"2026-04-10 00:00:00",15:10:00,6,1946,no,no,"no (EMPTY)"
4496,44156,2,closed,"2026-04-04 00:00:00",20:52:00,"2026-04-04 00:00:00",21:25:00,0,1923,no,no,"no (EMPTY)"
4495,44152,2,closed,"2026-04-04 00:00:00",16:56:57,"2026-04-15 00:00:00",17:40,11,1910,no,no,"no (EMPTY)"
4499,44170,2,closed,"2026-04-05 00:00:00",18:19:18,"2026-04-17 00:00:00",11:40,12,1864,no,no,"no (EMPTY)"
4498,44162,2,closed,"2026-04-05 00:00:00",11:52:00,"2026-04-06 00:00:00",10:29,1,1854,no,no,"no (EMPTY)"
4501,44188,2,closed,"2026-04-06 00:00:00",21:10:53,"2026-04-09 00:00:00",09:40:00,3,1894,no,no,"no (EMPTY)"
4500,44181,2,closed,"2026-04-06 00:00:00",12:17:32,"2026-04-10 00:00:00",18:16,5,1921,no,no,"no (EMPTY)"
4504,44201,2,closed,"2026-04-07 00:00:00",22:20:00,"2026-04-13 00:00:00",20:33,6,1944,no,no,"no (EMPTY)"
4503,44197,2,closed,"2026-04-07 00:00:00",16:28:17,"2026-04-10 00:00:00",22:37,4,1898,no,no,"no (EMPTY)"
4502,44196,2,closed,"2026-04-07 00:00:00",16:03:06,"2026-04-12 00:00:00",16:49,5,1824,no,no,"no (EMPTY)"
4506,44214,2,closed,"2026-04-08 00:00:00",19:10:00,"2026-04-09 00:00:00",23:28,2,1911,no,no,"no (EMPTY)"
4505,44211,2,closed,"2026-04-08 00:00:00",15:50:00,"2026-04-12 00:00:00",12:40,4,1957,no,no,"no (EMPTY)"
4510,44232,2,closed,"2026-04-09 00:00:00",14:54:15,"2026-04-19 00:00:00",13:05,10,1794,no,no,"no (EMPTY)"
4509,44231,2,closed,"2026-04-09 00:00:00",14:18:00,"2026-04-11 00:00:00",14:12,2,1924,no,no,"no (EMPTY)"
4508,44227,2,closed,"2026-04-09 00:00:00",13:50:00,"2026-04-10 00:00:00",12:38:00,1,1954,no,no,"no (EMPTY)"
4507,44223,2,closed,"2026-04-09 00:00:00",10:52:00,"2026-04-10 00:00:00",20:25,2,1848,no,no,"no (EMPTY)"
4516,44272,2,closed,"2026-04-11 00:00:00",22:33:00,"2026-04-14 00:00:00",16:15:00,3,1871,no,no,"no (EMPTY)"
4515,44271,2,closed,"2026-04-11 00:00:00",19:12:00,"2026-04-13 00:00:00",15:12,2,1819,no,no,"no (EMPTY)"
4514,44270,2,closed,"2026-04-11 00:00:00",18:20:00,"2026-04-14 00:00:00",15:50:00,3,1863,no,no,"no (EMPTY)"
4513,44268,2,closed,"2026-04-11 00:00:00",16:50:00,"2026-04-12 00:00:00",21:34,2,1907,no,no,"no (EMPTY)"
4512,44266,2,closed,"2026-04-11 00:00:00",11:53:00,"2026-04-12 00:00:00",08:59,1,1885,no,no,"no (EMPTY)"
4511,44263,2,closed,"2026-04-11 00:00:00",11:20:00,"2026-04-17 00:00:00",08:26,6,1934,no,no,"no (EMPTY)"
4517,44292,2,closed,"2026-04-13 00:00:00",13:00:00,"2026-04-16 00:00:00",15:17:00,3,1889,no,no,"no (EMPTY)"
4539,44428,2,closed,"2026-04-14 00:00:00",13:31,"2026-04-21 00:00:00",17:30:00,8,1944,no,no,"no (EMPTY)"
4520,44324,2,closed,"2026-04-14 00:00:00",21:00:00,"2026-04-19 00:00:00",23:55:00,5,1943,no,no,"no (EMPTY)"
4519,44318,2,closed,"2026-04-14 00:00:00",15:15,"2026-04-20 00:00:00",08:16,6,1939,no,no,"no (EMPTY)"
4518,44317,2,closed,"2026-04-14 00:00:00",14:35:00,"2026-04-16 00:00:00",18:08,3,1875,no,no,"no (EMPTY)"
4523,44348,2,closed,"2026-04-15 00:00:00",20:35:00,"2026-04-20 00:00:00",14:05:00,5,1858,no,no,"no (EMPTY)"
4522,44341,2,closed,"2026-04-15 00:00:00",15:38:40,"2026-04-16 00:00:00",10:27,1,1840,no,no,"no (EMPTY)"
4521,44335,2,closed,"2026-04-15 00:00:00",13:12:27,"2026-04-15 00:00:00",22:06,1,1770,no,no,"no (EMPTY)"
4528,44376,5,closed,"2026-04-16 00:00:00",22:19:40,"2026-04-16 00:00:00",22:19:40,0,1872,yes,yes,"no (EMPTY)"
4527,44375,2,closed,"2026-04-16 00:00:00",21:02:44,"2026-04-19 00:00:00",10:25,3,1954,no,no,"no (EMPTY)"
4526,44374,2,closed,"2026-04-16 00:00:00",20:35:00,"2026-04-20 00:00:00",19:05:00,4,1840,no,no,"no (EMPTY)"
4525,44366,2,closed,"2026-04-16 00:00:00",16:19:00,"2026-04-17 00:00:00",21:29,2,1924,no,no,"no (EMPTY)"
4524,44353,2,closed,"2026-04-16 00:00:00",10:10:00,"2026-04-16 00:00:00",12:05:00,0,1848,no,no,"no (EMPTY)"
4532,44400,2,closed,"2026-04-17 00:00:00",23:12:50,"2026-04-18 00:00:00",17:22,1,1754,no,no,"no (EMPTY)"
4531,44399,2,closed,"2026-04-17 00:00:00",21:42:13,"2026-04-20 00:00:00",14:45:00,3,1834,no,no,"no (EMPTY)"
4530,44396,2,closed,"2026-04-17 00:00:00",20:24:49,"2026-04-20 00:00:00",12:42,3,1871,no,no,"no (EMPTY)"
4529,44394,2,closed,"2026-04-17 00:00:00",17:25:00,"2026-04-17 00:00:00",21:38,1,1912,no,no,"no (EMPTY)"
4538,44418,2,closed,"2026-04-18 00:00:00",21:27:48,"2026-04-19 00:00:00",09:21,1,1867,no,no,"no (EMPTY)"
4537,44417,2,closed,"2026-04-18 00:00:00",20:34:59,"2026-04-19 00:00:00",09:48,1,1884,no,no,"no (EMPTY)"
4536,44412,2,closed,"2026-04-18 00:00:00",18:45:00,"2026-04-19 00:00:00",22:50:00,2,1812,no,no,"no (EMPTY)"
4535,44407,2,closed,"2026-04-18 00:00:00",18:40:00,"2026-04-20 00:00:00",23:05:00,3,1822,no,no,"no (EMPTY)"
4534,44403,2,closed,"2026-04-18 00:00:00",12:52:00,"2026-04-24 00:00:00",22:25:00,7,1955,no,no,"no (EMPTY)"
4533,44401,2,closed,"2026-04-18 00:00:00",11:38:23,"2026-04-19 00:00:00",10:45:00,1,1956,no,no,"no (EMPTY)"
4546,44446,2,closed,"2026-04-19 00:00:00",18:34:42,"2026-04-23 00:00:00",21:53,5,1897,no,no,"no (EMPTY)"
4545,44444,2,closed,"2026-04-19 00:00:00",17:35:00,"2026-04-19 00:00:00",18:25:00,0,1861,no,no,"no (EMPTY)"
4544,44441,2,closed,"2026-04-19 00:00:00",16:42:00,"2026-04-19 00:00:00",17:40:00,0,1890,no,no,"no (EMPTY)"
4543,44440,2,closed,"2026-04-19 00:00:00",16:02:00,"2026-04-21 00:00:00",20:50:00,3,1758,no,no,"no (EMPTY)"
4542,44436,2,closed,"2026-04-19 00:00:00",14:40:00,"2026-04-24 00:00:00",07:29,5,1896,no,no,"no (EMPTY)"
4541,44435,2,closed,"2026-04-19 00:00:00",14:53:53,"2026-04-19 00:00:00",18:25:00,1,1864,no,no,"no (EMPTY)"
4540,44432,2,closed,"2026-04-19 00:00:00",13:12:52,"2026-04-19 00:00:00",14:00:00,0,1952,no,no,"no (EMPTY)"
4555,44468,2,closed,"2026-04-20 00:00:00",23:05:00,"2026-04-21 00:00:00",11:05:00,1,1841,no,no,"no (EMPTY)"
4554,44467,2,closed,"2026-04-20 00:00:00",21:43:00,"2026-04-21 00:00:00",16:20:00,1,1770,no,no,"no (EMPTY)"
4553,44466,2,closed,"2026-04-20 00:00:00",21:00:00,"2026-04-21 00:00:00",19:40:00,1,1910,no,no,"no (EMPTY)"
4552,44465,2,closed,"2026-04-20 00:00:00",20:01:45,"2026-04-20 00:00:00",21:40:00,0,1831,no,no,"no (EMPTY)"
4551,44462,2,closed,"2026-04-20 00:00:00",14:40:00,"2026-04-27 00:00:00",16:30:00,7,1948,no,no,"no (EMPTY)"
4550,44461,2,closed,"2026-04-20 00:00:00",14:01:42,"2026-04-20 00:00:00",19:40:00,1,1776,no,no,"no (EMPTY)"
4549,44457,2,closed,"2026-04-20 00:00:00",12:58:18,"2026-04-21 00:00:00",16:25:00,2,1906,no,no,"no (EMPTY)"
4548,44455,2,closed,"2026-04-20 00:00:00",11:20:00,"2026-04-20 00:00:00",17:05:00,1,1877,no,no,"no (EMPTY)"
4547,44454,2,closed,"2026-04-20 00:00:00",11:10:00,"2026-04-20 00:00:00",13:47,0,1819,no,no,"no (EMPTY)"
4561,44484,2,closed,"2026-04-21 00:00:00",19:40:00,"2026-04-22 00:00:00",15:40:00,1,1841,no,no,"no (EMPTY)"
4560,44483,2,closed,"2026-04-21 00:00:00",18:25:05,"2026-04-21 00:00:00",21:30:00,1,1919,no,no,"no (EMPTY)"
4559,44478,2,closed,"2026-04-21 00:00:00",16:02:15,"2026-04-21 00:00:00",17:15:00,0,1911,no,no,"no (EMPTY)"
4558,44473,2,closed,"2026-04-21 00:00:00",13:40:00,"2026-04-21 00:00:00",14:30:00,0,1915,no,no,"no (EMPTY)"
4557,44472,2,closed,"2026-04-21 00:00:00",12:35:00,"2026-04-21 00:00:00",13:40:00,0,1902,no,no,"no (EMPTY)"
4556,44470,2,closed,"2026-04-21 00:00:00",11:10:00,"2026-04-21 00:00:00",12:15:00,0,1741,no,no,"no (EMPTY)"
4563,44489,2,closed,"2026-04-21 00:00:00",23:20:00,"2026-04-22 00:00:00",11:10:00,1,1893,no,no,"no (EMPTY)"
4562,44486,2,closed,"2026-04-21 00:00:00",21:00:00,"2026-04-22 00:00:00",21:40:00,1,1748,no,no,"no (EMPTY)"
4568,44517,2,closed,"2026-04-22 00:00:00",23:20:00,"2026-04-27 00:00:00",15:15:00,5,1857,no,no,"no (EMPTY)"
4567,44503,2,closed,"2026-04-22 00:00:00",15:14:00,"2026-04-24 00:00:00",10:45:00,2,1944,no,no,"no (EMPTY)"
4566,44500,2,closed,"2026-04-22 00:00:00",13:34:00,"2026-04-22 00:00:00",19:55:00,1,1881,no,no,"no (EMPTY)"
4565,44498,2,closed,"2026-04-22 00:00:00",12:55:16,"2026-04-23 00:00:00",18:40:00,2,1891,no,no,"no (EMPTY)"
4564,44494,2,closed,"2026-04-22 00:00:00",11:26:00,"2026-04-23 00:00:00",15:40:00,2,1829,no,no,"no (EMPTY)"
4573,44537,2,closed,"2026-04-23 00:00:00",23:20:00,"2026-04-25 00:00:00",14:29,2,1932,no,no,"no (EMPTY)"
4572,44533,2,closed,"2026-04-23 00:00:00",19:05:35,"2026-04-25 00:00:00",18:27,2,1870,no,no,"no (EMPTY)"
4571,44528,2,closed,"2026-04-23 00:00:00",14:47:29,"2026-04-25 00:00:00",08:57,2,1937,no,no,"no (EMPTY)"
4570,44526,2,closed,"2026-04-23 00:00:00",13:15:55,"2026-04-23 00:00:00",20:40:00,1,1783,no,no,"no (EMPTY)"
4569,44523,2,closed,"2026-04-23 00:00:00",11:35:00,"2026-04-24 00:00:00",00:34,1,1899,no,no,"no (EMPTY)"
4578,44565,2,closed,"2026-04-24 00:00:00",19:25:00,"2026-04-25 00:00:00",12:39,1,1834,no,no,"no (EMPTY)"
4577,44561,2,closed,"2026-04-24 00:00:00",16:40:00,"2026-04-28 00:00:00",21:15:00,5,1790,no,no,"no (EMPTY)"
4576,44556,2,closed,"2026-04-24 00:00:00",14:50:00,"2026-04-25 00:00:00",09:34,1,1850,no,no,"no (EMPTY)"
4575,44555,2,closed,"2026-04-24 00:00:00",13:00:00,"2026-04-25 00:00:00",09:08,1,1953,no,no,"no (EMPTY)"
4574,44547,2,closed,"2026-04-24 00:00:00",11:45:22,"2026-04-26 00:00:00",16:12,3,1812,no,no,"no (EMPTY)"
4606,44688,2,closed,"2026-04-25 00:00:00",00:58:00,"2026-06-18 00:00:00",22:31,55,1944,no,no,"no (EMPTY)"
4585,44603,2,closed,"2026-04-25 00:00:00",21:50:00,"2026-04-26 00:00:00",11:10:00,1,1820,no,no,"no (EMPTY)"
4584,44599,2,closed,"2026-04-25 00:00:00",18:55:00,"2026-04-27 00:00:00",17:55:00,2,1959,no,no,"no (EMPTY)"
4583,44597,2,closed,"2026-04-25 00:00:00",18:10:00,"2026-04-28 00:00:00",08:03,3,1821,no,no,"no (EMPTY)"
4582,44595,2,closed,"2026-04-25 00:00:00",17:14:00,"2026-04-25 00:00:00",21:56,1,1882,no,no,"no (EMPTY)"
4581,44591,2,closed,"2026-04-25 00:00:00",16:10:26,"2026-04-29 00:00:00",19:58,5,1867,no,no,"no (EMPTY)"
4580,44582,2,closed,"2026-04-25 00:00:00",13:30:00,"2026-04-25 00:00:00",14:40:00,0,1823,no,no,"no (EMPTY)"
4579,44577,2,closed,"2026-04-25 00:00:00",12:28:10,"2026-04-26 00:00:00",21:28,2,1789,no,no,"no (EMPTY)"
4591,44628,2,closed,"2026-04-26 00:00:00",19:50:00,"2026-05-01 00:00:00",15:00:00,5,1813,no,no,"no (EMPTY)"
4590,44625,2,closed,"2026-04-26 00:00:00",18:20:00,"2026-04-26 00:00:00",19:30:00,0,1875,no,no,"no (EMPTY)"
4589,44622,2,closed,"2026-04-26 00:00:00",16:45:00,"2026-04-27 00:00:00",19:55:00,2,1776,no,no,"no (EMPTY)"
4588,44619,2,closed,"2026-04-26 00:00:00",15:15:00,"2026-04-26 00:00:00",16:15:00,0,1770,no,no,"no (EMPTY)"
4587,44615,2,closed,"2026-04-26 00:00:00",12:20:00,"2026-04-28 00:00:00",11:03,2,1830,no,no,"no (EMPTY)"
4586,44611,2,closed,"2026-04-26 00:00:00",11:25:00,"2026-04-26 00:00:00",12:31,0,1946,no,no,"no (EMPTY)"
4598,44655,2,closed,"2026-04-27 00:00:00",22:10:39,"2026-05-02 00:00:00",10:37,5,1899,no,no,"no (EMPTY)"
4597,44653,2,closed,"2026-04-27 00:00:00",20:15:00,"2026-04-28 00:00:00",21:30:00,1,1920,no,no,"no (EMPTY)"
4596,44652,2,closed,"2026-04-27 00:00:00",19:00:00,"2026-04-28 00:00:00",13:16,1,1921,no,no,"no (EMPTY)"
4595,44649,2,closed,"2026-04-27 00:00:00",17:50:00,"2026-05-01 00:00:00",16:13,4,1943,no,no,"no (EMPTY)"
4594,44647,2,closed,"2026-04-27 00:00:00",16:42:00,"2026-05-07 00:00:00",12:39,10,1819,no,no,"no (EMPTY)"
4593,44638,2,closed,"2026-04-27 00:00:00",13:05:52,"2026-04-28 00:00:00",21:19,2,1875,no,no,"no (EMPTY)"
4603,44681,2,closed,"2026-04-28 00:00:00",23:35:00,"2026-05-08 00:00:00",08:02,10,1783,no,no,"no (EMPTY)"
4602,44679,2,closed,"2026-04-28 00:00:00",21:46:09,"2026-05-01 00:00:00",21:13,3,1957,no,no,"no (EMPTY)"
4601,44674,2,closed,"2026-04-28 00:00:00",17:25:00,"2026-05-02 00:00:00",07:38,4,1914,no,no,"no (EMPTY)"
4600,44673,2,closed,"2026-04-28 00:00:00",16:07:00,"2026-05-02 00:00:00",17:00:00,4,1828,no,no,"no (EMPTY)"
4599,44671,2,closed,"2026-04-28 00:00:00",14:08:00,"2026-04-28 00:00:00",15:10:00,0,1895,no,no,"no (EMPTY)"
4609,44702,2,closed,"2026-04-29 00:00:00",20:45:00,"2026-05-07 00:00:00",22:25,8,1840,no,no,"no (EMPTY)"
4608,44696,2,closed,"2026-04-29 00:00:00",17:02:00,"2026-05-07 00:00:00",20:40,9,1939,no,no,"no (EMPTY)"
4607,44691,2,closed,"2026-04-29 00:00:00",14:42:27,"2026-05-01 00:00:00",18:12,3,1917,no,no,"no (EMPTY)"
4605,44687,2,closed,"2026-04-29 00:00:00",12:30:00,"2026-04-30 00:00:00",18:00:00,2,1848,no,no,"no (EMPTY)"
4604,44686,2,closed,"2026-04-29 00:00:00",11:40:00,"2026-04-29 00:00:00",12:15:00,0,1927,no,no,"no (EMPTY)"
4672,44925,2,closed,"2026-04-30 00:00:00",21:00:00,"2026-05-12 00:00:00",07:56,12,1963,no,no,"no (EMPTY)"
4613,44723,2,closed,"2026-04-30 00:00:00",18:47:59,"2026-05-31 00:00:00",11:41,31,1966,no,no,"no (EMPTY)"
4612,44718,2,closed,"2026-04-30 00:00:00",14:55:00,"2026-05-01 00:00:00",16:05:00,1,1942,no,no,"no (EMPTY)"
4611,44716,2,closed,"2026-04-30 00:00:00",23:51,"2026-05-02 00:00:00",09:10,2,1869,no,no,"no (EMPTY)"
4610,44710,2,closed,"2026-04-30 00:00:00",11:25:22,"2026-04-30 00:00:00",13:30:00,0,1758,no,no,"no (EMPTY)"
4616,44747,2,closed,"2026-05-01 00:00:00",21:29:00,"2026-05-01 00:00:00",23:15:00,0,1875,no,no,"no (EMPTY)"
4615,44739,2,closed,"2026-05-01 00:00:00",17:21:11,"2026-05-04 00:00:00",20:27,4,1794,no,no,"no (EMPTY)"
4614,44737,2,closed,"2026-05-01 00:00:00",15:45:00,"2026-05-02 00:00:00",09:03,1,1854,no,no,"no (EMPTY)"
4633,44799,2,closed,"2026-05-02 00:00:00",13:00:00,"2026-05-06 00:00:00",20:31,5,1850,no,no,"no (EMPTY)"
4625,44772,2,closed,"2026-05-02 00:00:00",17:55:00,"2026-05-05 00:00:00",22:26,4,1952,no,no,"no (EMPTY)"
4624,44769,2,closed,"2026-05-02 00:00:00",16:45:00,"2026-05-05 00:00:00",21:09,4,1928,no,no,"no (EMPTY)"
4623,44768,2,closed,"2026-05-02 00:00:00",16:40:00,"2026-05-04 00:00:00",18:48,2,1743,no,no,"no (EMPTY)"
4622,44767,2,closed,"2026-05-02 00:00:00",16:27:25,"2026-05-02 00:00:00",19:05:00,1,1877,no,no,"no (EMPTY)"
4621,44764,2,closed,"2026-05-02 00:00:00",14:05:00,"2026-05-02 00:00:00",15:15:00,0,1781,no,no,"no (EMPTY)"
4620,44761,2,closed,"2026-05-02 00:00:00",12:20:00,"2026-05-02 00:00:00",16:00:00,0,1897,no,no,"no (EMPTY)"
4619,44758,2,closed,"2026-05-02 00:00:00",09:00:00,"2026-05-05 00:00:00",16:46,4,1844,no,no,"no (EMPTY)"
4618,44756,2,closed,"2026-05-02 00:00:00",11:11:11,"2026-05-02 00:00:00",11:50:00,0,1818,no,no,"no (EMPTY)"
4617,44748,2,closed,"2026-05-02 00:00:00",00:19:13,"2026-05-02 00:00:00",11:10:00,1,1933,no,no,"no (EMPTY)"
4632,44794,2,closed,"2026-05-03 00:00:00",19:24:01,"2026-05-08 00:00:00",13:54,5,1814,no,no,"no (EMPTY)"
4631,44792,2,closed,"2026-05-03 00:00:00",17:55:00,"2026-05-06 00:00:00",08:02:00,3,1911,no,no,"no (EMPTY)"
4630,44787,2,closed,"2026-05-03 00:00:00",15:15:00,"2026-05-03 00:00:00",16:45:00,0,1868,no,no,"no (EMPTY)"
4629,44784,2,closed,"2026-05-03 00:00:00",13:20:00,"2026-05-08 00:00:00",21:32,6,1748,no,no,"no (EMPTY)"
4628,44783,2,closed,"2026-05-03 00:00:00",13:22:41,"2026-05-03 00:00:00",13:18,1,1748,no,no,"no (EMPTY)"
4627,44781,2,closed,"2026-05-03 00:00:00",12:15:00,"2026-05-03 00:00:00",17:26,1,1898,no,no,"no (EMPTY)"
4626,44780,2,closed,"2026-05-03 00:00:00",11:25:00,"2026-05-06 00:00:00",14:00:00,4,1821,no,no,"no (EMPTY)"
4637,44819,2,closed,"2026-05-04 00:00:00",19:00:00,"2026-05-08 00:00:00",16:34,4,1897,no,no,"no (EMPTY)"
4636,44812,2,closed,"2026-05-04 00:00:00",15:22:08,"2026-05-06 00:00:00",15:08,2,1839,no,no,"no (EMPTY)"
4635,44808,2,closed,"2026-05-04 00:00:00",13:25:00,"2026-05-06 00:00:00",23:10:00,3,1772,no,no,"no (EMPTY)"
4634,44804,2,closed,"2026-05-04 00:00:00",11:15:00,"2026-05-09 00:00:00",11:18:00,5,1818,no,no,"no (EMPTY)"
4645,44844,2,closed,"2026-05-05 00:00:00",22:48:20,"2026-05-26 00:00:00",21:20,21,1967,no,no,"no (EMPTY)"
4644,44841,2,closed,"2026-05-05 00:00:00",21:48:00,"2026-05-07 00:00:00",19:12:00,2,1831,no,no,"no (EMPTY)"
4643,44837,2,closed,"2026-05-05 00:00:00",18:55:00,"2026-05-06 00:00:00",12:28:00,1,1933,no,no,"no (EMPTY)"
4642,44835,2,closed,"2026-05-05 00:00:00",17:00:00,"2026-05-06 00:00:00",20:16,2,1954,no,no,"no (EMPTY)"
4641,44832,2,closed,"2026-05-05 00:00:00",15:15:00,"2026-05-08 00:00:00",19:33:00,4,1884,no,no,"no (EMPTY)"
4640,44831,2,closed,"2026-05-05 00:00:00",14:12:28,"2026-05-05 00:00:00",14:51:00,0,1943,no,no,"no (EMPTY)"
4639,44828,2,closed,"2026-05-05 00:00:00",12:00:00,"2026-05-06 00:00:00",22:25:00,2,1942,no,no,"no (EMPTY)"
4638,44826,2,closed,"2026-05-05 00:00:00",23:20:00,"2026-05-07 00:00:00",12:27,2,1837,no,no,"no (EMPTY)"
4648,44850,2,closed,"2026-05-06 00:00:00",14:00:00,"2026-06-19 00:00:00",21:10:00,45,1941,no,no,"no (EMPTY)"
4652,44862,2,closed,"2026-05-06 00:00:00",20:45:00,"2026-05-07 00:00:00",14:45,1,1912,no,no,"no (EMPTY)"
4651,44858,2,closed,"2026-05-06 00:00:00",19:42:35,"2026-05-06 00:00:00",21:45:00,0,1956,no,no,"no (EMPTY)"
4650,44857,2,closed,"2026-05-06 00:00:00",18:27:00,"2026-05-08 00:00:00",20:30,2,1875,no,no,"no (EMPTY)"
4649,44854,2,closed,"2026-05-06 00:00:00",16:50:00,"2026-05-07 00:00:00",18:37,1,1841,no,no,"no (EMPTY)"
4647,44849,2,closed,"2026-05-06 00:00:00",12:55:00,"2026-05-06 00:00:00",21:00:00,1,1823,no,no,"no (EMPTY)"
4646,44846,2,closed,"2026-05-06 00:00:00",11:33:00,"2026-05-26 00:00:00",14:55:00,21,1962,no,no,"no (EMPTY)"
4659,44887,2,closed,"2026-05-07 00:00:00",22:05:54,"2026-05-13 00:00:00",16:15:00,6,1857,no,no,"no (EMPTY)"
4658,44885,2,closed,"2026-05-07 00:00:00",19:58:00,"2026-05-09 00:00:00",18:41,2,1948,no,no,"no (EMPTY)"
4657,44883,2,closed,"2026-05-07 00:00:00",18:43:46,"2026-05-08 00:00:00",15:05:00,1,1880,no,no,"no (EMPTY)"
4656,44878,2,closed,"2026-05-07 00:00:00",15:45:00,"2026-05-08 00:00:00",21:16:00,2,1864,no,no,"no (EMPTY)"
4655,44876,2,closed,"2026-05-07 00:00:00",13:25:00,"2026-05-09 00:00:00",21:20:00,3,1910,no,no,"no (EMPTY)"
4654,44871,2,closed,"2026-05-07 00:00:00",11:35:00,"2026-05-07 00:00:00",12:22:00,0,1959,no,no,"no (EMPTY)"
4653,44870,2,closed,"2026-05-07 00:00:00",11:15:00,"2026-05-10 00:00:00",16:30:00,4,1927,no,no,"no (EMPTY)"
4668,44913,2,closed,"2026-05-08 00:00:00",22:20:00,"2026-05-09 00:00:00",10:45:00,1,1924,no,no,"no (EMPTY)"
4667,44912,2,closed,"2026-05-08 00:00:00",22:03:26,"2026-05-09 00:00:00",07:31,1,1964,no,no,"no (EMPTY)"
4666,44909,2,closed,"2026-05-08 00:00:00",20:25:00,"2026-05-09 00:00:00",13:15:00,1,1830,no,no,"no (EMPTY)"
4665,44907,2,closed,"2026-05-08 00:00:00",18:25:00,"2026-05-08 00:00:00",20:03:00,0,1812,no,no,"no (EMPTY)"
4664,44904,2,closed,"2026-05-08 00:00:00",16:50:00,"2026-05-08 00:00:00",18:07,0,1776,no,no,"no (EMPTY)"
4663,44901,2,closed,"2026-05-08 00:00:00",15:05:00,"2026-05-08 00:00:00",16:02:00,0,1828,no,no,"no (EMPTY)"
4662,44899,2,closed,"2026-05-08 00:00:00",14:00:00,"2026-05-08 00:00:00",14:52:00,0,1928,no,no,"no (EMPTY)"
4661,44897,2,closed,"2026-05-08 00:00:00",13:59:00,"2026-05-08 00:00:00",19:30:00,1,1844,no,no,"no (EMPTY)"
4660,44895,2,closed,"2026-05-08 00:00:00",12:07:23,"2026-05-12 00:00:00",13:45:00,4,1834,no,no,"no (EMPTY)"
4675,44933,2,closed,"2026-05-09 00:00:00",20:20:00,"2026-05-10 00:00:00",19:05:00,1,1870,no,no,"no (EMPTY)"
4674,44929,2,closed,"2026-05-09 00:00:00",18:18:00,"2026-05-09 00:00:00",19:15:00,0,1741,no,no,"no (EMPTY)"
4673,44927,2,closed,"2026-05-09 00:00:00",17:08:00,"2026-05-09 00:00:00",20:06:00,1,1907,no,no,"no (EMPTY)"
4671,44923,2,closed,"2026-05-09 00:00:00",12:25:00,"2026-05-09 00:00:00",15:50:00,1,1789,no,no,"no (EMPTY)"
4670,44922,2,closed,"2026-05-09 00:00:00",11:23:00,"2026-05-25 00:00:00",19:00:00,17,1861,no,no,"no (EMPTY)"
4669,44920,2,closed,"2026-05-09 00:00:00",10:50:57,"2026-05-09 00:00:00",19:23:00,1,1848,no,no,"no (EMPTY)"
4683,44967,2,closed,"2026-05-10 00:00:00",15:58,"2026-05-13 00:00:00",22:10:00,4,1770,no,no,"no (EMPTY)"
4682,44963,2,closed,"2026-05-10 00:00:00",23:14:00,"2026-05-18 00:00:00",12:56,8,1863,no,no,"no (EMPTY)"
4681,44960,2,closed,"2026-05-10 00:00:00",22:55:00,"2026-05-11 00:00:00",13:20:00,1,1819,no,no,"no (EMPTY)"
4680,44957,2,closed,"2026-05-10 00:00:00",21:38:00,"2026-05-13 00:00:00",20:39,3,1904,no,no,"no (EMPTY)"
4679,44947,2,closed,"2026-05-10 00:00:00",14:20:00,"2026-05-12 00:00:00",16:30:00,2,1743,no,no,"no (EMPTY)"
4678,44945,2,closed,"2026-05-10 00:00:00",12:20:00,"2026-05-13 00:00:00",09:02,3,1849,no,no,"no (EMPTY)"
4677,44943,2,closed,"2026-05-10 00:00:00",11:35:00,"2026-05-10 00:00:00",19:00,1,1850,no,no,"no (EMPTY)"
4676,44941,2,closed,"2026-05-10 00:00:00",11:30:00,"2026-05-10 00:00:00",23:11:00,1,1895,no,no,"no (EMPTY)"
4684,44969,2,closed,"2026-05-11 00:00:00",15:42:35,"2026-05-12 00:00:00",17:40:00,1,1897,no,no,"no (EMPTY)"
4689,44980,2,closed,"2026-05-11 00:00:00",22:20:00,"2026-05-12 00:00:00",14:20:00,1,1813,no,no,"no (EMPTY)"
4688,44976,2,closed,"2026-05-11 00:00:00",20:17:38,"2026-05-13 00:00:00",14:05:00,2,1901,no,no,"no (EMPTY)"
4687,44975,2,closed,"2026-05-11 00:00:00",18:43:31,"2026-05-12 00:00:00",21:15:00,2,1943,no,no,"no (EMPTY)"
4686,44973,5,closed,"2026-05-11 00:00:00",17:06:31,"2026-05-11 00:00:00",17:06:31,0,1860,yes,yes,"no (EMPTY)"
4685,44972,2,closed,"2026-05-11 00:00:00",16:20:00,"2026-05-12 00:00:00",22:45:00,2,1772,no,no,"no (EMPTY)"
4693,45002,2,closed,"2026-05-12 00:00:00",20:01:19,"2026-05-13 00:00:00",11:20:00,1,1914,no,no,"no (EMPTY)"
4692,44997,2,closed,"2026-05-12 00:00:00",16:52:25,"2026-05-14 00:00:00",12:55:00,2,1858,no,no,"no (EMPTY)"
4691,44991,2,closed,"2026-05-12 00:00:00",14:25:00,"2026-05-14 00:00:00",13:55,2,1908,no,no,"no (EMPTY)"
4690,44989,2,closed,"2026-05-12 00:00:00",12:02:00,"2026-05-13 00:00:00",21:05:00,2,1887,no,no,"no (EMPTY)"
4698,45019,2,closed,"2026-05-13 00:00:00",19:23:56,"2026-05-20 00:00:00",14:20:00,7,1778,no,no,"no (EMPTY)"
4697,45013,2,closed,"2026-05-13 00:00:00",14:05:00,"2026-05-14 00:00:00",15:00:00,1,1919,no,no,"no (EMPTY)"
4696,45010,2,closed,"2026-05-13 00:00:00",11:50:00,"2026-05-13 00:00:00",14:30:00,1,1852,no,no,"no (EMPTY)"
4695,45008,2,closed,"2026-05-13 00:00:00",11:30:00,"2026-05-14 00:00:00",17:55:00,2,1818,no,no,"no (EMPTY)"
4694,45006,2,closed,"2026-05-13 00:00:00",11:00:00,"2026-05-13 00:00:00",18:15:00,1,1768,no,no,"no (EMPTY)"
4704,45051,2,closed,"2026-05-14 00:00:00",22:22:00,"2026-05-15 00:00:00",11:05:00,1,1827,no,no,"no (EMPTY)"
4703,45048,2,closed,"2026-05-14 00:00:00",21:03:00,"2026-05-16 00:00:00",09:18,2,1869,no,no,"no (EMPTY)"
4702,45044,2,closed,"2026-05-14 00:00:00",19:15:00,"2026-05-16 00:00:00",13:45:00,2,1905,no,no,"no (EMPTY)"
4701,45033,2,closed,"2026-05-14 00:00:00",13:25:00,"2026-05-16 00:00:00",18:30:00,3,1939,no,no,"no (EMPTY)"
4700,45031,2,closed,"2026-05-14 00:00:00",11:40:00,"2026-05-15 00:00:00",22:15:00,2,1834,no,no,"no (EMPTY)"
4699,45030,2,closed,"2026-05-14 00:00:00",11:15:00,"2026-05-15 00:00:00",12:05:00,1,1859,no,no,"no (EMPTY)"
4709,45074,2,closed,"2026-05-15 00:00:00",21:53:54,"2026-05-22 00:00:00",17:28:00,7,1768,no,no,"no (EMPTY)"
4708,45073,2,closed,"2026-05-15 00:00:00",21:00:00,"2026-05-17 00:00:00",19:27,2,1837,no,no,"no (EMPTY)"
4707,45070,2,closed,"2026-05-15 00:00:00",20:15:00,"2026-05-16 00:00:00",11:31,1,1850,no,no,"no (EMPTY)"
4706,45060,2,closed,"2026-05-15 00:00:00",13:30:00,"2026-05-16 00:00:00",15:18,1,1883,no,no,"no (EMPTY)"
4705,45059,2,closed,"2026-05-15 00:00:00",12:00:00,"2026-05-15 00:00:00",22:15:00,1,1824,no,no,"no (EMPTY)"
4717,45093,2,closed,"2026-05-16 00:00:00",22:07:27,"2026-05-17 00:00:00",16:10:00,1,1870,no,no,"no (EMPTY)"
4716,45092,5,closed,"2026-05-16 00:00:00",21:55:00,"2026-05-16 00:00:00",21:55:00,0,1870,yes,yes,"no (EMPTY)"
4715,45091,2,closed,"2026-05-16 00:00:00",20:25:23,"2026-05-18 00:00:00",10:46,2,1889,no,no,"no (EMPTY)"
4714,45089,2,closed,"2026-05-16 00:00:00",18:14:18,"2026-05-17 00:00:00",18:40:00,1,1748,no,no,"no (EMPTY)"
4713,45088,2,closed,"2026-05-16 00:00:00",15:20:00,"2026-05-17 00:00:00",08:30,1,1822,no,no,"no (EMPTY)"
4712,45086,2,closed,"2026-05-16 00:00:00",14:40:00,"2026-05-16 00:00:00",21:30:00,1,1741,no,no,"no (EMPTY)"
4711,45082,2,closed,"2026-05-16 00:00:00",13:48:00,"2026-05-17 00:00:00",15:22,1,1898,no,no,"no (EMPTY)"
4710,45080,2,closed,"2026-05-16 00:00:00",12:36:00,"2026-05-20 00:00:00",21:32,5,1948,no,no,"no (EMPTY)"
4722,45113,2,closed,"2026-05-17 00:00:00",21:26:00,"2026-05-18 00:00:00",22:55:00,1,1950,no,no,"no (EMPTY)"
4721,45112,2,closed,"2026-05-17 00:00:00",20:25:15,"2026-05-19 00:00:00",14:05:00,2,1823,no,no,"no (EMPTY)"
4720,45105,2,closed,"2026-05-17 00:00:00",17:32:00,"2026-05-17 00:00:00",17:53,0,1937,no,no,"no (EMPTY)"
4719,45104,2,closed,"2026-05-17 00:00:00",17:01:54,"2026-05-18 00:00:00",14:20:00,1,1812,no,no,"no (EMPTY)"
4718,45100,2,closed,"2026-05-17 00:00:00",14:08,"2026-05-17 00:00:00",14:55:00,0,1758,no,no,"no (EMPTY)"
4723,45126,2,closed,"2026-05-18 00:00:00",14:55:00,"2026-05-19 00:00:00",08:10,1,1827,no,no,"no (EMPTY)"
4734,45164,2,closed,"2026-05-19 00:00:00",22:38:45,"2026-05-20 00:00:00",16:20:00,1,1887,no,no,"no (EMPTY)"
4733,45163,2,closed,"2026-05-19 00:00:00",21:57:00,"2026-05-20 00:00:00",07:52,1,1841,no,no,"no (EMPTY)"
4732,45162,2,closed,"2026-05-19 00:00:00",21:37:39,"2026-05-20 00:00:00",08:54,1,1794,no,no,"no (EMPTY)"
4731,45161,2,closed,"2026-05-19 00:00:00",20:30:00,"2026-05-22 00:00:00",19:00:00,3,1943,no,no,"no (EMPTY)"
4730,45157,2,closed,"2026-05-19 00:00:00",18:56:42,"2026-05-23 00:00:00",10:20,4,1783,no,no,"no (EMPTY)"
4729,45151,2,closed,"2026-05-19 00:00:00",15:40:00,"2026-05-26 00:00:00",23:53,8,1954,no,no,"no (EMPTY)"
4728,45146,2,closed,"2026-05-19 00:00:00",14:35:58,"2026-05-21 00:00:00",20:14,3,1809,no,no,"no (EMPTY)"
4727,45144,2,closed,"2026-05-19 00:00:00",13:28:00,"2026-05-20 00:00:00",12:51,1,1830,no,no,"no (EMPTY)"
4726,45142,2,closed,"2026-05-19 00:00:00",13:05:00,"2026-05-23 00:00:00",12:48,4,1872,no,no,"no (EMPTY)"
4725,45140,2,closed,"2026-05-19 00:00:00",11:56,"2026-05-21 00:00:00",14:23:00,3,1814,no,no,"no (EMPTY)"
4724,45139,2,closed,"2026-05-19 00:00:00",11:00:00,"2026-05-20 00:00:00",13:10:00,1,1871,no,no,"no (EMPTY)"
4743,45195,2,closed,"2026-05-20 00:00:00",18:05:00,"2026-06-10 00:00:00",17:37:00,21,1826,no,no,"no (EMPTY)"
4744,45197,2,closed,"2026-05-20 00:00:00",11:35:00,"2026-05-23 00:00:00",17:44,4,1897,no,no,"no (EMPTY)"
4742,45192,2,closed,"2026-05-20 00:00:00",21:45:00,"2026-05-22 00:00:00",08:27,2,1910,no,no,"no (EMPTY)"
4741,45190,2,closed,"2026-05-20 00:00:00",20:26:00,"2026-05-21 00:00:00",17:07,1,1839,no,no,"no (EMPTY)"
4740,45184,2,closed,"2026-05-20 00:00:00",18:13:34,"2026-05-20 00:00:00",19:10:00,0,1741,no,no,"no (EMPTY)"
4739,45181,2,closed,"2026-05-20 00:00:00",16:48:00,"2026-05-23 00:00:00",19:26,4,1754,no,no,"no (EMPTY)"
4738,45174,2,closed,"2026-05-20 00:00:00",13:06:41,"2026-05-22 00:00:00",16:39:00,3,1822,no,no,"no (EMPTY)"
4737,45172,2,closed,"2026-05-20 00:00:00",12:00:00,"2026-05-21 00:00:00",08:07,1,1795,no,no,"no (EMPTY)"
4736,45171,2,closed,"2026-05-20 00:00:00",11:25:00,"2026-05-22 00:00:00",18:56,3,1877,no,no,"no (EMPTY)"
4735,45170,2,closed,"2026-05-20 00:00:00",10:50:00,"2026-05-21 00:00:00",17:35,2,1870,no,no,"no (EMPTY)"
4751,45212,2,closed,"2026-05-21 00:00:00",22:26:37,"2026-05-23 00:00:00",13:28,2,1844,no,no,"no (EMPTY)"
4750,45211,2,closed,"2026-05-21 00:00:00",20:37:41,"2026-05-22 00:00:00",21:17,1,1927,no,no,"no (EMPTY)"
4749,45207,2,closed,"2026-05-21 00:00:00",18:25:08,"2026-05-23 00:00:00",11:40,2,1864,no,no,"no (EMPTY)"
4748,45206,2,closed,"2026-05-21 00:00:00",17:52:42,"2026-05-22 00:00:00",17:45:00,1,1776,no,no,"no (EMPTY)"
4747,45204,2,closed,"2026-05-21 00:00:00",17:46:32,"2026-05-24 00:00:00",14:58,3,1937,no,no,"no (EMPTY)"
4746,45201,2,closed,"2026-05-21 00:00:00",16:50:34,"2026-05-21 00:00:00",17:21:00,0,1789,no,no,"no (EMPTY)"
4745,45200,2,closed,"2026-05-21 00:00:00",15:54:00,"2026-05-24 00:00:00",20:05:00,4,1946,no,no,"no (EMPTY)"
4765,45262,2,closed,"2026-05-22 00:00:00",20:08:00,"2026-05-23 00:00:00",15:00:00,1,1819,no,no,"no (EMPTY)"
4758,45234,2,closed,"2026-05-22 00:00:00",21:15:00,"2026-05-24 00:00:00",13:46,2,1781,no,no,"no (EMPTY)"
4757,45231,2,closed,"2026-05-22 00:00:00",18:51:53,"2026-05-22 00:00:00",20:00:00,0,1893,no,no,"no (EMPTY)"
4756,45227,2,closed,"2026-05-22 00:00:00",17:15:00,"2026-05-22 00:00:00",18:00:00,0,1850,no,no,"no (EMPTY)"
4755,45225,2,closed,"2026-05-22 00:00:00",16:35:00,"2026-05-23 00:00:00",22:40:00,2,1894,no,no,"no (EMPTY)"
4754,45222,2,closed,"2026-05-22 00:00:00",15:32:28,"2026-05-22 00:00:00",17:29,0,1852,no,no,"no (EMPTY)"
4753,45219,2,closed,"2026-05-22 00:00:00",13:51:36,"2026-05-22 00:00:00",21:58,1,1957,no,no,"no (EMPTY)"
4752,45216,2,closed,"2026-05-22 00:00:00",12:00:00,"2026-05-23 00:00:00",20:16,2,1821,no,no,"no (EMPTY)"
4763,45258,2,closed,"2026-05-23 00:00:00",22:54:34,"2026-05-26 00:00:00",21:55,3,1960,no,no,"no (EMPTY)"
4762,45252,2,closed,"2026-05-23 00:00:00",15:28:00,"2026-05-23 00:00:00",16:30:00,0,1870,no,no,"no (EMPTY)"
4761,45251,2,closed,"2026-05-23 00:00:00",10:58:00,"2026-05-26 00:00:00",15:00:00,4,1834,no,no,"no (EMPTY)"
4760,45249,2,closed,"2026-05-23 00:00:00",13:55:00,"2026-05-25 00:00:00",11:50:00,2,1816,no,no,"no (EMPTY)"
4759,45245,2,closed,"2026-05-23 00:00:00",12:34:30,"2026-05-23 00:00:00",15:52,1,1875,no,no,"no (EMPTY)"
4773,45281,2,closed,"2026-05-24 00:00:00",19:58:23,"2026-05-24 00:00:00",21:15:00,0,1867,no,no,"no (EMPTY)"
4772,45280,2,closed,"2026-05-24 00:00:00",19:19:52,"2026-05-25 00:00:00",17:30:00,1,1926,no,no,"no (EMPTY)"
4771,45278,2,closed,"2026-05-24 00:00:00",18:16:01,"2026-05-24 00:00:00",19:15:00,0,1924,no,no,"no (EMPTY)"
4770,45275,2,closed,"2026-05-24 00:00:00",15:49:14,"2026-05-24 00:00:00",16:30:00,0,1868,no,no,"no (EMPTY)"
4769,45273,5,closed,"2026-05-24 00:00:00",13:46:00,"2026-05-24 00:00:00",13:46:00,0,1781,yes,yes,"no (EMPTY)"
4768,45271,2,closed,"2026-05-24 00:00:00",14:04:00,"2026-05-25 00:00:00",20:10,2,1812,no,no,"no (EMPTY)"
4767,45268,2,closed,"2026-05-24 00:00:00",13:04:03,"2026-05-27 00:00:00",07:47,3,1794,no,no,"no (EMPTY)"
4766,45264,2,closed,"2026-05-24 00:00:00",12:05:00,"2026-05-24 00:00:00",21:47,1,1858,no,no,"no (EMPTY)"
4764,45261,2,closed,"2026-05-24 00:00:00",10:45:00,"2026-05-24 00:00:00",18:05:00,1,1895,no,no,"no (EMPTY)"
4775,45289,2,closed,"2026-05-25 00:00:00",12:00:00,"2026-05-26 00:00:00",21:20:00,2,1872,no,no,"no (EMPTY)"
4774,45288,2,closed,"2026-05-25 00:00:00",10:38:00,"2026-05-28 00:00:00",08:04,3,1821,no,no,"no (EMPTY)"
4780,45341,2,closed,"2026-05-26 00:00:00",23:50:21,"2026-05-27 00:00:00",11:44,1,1825,no,no,"no (EMPTY)"
4779,45332,2,closed,"2026-05-26 00:00:00",18:33:39,"2026-05-26 00:00:00",20:26,0,1741,no,no,"no (EMPTY)"
4778,45329,2,closed,"2026-05-26 00:00:00",18:00:00,"2026-05-27 00:00:00",12:40:00,1,1952,no,no,"no (EMPTY)"
4777,45308,2,closed,"2026-05-26 00:00:00",10:30:00,"2026-05-26 00:00:00",15:30:00,1,1837,no,no,"no (EMPTY)"
4776,45307,2,closed,"2026-05-26 00:00:00",08:09:00,"2026-05-26 00:00:00",14:00,1,1859,no,no,"no (EMPTY)"
4784,45377,2,closed,"2026-05-27 00:00:00",20:59:00,"2026-05-29 00:00:00",07:50,2,1839,no,no,"no (EMPTY)"
4783,45372,2,closed,"2026-05-27 00:00:00",19:07:13,"2026-05-28 00:00:00",11:30:00,1,1758,no,no,"no (EMPTY)"
4782,45364,2,closed,"2026-05-27 00:00:00",15:16:20,"2026-05-27 00:00:00",20:18,1,1875,no,no,"no (EMPTY)"
4781,45362,2,closed,"2026-05-27 00:00:00",13:49:00,"2026-05-27 00:00:00",21:14,1,1840,no,no,"no (EMPTY)"
4791,45409,2,closed,"2026-05-28 00:00:00",23:33:00,"2026-06-10 00:00:00",21:10:00,13,1790,no,no,"no (EMPTY)"
4790,45408,2,closed,"2026-05-28 00:00:00",21:49:17,"2026-05-31 00:00:00",09:58,3,1877,no,no,"no (EMPTY)"
4789,45406,2,closed,"2026-05-28 00:00:00",20:21:00,"2026-05-29 00:00:00",15:21:00,1,1809,no,no,"no (EMPTY)"
4788,45401,2,closed,"2026-05-28 00:00:00",17:09:55,"2026-05-29 00:00:00",11:43:00,1,1923,no,no,"no (EMPTY)"
4787,45398,2,closed,"2026-05-28 00:00:00",15:58:00,"2026-05-28 00:00:00",19:06,1,1910,no,no,"no (EMPTY)"
4786,45390,2,closed,"2026-05-28 00:00:00",13:12:43,"2026-05-30 00:00:00",09:45,2,1823,no,no,"no (EMPTY)"
4785,45389,2,closed,"2026-05-28 00:00:00",11:47:00,"2026-05-28 00:00:00",16:14,1,1897,no,no,"no (EMPTY)"
4817,45504,2,closed,"2026-05-29 00:00:00",18:01,"2026-06-01 00:00:00",14:40:00,3,1837,no,no,"no (EMPTY)"
4812,45480,2,closed,"2026-05-29 00:00:00",22:50:00,"2026-06-11 00:00:00",16:35:00,13,1794,no,no,"no (EMPTY)"
4798,45437,2,closed,"2026-05-29 00:00:00",21:50:00,"2026-05-31 00:00:00",15:35:00,2,1840,no,no,"no (EMPTY)"
4797,45430,2,closed,"2026-05-29 00:00:00",18:25:00,"2026-05-30 00:00:00",13:59,1,1844,no,no,"no (EMPTY)"
4796,45426,2,closed,"2026-05-29 00:00:00",17:20:00,"2026-05-30 00:00:00",15:54,1,1875,no,no,"no (EMPTY)"
4795,45424,2,closed,"2026-05-29 00:00:00",15:27:18,"2026-06-02 00:00:00",16:45:00,4,1825,no,no,"no (EMPTY)"
4794,45422,2,closed,"2026-05-29 00:00:00",14:59,"2026-05-31 00:00:00",14:06,2,1910,no,no,"no (EMPTY)"
4793,45419,2,closed,"2026-05-29 00:00:00",12:35:00,"2026-05-29 00:00:00",18:10:00,1,1952,no,no,"no (EMPTY)"
4792,45418,2,closed,"2026-05-29 00:00:00",12:50:00,"2026-06-01 00:00:00",12:20:00,3,1813,no,no,"no (EMPTY)"
4803,45455,2,closed,"2026-05-30 00:00:00",20:37:00,"2026-05-31 00:00:00",18:00:00,1,1859,no,no,"no (EMPTY)"
4802,45454,2,closed,"2026-05-30 00:00:00",19:54:00,"2026-05-31 00:00:00",20:15:00,1,1867,no,no,"no (EMPTY)"
4801,45452,2,closed,"2026-05-30 00:00:00",19:08:00,"2026-05-31 00:00:00",21:55:00,1,1869,no,no,"no (EMPTY)"
4800,45450,2,closed,"2026-05-30 00:00:00",16:14:00,"2026-05-30 00:00:00",19:00:00,1,1963,no,no,"no (EMPTY)"
4799,45446,2,closed,"2026-05-30 00:00:00",15:16:00,"2026-05-30 00:00:00",22:40:00,1,1850,no,no,"no (EMPTY)"
4816,45491,2,closed,"2026-05-31 00:00:00",20:45:00,"2026-06-01 00:00:00",16:30:00,1,1885,no,no,"no (EMPTY)"
4815,45487,2,closed,"2026-05-31 00:00:00",18:40:00,"2026-06-01 00:00:00",23:55:00,2,1831,no,no,"no (EMPTY)"
4814,45486,2,closed,"2026-05-31 00:00:00",18:20:30,"2026-05-31 00:00:00",20:25:00,0,1824,no,no,"no (EMPTY)"
4813,45483,2,closed,"2026-05-31 00:00:00",17:30:00,"2026-06-01 00:00:00",10:03,1,1940,no,no,"no (EMPTY)"
4811,45479,2,closed,"2026-05-31 00:00:00",16:01:00,"2026-05-31 00:00:00",16:46:00,0,1923,no,no,"no (EMPTY)"
4810,45476,2,closed,"2026-05-31 00:00:00",15:00:00,"2026-05-31 00:00:00",15:50:00,0,1816,no,no,"no (EMPTY)"
4809,45472,2,closed,"2026-05-31 00:00:00",14:04:00,"2026-05-31 00:00:00",14:34,0,1948,no,no,"no (EMPTY)"
4808,45470,2,closed,"2026-05-31 00:00:00",12:45:47,"2026-06-01 00:00:00",21:20:00,2,1812,no,no,"no (EMPTY)"
4807,45468,2,closed,"2026-05-31 00:00:00",12:14:25,"2026-05-31 00:00:00",16:40:00,1,1927,no,no,"no (EMPTY)"
4806,45467,2,closed,"2026-05-31 00:00:00",12:08:29,"2026-06-01 00:00:00",14:50:00,1,1934,no,no,"no (EMPTY)"
4805,45466,2,closed,"2026-05-31 00:00:00",11:44,"2026-05-31 00:00:00",12:01:00,0,1754,no,no,"no (EMPTY)"
4804,45463,2,closed,"2026-05-31 00:00:00",10:30:45,"2026-05-31 00:00:00",11:48,0,1861,no,no,"no (EMPTY)"
4821,45517,2,closed,"2026-06-01 00:00:00",21:20:00,"2026-06-05 00:00:00",12:32,4,1914,no,no,"no (EMPTY)"
4819,45513,2,closed,"2026-06-01 00:00:00",19:45:00,"2026-06-02 00:00:00",14:57,1,1852,no,no,"no (EMPTY)"
4818,45509,2,closed,"2026-06-01 00:00:00",16:39:05,"2026-06-01 00:00:00",17:55:00,0,1741,no,no,"no (EMPTY)"
4820,45514,2,closed,"2026-06-01 00:00:00",19:58:34,"2026-06-18 00:00:00",15:37,17,1816,no,no,"no (EMPTY)"
4831,45548,2,closed,"2026-06-02 00:00:00",22:26:00,"2026-06-13 00:00:00",15:32,11,1898,no,no,"no (EMPTY)"
4830,45546,2,closed,"2026-06-02 00:00:00",21:39:55,"2026-06-03 00:00:00",18:55:00,1,1939,no,no,"no (EMPTY)"
4829,45544,2,closed,"2026-06-02 00:00:00",21:20:35,"2026-06-04 00:00:00",16:15:00,2,1748,no,no,"no (EMPTY)"
4828,45542,2,closed,"2026-06-02 00:00:00",20:08:45,"2026-06-04 00:00:00",00:05,2,1809,no,no,"no (EMPTY)"
4827,45539,2,closed,"2026-06-02 00:00:00",18:45:47,"2026-06-03 00:00:00",13:29,1,1962,no,no,"no (EMPTY)"
4826,45537,2,closed,"2026-06-02 00:00:00",17:35:00,"2026-06-04 00:00:00",17:45:00,2,1778,no,no,"no (EMPTY)"
4825,45536,5,closed,"2026-06-02 00:00:00",16:53:59,"2026-06-02 00:00:00",16:53:59,0,1957,yes,yes,"no (EMPTY)"
4823,45528,2,closed,"2026-06-02 00:00:00",12:42:00,"2026-06-03 00:00:00",16:25,2,1839,no,no,"no (EMPTY)"
4822,45523,2,closed,"2026-06-02 00:00:00",10:50:00,"2026-06-04 00:00:00",20:35:00,3,1803,no,no,"no (EMPTY)"
4824,45530,2,closed,"2026-06-02 00:00:00",13:59:00,"2026-06-20 00:00:00",16:00:00,19,1873,no,no,"no (EMPTY)"
4842,45577,2,closed,"2026-06-03 00:00:00",21:01:00,"2026-06-03 00:00:00",21:40:00,0,1872,no,no,"no (EMPTY)"
4841,45576,2,closed,"2026-06-03 00:00:00",20:14:00,"2026-06-05 00:00:00",09:25:00,2,1861,no,no,"no (EMPTY)"
4840,45573,2,closed,"2026-06-03 00:00:00",18:52:00,"2026-06-04 00:00:00",11:40:00,1,1844,no,no,"no (EMPTY)"
4839,45571,2,closed,"2026-06-03 00:00:00",18:33:16,"2026-06-03 00:00:00",21:17,1,1854,no,no,"no (EMPTY)"
4838,45567,2,closed,"2026-06-03 00:00:00",17:15:52,"2026-06-04 00:00:00",10:55:00,1,1899,no,no,"no (EMPTY)"
4837,45562,2,closed,"2026-06-03 00:00:00",15:15:00,"2026-06-04 00:00:00",18:20:00,2,1813,no,no,"no (EMPTY)"
4836,45560,2,closed,"2026-06-03 00:00:00",14:10:00,"2026-06-03 00:00:00",22:05,1,1819,no,no,"no (EMPTY)"
4835,45557,2,closed,"2026-06-03 00:00:00",13:05:00,"2026-06-03 00:00:00",13:50:00,0,1912,no,no,"no (EMPTY)"
4834,45556,2,closed,"2026-06-03 00:00:00",12:25:00,"2026-06-03 00:00:00",19:00:00,1,1882,no,no,"no (EMPTY)"
4833,45555,2,closed,"2026-06-03 00:00:00",12:00:00,"2026-06-03 00:00:00",19:00:00,1,1741,no,no,"no (EMPTY)"
4832,45552,2,closed,"2026-06-03 00:00:00",10:45:00,"2026-06-03 00:00:00",12:30:00,0,1852,no,no,"no (EMPTY)"
4849,45605,2,closed,"2026-06-04 00:00:00",18:38:56,"2026-06-05 00:00:00",15:00:00,1,1837,no,no,"no (EMPTY)"
4848,45604,2,closed,"2026-06-04 00:00:00",17:19:26,"2026-06-05 00:00:00",12:24,1,1901,no,no,"no (EMPTY)"
4847,45597,2,closed,"2026-06-04 00:00:00",15:10:02,"2026-06-04 00:00:00",16:20:00,0,1818,no,no,"no (EMPTY)"
4846,45594,2,closed,"2026-06-04 00:00:00",13:20:00,"2026-06-05 00:00:00",19:25:00,2,1863,no,no,"no (EMPTY)"
4845,45592,2,closed,"2026-06-04 00:00:00",12:20:00,"2026-06-05 00:00:00",18:44,2,1887,no,no,"no (EMPTY)"
4844,45590,2,closed,"2026-06-04 00:00:00",11:59,"2026-06-06 00:00:00",17:14,3,1967,no,no,"no (EMPTY)"
4843,45586,2,closed,"2026-06-04 00:00:00",10:30:00,"2026-06-11 00:00:00",22:15:00,8,1961,no,no,"no (EMPTY)"
4854,45630,2,closed,"2026-06-05 00:00:00",21:25:10,"2026-06-06 00:00:00",17:26,1,1840,no,no,"no (EMPTY)"
4853,45629,2,closed,"2026-06-05 00:00:00",23:01,"2026-06-06 00:00:00",07:16,1,1962,no,no,"no (EMPTY)"
4852,45625,2,closed,"2026-06-05 00:00:00",18:31:00,"2026-06-05 00:00:00",20:00:00,0,1893,no,no,"no (EMPTY)"
4851,45624,2,closed,"2026-06-05 00:00:00",18:00:00,"2026-06-13 00:00:00",19:11,8,1830,no,no,"no (EMPTY)"
4850,45621,2,closed,"2026-06-05 00:00:00",15:24:15,"2026-06-05 00:00:00",17:25:00,0,1940,no,no,"no (EMPTY)"
4864,45657,2,closed,"2026-06-06 00:00:00",22:17:00,"2026-06-07 00:00:00",15:57,1,1904,no,no,"no (EMPTY)"
4863,45656,2,closed,"2026-06-06 00:00:00",20:11:00,"2026-06-09 00:00:00",13:18,3,1923,no,no,"no (EMPTY)"
4862,45655,2,closed,"2026-06-06 00:00:00",20:08:55,"2026-06-07 00:00:00",21:10:00,1,1948,no,no,"no (EMPTY)"
4861,45652,2,closed,"2026-06-06 00:00:00",18:04:11,"2026-06-06 00:00:00",20:10:00,0,1920,no,no,"no (EMPTY)"
4859,45645,2,closed,"2026-06-06 00:00:00",16:04:56,"2026-06-07 00:00:00",13:06,1,1888,no,no,"no (EMPTY)"
4858,45644,2,closed,"2026-06-06 00:00:00",11:11:00,"2026-06-07 00:00:00",13:25,1,1875,no,no,"no (EMPTY)"
4857,45642,2,closed,"2026-06-06 00:00:00",14:24:00,"2026-06-07 00:00:00",18:52,2,1957,no,no,"no (EMPTY)"
4856,45639,2,closed,"2026-06-06 00:00:00",13:27:44,"2026-06-06 00:00:00",15:07,0,1897,no,no,"no (EMPTY)"
4855,45637,2,closed,"2026-06-06 00:00:00",11:11:53,"2026-06-06 00:00:00",12:41,0,1875,no,no,"no (EMPTY)"
4860,45646,2,closed,"2026-06-06 00:00:00",15:51:00,"2026-06-14 00:00:00",16:56,8,1844,no,no,"no (EMPTY)"
4870,45680,2,closed,"2026-06-07 00:00:00",22:01:10,"2026-06-09 00:00:00",21:45:00,2,1943,no,no,"no (EMPTY)"
4869,45678,2,closed,"2026-06-07 00:00:00",18:48:21,"2026-06-07 00:00:00",19:30:00,0,1894,no,no,"no (EMPTY)"
4868,45675,2,closed,"2026-06-07 00:00:00",18:03:00,"2026-06-09 00:00:00",12:05:00,2,1912,no,no,"no (EMPTY)"
4867,45674,2,closed,"2026-06-07 00:00:00",18:01:26,"2026-06-13 00:00:00",11:44,6,1895,no,no,"no (EMPTY)"
4866,45666,2,closed,"2026-06-07 00:00:00",13:40:00,"2026-06-09 00:00:00",15:33,2,1823,no,no,"no (EMPTY)"
4865,45660,2,closed,"2026-06-07 00:00:00",11:50:00,"2026-06-07 00:00:00",12:45:00,0,1965,no,no,"no (EMPTY)"
4872,45687,2,closed,"2026-06-08 00:00:00",12:45,"2026-06-14 00:00:00",12:43,6,1962,no,no,"no (EMPTY)"
4871,45686,2,closed,"2026-06-08 00:00:00",11:11:00,"2026-06-10 00:00:00",17:45:00,3,1758,no,no,"no (EMPTY)"
4873,45694,2,closed,"2026-06-08 00:00:00",19:05:00,"2026-06-08 00:00:00",21:25:00,0,1859,no,no,"no (EMPTY)"
4876,45706,2,closed,"2026-06-09 00:00:00",14:14:00,"2026-06-11 00:00:00",14:45:00,2,1876,no,no,"no (EMPTY)"
4875,45703,2,closed,"2026-06-09 00:00:00",13:11:00,"2026-06-18 00:00:00",16:06,10,1854,no,no,"no (EMPTY)"
4877,45709,2,closed,"2026-06-09 00:00:00",16:52:00,"2026-06-09 00:00:00",17:45:00,0,1897,no,no,"no (EMPTY)"
4874,45702,2,closed,"2026-06-09 00:00:00",12:35:00,"2026-06-09 00:00:00",22:10:00,1,1861,no,no,"no (EMPTY)"
4884,45736,2,closed,"2026-06-10 00:00:00",20:37,"2026-06-12 00:00:00",12:00:00,2,1814,no,no,"no (EMPTY)"
4878,45719,2,closed,"2026-06-10 00:00:00",10:53:00,"2026-06-10 00:00:00",11:43:00,0,1776,no,no,"no (EMPTY)"
4883,45733,2,closed,"2026-06-10 00:00:00",19:29:18,"2026-06-13 00:00:00",14:18,3,1877,no,no,"no (EMPTY)"
4882,45732,2,closed,"2026-06-10 00:00:00",18:25:46,"2026-06-11 00:00:00",14:35:00,1,1963,no,no,"no (EMPTY)"
4881,45727,2,closed,"2026-06-10 00:00:00",17:30:00,"2026-06-11 00:00:00",19:10:00,1,1930,no,no,"no (EMPTY)"
4880,45726,2,closed,"2026-06-10 00:00:00",16:08:00,"2026-06-10 00:00:00",16:55:00,0,1781,no,no,"no (EMPTY)"
4879,45721,2,closed,"2026-06-10 00:00:00",12:08:00,"2026-06-10 00:00:00",12:55:00,0,1848,no,no,"no (EMPTY)"
4891,45755,2,closed,"2026-06-11 00:00:00",21:05:00,"2026-06-16 00:00:00",17:20:00,5,1900,no,no,"no (EMPTY)"
4892,45757,2,closed,"2026-06-11 00:00:00",22:00:00,"2026-06-12 00:00:00",17:40:00,1,1843,no,no,"no (EMPTY)"
4890,45752,2,closed,"2026-06-11 00:00:00",19:21:34,"2026-06-12 00:00:00",14:03,1,1850,no,no,"no (EMPTY)"
4889,45751,2,closed,"2026-06-11 00:00:00",18:21,"2026-06-11 00:00:00",18:45:00,0,1908,no,no,"no (EMPTY)"
4888,45748,2,closed,"2026-06-11 00:00:00",14:58:21,"2026-06-14 00:00:00",08:15,3,1867,no,no,"no (EMPTY)"
4887,45746,2,closed,"2026-06-11 00:00:00",13:57:00,"2026-06-11 00:00:00",14:45:00,0,1869,no,no,"no (EMPTY)"
4886,45745,2,closed,"2026-06-11 00:00:00",12:23:00,"2026-06-12 00:00:00",11:45:00,1,1959,no,no,"no (EMPTY)"
4885,45743,2,closed,"2026-06-11 00:00:00",11:44:00,"2026-06-13 00:00:00",07:33,2,1889,no,no,"no (EMPTY)"
4900,45775,2,closed,"2026-06-12 00:00:00",22:17:43,"2026-06-13 00:00:00",20:00:00,1,1819,no,no,"no (EMPTY)"
4899,45774,2,closed,"2026-06-12 00:00:00",20:50:00,"2026-06-17 00:00:00",13:55:00,5,1910,no,no,"no (EMPTY)"
4896,45769,2,closed,"2026-06-12 00:00:00",17:05:00,"2026-06-12 00:00:00",18:00:00,0,1899,no,no,"no (EMPTY)"
4894,45765,2,closed,"2026-06-12 00:00:00",14:00:00,"2026-06-12 00:00:00",15:05:00,0,1754,no,no,"no (EMPTY)"
4893,45760,2,closed,"2026-06-12 00:00:00",11:22:10,"2026-06-12 00:00:00",20:45:00,1,1872,no,no,"no (EMPTY)"
4898,45773,2,closed,"2026-06-12 00:00:00",19:20:00,"2026-06-14 00:00:00",09:07,2,1812,no,no,"no (EMPTY)"
4897,45771,2,closed,"2026-06-12 00:00:00",18:35:07,"2026-06-12 00:00:00",18:51,0,1954,no,no,"no (EMPTY)"
4895,45768,2,closed,"2026-06-12 00:00:00",15:20:00,"2026-06-13 00:00:00",13:27,1,1741,no,no,"no (EMPTY)"
4907,45799,2,closed,"2026-06-13 00:00:00",22:03:00,"2026-06-14 00:00:00",11:00:00,1,1789,no,no,"no (EMPTY)"
4906,45797,2,closed,"2026-06-13 00:00:00",21:09:00,"2026-06-17 00:00:00",19:55:00,4,1840,no,no,"no (EMPTY)"
4905,45796,2,closed,"2026-06-13 00:00:00",19:55:00,"2026-06-15 00:00:00",08:06,2,1790,no,no,"no (EMPTY)"
4904,45795,2,closed,"2026-06-13 00:00:00",19:57:26,"2026-06-14 00:00:00",14:50:00,1,1831,no,no,"no (EMPTY)"
4901,45779,2,closed,"2026-06-13 00:00:00",11:45:00,"2026-06-14 00:00:00",20:40:00,2,1748,no,no,"no (EMPTY)"
4903,45792,2,closed,"2026-06-13 00:00:00",17:50:40,"2026-06-14 00:00:00",11:28,1,1914,no,no,"no (EMPTY)"
4902,45790,2,closed,"2026-06-13 00:00:00",16:04:08,"2026-06-13 00:00:00",21:21,1,1904,no,no,"no (EMPTY)"
4912,45815,2,closed,"2026-06-14 00:00:00",16:46:00,"2026-06-14 00:00:00",18:40:00,0,1859,no,no,"no (EMPTY)"
4911,45814,2,closed,"2026-06-14 00:00:00",14:15:55,"2026-06-14 00:00:00",17:00:00,1,1848,no,no,"no (EMPTY)"
4910,45813,2,closed,"2026-06-14 00:00:00",13:46:00,"2026-06-14 00:00:00",14:55:00,0,1812,no,no,"no (EMPTY)"
4908,45809,2,closed,"2026-06-14 00:00:00",12:13:21,"2026-06-14 00:00:00",12:50:00,0,1897,no,no,"no (EMPTY)"
4909,45812,2,closed,"2026-06-14 00:00:00",12:50:00,"2026-06-14 00:00:00",13:44,1,1917,no,no,"no (EMPTY)"
4913,45822,2,closed,"2026-06-14 00:00:00",21:41:00,"2026-06-15 00:00:00",10:22,1,1967,no,no,"no (EMPTY)"
4917,45842,2,closed,"2026-06-15 00:00:00",19:00:00,"2026-06-20 00:00:00",21:48:00,5,1880,no,no,"no (EMPTY)"
4916,45838,2,closed,"2026-06-15 00:00:00",16:57,"2026-06-15 00:00:00",18:40:00,0,1956,no,no,"no (EMPTY)"
4915,45836,2,closed,"2026-06-15 00:00:00",15:20:00,"2026-06-15 00:00:00",20:20,1,1872,no,no,"no (EMPTY)"
4914,45830,2,closed,"2026-06-15 00:00:00",11:06:00,"2026-06-15 00:00:00",14:25:00,1,1887,no,no,"no (EMPTY)"
4922,45872,2,closed,"2026-06-16 00:00:00",21:37:23,"2026-06-17 00:00:00",17:45:00,1,1912,no,no,"no (EMPTY)"
4921,45871,2,closed,"2026-06-16 00:00:00",19:48,"2026-06-17 00:00:00",17:10:00,1,1962,no,no,"no (EMPTY)"
4920,45857,2,closed,"2026-06-16 00:00:00",13:05:58,"2026-06-18 00:00:00",07:41,2,1839,no,no,"no (EMPTY)"
4919,45856,2,closed,"2026-06-16 00:00:00",11:44:00,"2026-06-17 00:00:00",07:29,1,1794,no,no,"no (EMPTY)"
4918,45854,2,closed,"2026-06-16 00:00:00",10:51:00,"2026-06-17 00:00:00",14:00:00,2,1829,no,no,"no (EMPTY)"
4925,45880,2,closed,"2026-06-17 00:00:00",12:27:55,"2026-06-17 00:00:00",18:45:00,1,1966,no,no,"no (EMPTY)"
4924,45879,2,closed,"2026-06-17 00:00:00",11:55:00,"2026-06-17 00:00:00",21:49,1,1874,no,no,"no (EMPTY)"
4923,45878,2,closed,"2026-06-17 00:00:00",11:06:00,"2026-06-17 00:00:00",18:00,1,1885,no,no,"no (EMPTY)"
4929,45904,1,open,"2026-06-17 00:00:00",21:05:52,,,1,1948,no,no,"no (EMPTY)"
4928,45901,2,closed,"2026-06-17 00:00:00",18:35:00,"2026-06-19 00:00:00",11:45:00,2,1868,no,no,"no (EMPTY)"
4927,45895,2,closed,"2026-06-17 00:00:00",17:02:00,"2026-06-17 00:00:00",17:50:00,0,1861,no,no,"no (EMPTY)"
4926,45891,2,closed,"2026-06-17 00:00:00",15:30:00,"2026-06-17 00:00:00",16:42,0,1825,no,no,"no (EMPTY)"
4937,45932,2,closed,"2026-06-18 00:00:00",22:42:52,"2026-06-20 00:00:00",18:22:00,2,1939,no,no,"no (EMPTY)"
4936,45930,1,open,"2026-06-18 00:00:00",20:25:00,,,1,1849,no,no,"no (EMPTY)"
4933,45922,2,closed,"2026-06-18 00:00:00",16:20:00,"2026-06-20 00:00:00",15:55:00,2,1812,no,no,"no (EMPTY)"
4935,45927,2,closed,"2026-06-18 00:00:00",18:19:32,"2026-06-18 00:00:00",19:30:00,0,1907,no,no,"no (EMPTY)"
4934,45925,2,closed,"2026-06-18 00:00:00",16:52:05,"2026-06-19 00:00:00",17:20:00,1,1778,no,no,"no (EMPTY)"
4932,45915,2,closed,"2026-06-18 00:00:00",12:45:00,"2026-06-18 00:00:00",20:55:00,1,1877,no,no,"no (EMPTY)"
4931,45914,2,closed,"2026-06-18 00:00:00",11:45:00,"2026-06-18 00:00:00",19:47,1,1960,no,no,"no (EMPTY)"
4930,45912,2,closed,"2026-06-18 00:00:00",10:55:00,"2026-06-18 00:00:00",18:15:00,1,1914,no,no,"no (EMPTY)"
4938,45942,1,open,"2026-06-19 00:00:00",12:25:00,,,1,1821,no,no,"no (EMPTY)"
4941,45963,1,open,"2026-06-19 00:00:00",22:47:39,,,1,1967,no,no,"no (EMPTY)"
4940,45961,2,closed,"2026-06-19 00:00:00",21:35:11,"2026-06-20 00:00:00",19:17:00,1,1882,no,no,"no (EMPTY)"
4939,45953,2,closed,"2026-06-19 00:00:00",17:50:00,"2026-06-20 00:00:00",19:51:00,1,1840,no,no,"no (EMPTY)"
4949,45983,1,open,"2026-06-20 00:00:00",22:29:00,,,1,1897,no,no,"no (EMPTY)"
4948,45982,1,open,"2026-06-20 00:00:00",22:09:00,,,1,1805,no,no,"no (EMPTY)"
4947,45981,1,open,"2026-06-20 00:00:00",20:45:00,,,1,1748,no,no,"no (EMPTY)"
4946,45977,2,closed,"2026-06-20 00:00:00",15:19:33,"2026-06-20 00:00:00",17:31:00,0,1781,no,no,"no (EMPTY)"
4945,45974,1,open,"2026-06-20 00:00:00",13:30:00,,,1,1795,no,no,"no (EMPTY)"
4944,45973,1,open,"2026-06-20 00:00:00",12:44:18,,,1,1794,no,no,"no (EMPTY)"
4943,45971,2,closed,"2026-06-20 00:00:00",12:15:14,"2026-06-20 00:00:00",17:25:00,1,1910,no,no,"no (EMPTY)"
4942,45970,2,closed,"2026-06-20 00:00:00",11:17:09,"2026-06-20 00:00:00",16:20:00,1,1829,no,no,"no (EMPTY)"
4951,45990,1,open,"2026-06-21 00:00:00",11:38:00,,,1,1850,no,no,"no (EMPTY)"
4950,45989,5,closed,"2026-06-21 00:00:00",11:47:53,"2026-06-21 00:00:00",11:47:53,0,1850,yes,yes,"no (EMPTY)"
4952,45992,1,open,"2026-06-21 00:00:00",13:58:00,,,1,1895,no,no,"no (EMPTY)"
